{"morning": {"1": 0.18082163687902308, "2": 0.0884033503271755, "3": 0.13245572080004037, "4": 0.0831691272421664, "5": 0.09519738016639596, "6": 0.08699427827151185, "7": 0.10230126382792715, "8": 0.040554084597384535, "9": 0.04418396500937521, "10": 0.056760239411427195, "11": 0.042289664011978485, "12": 0.04686928945559411, "start": 1.0, "end": 7.0}, "noon": {"13": 0.17524857434489632, "14": 0.07079832499585599, "15": 0.09075331458709039, "16": 0.05863819714557759, "17": 0.08534853873558196, "18": 0.09024597942090264, "7": 0.09596612560568345, "8": 0.06499780822659999, "9": 0.05657028715904176, "10": 0.07351101148450297, "11": 0.07591267223102609, "12": 0.06200916606324084, "start": 7.0, "end": 13.0}, "afternoon": {"13": 0.22454551166389095, "14": 0.10711054749609104, "15": 0.1640204240046406, "16": 0.0915032108715579, "17": 0.08391457269658625, "18": 0.04421266064324053, "19": 0.0777692587669266, "20": 0.021242908895223934, "21": 0.03842774362068047, "22": 0.06402271733719364, "23": 0.03698628941355487, "12": 0.046244154590413006, "start": 13.0, "end": 15.0}, "evening": {"13": 0.15126070031608405, "14": 0.07761480382652391, "15": 0.1443268259334657, "16": 0.08461372468796607, "17": 0.09504113057509134, "18": 0.08037433078067868, "19": 0.09927799569032504, "20": 0.03742229316951046, "21": 0.054989383470326614, "22": 0.07249912941996506, "23": 0.05366537312568005, "24": 0.048914309004383025, "start": 15.0, "end": 24.0}, "night": {"1": 0.1870230985214902, "2": 0.07312965861853754, "3": 0.1671791633802011, "16": 0.13738980387416383, "17": 0.10276245276640479, "18": 0.06032857861562617, "19": 0.054113281090074496, "20": 0.030199548878074533, "21": 0.043281832502540155, "22": 0.05888633344449469, "23": 0.0420928945850096, "24": 0.04361335372338284, "start": 24.0, "end": 1.0}}