{"morning": {"1": 0.08513976588736709, "2": 0.06734014067074781, "3": 0.058332584142596976, "4": 0.07902577899294604, "5": 0.12086281654892446, "6": 0.08209717852273785, "7": 0.08522970784279163, "8": 0.061516090032265415, "9": 0.05040546481682369, "10": 0.11111771980853939, "11": 0.10814526370055211, "12": 0.09078748903370752}, "noon": {"1": 0.11514736193791537, "2": 0.079684719159595, "3": 0.05536284515447019, "4": 0.09755929039135114, "5": 0.12724445222475209, "6": 0.07738839218149168, "7": 0.06968848880645387, "8": 0.062305301658802006, "9": 0.048033945663063085, "10": 0.0927563870222063, "11": 0.09628940084441136, "12": 0.07853941495548789}, "afternoon": {"1": 0.07277133033753923, "2": 0.06467445392541193, "3": 0.04626246385974481, "4": 0.08428081854745968, "5": 0.14789084063434196, "6": 0.10393663489930441, "7": 0.09388057975308682, "8": 0.07000581358374579, "9": 0.058928206035854226, "10": 0.09224345858773397, "11": 0.0926285896268398, "12": 0.07249681020893738}, "evening": {"1": 0.08964389127467645, "2": 0.07834111805075261, "3": 0.04427085312794894, "4": 0.09375932440851259, "5": 0.14256089625875643, "6": 0.09349323772959789, "7": 0.07892504641510271, "8": 0.06215078216516726, "9": 0.04621542944830338, "10": 0.08869506915593568, "11": 0.0986369162162257, "12": 0.08330743574902036}, "night": {"1": 0.07722292859046202, "2": 0.053717197221678295, "3": 0.04578039023604112, "4": 0.054325905267378814, "5": 0.08910065728098474, "6": 0.08148450684850257, "7": 0.08768861744114442, "8": 0.0625811517555747, "9": 0.05043000878013256, "10": 0.14699346870551439, "11": 0.13184544497181278, "12": 0.11882972290077362}}