{"morning": {"1": 0.16307629922427241, "2": 0.1301731317087318, "3": 0.08953462560450227, "4": 0.09922966411465092, "5": 0.14521546991687365, "6": 0.06570709744509788, "7": 0.06929224036837105, "8": 0.04106764188201496, "9": 0.04149773404161316, "10": 0.08334752114865598, "11": 0.04350970209891901, "12": 0.028348872446296913, "start": 1.0, "end": 5.0}, "noon": {"13": 0.11750027732308581, "14": 0.117094675718488, "15": 0.07505221315886892, "16": 0.10538340864141651, "5": 0.1613761840938199, "6": 0.06836551853638703, "7": 0.08850023480962085, "8": 0.04849668502248652, "9": 0.04358667202577032, "10": 0.10862772724433126, "11": 0.04184662203850564, "12": 0.024169781387219206, "start": 5.0, "end": 10.0}, "afternoon": {"13": 0.165514156225675, "14": 0.1449644452088475, "15": 0.10861314788220088, "16": 0.0829709129036127, "5": 0.15473765647475274, "6": 0.06032601308138698, "19": 0.05409584253474142, "8": 0.03018617019590275, "21": 0.030216617436842286, "10": 0.08590307848581621, "11": 0.045203660423316444, "12": 0.03726829914690496, "start": 10.0, "end": 13.0}, "evening": {"13": 0.165514156225675, "14": 0.1449644452088475, "15": 0.10861314788220088, "16": 0.0829709129036127, "17": 0.15473765647475274, "18": 0.06032601308138698, "19": 0.05409584253474142, "20": 0.03018617019590275, "21": 0.030216617436842286, "22": 0.08590307848581621, "23": 0.045203660423316444, "12": 0.03726829914690496, "start": 13.0, "end": 17.0}, "night": {"1": 0.14250915867188366, "2": 0.11936232974737233, "3": 0.08321393764655595, "4": 0.1184940261433564, "17": 0.13867581936005982, "18": 0.0710507626407809, "19": 0.06742344077269749, "20": 0.03876059091135409, "21": 0.036514546894382716, "22": 0.08691098213128051, "23": 0.0534677261197339, "24": 0.04361667896054205, "start": 17.0, "end": 1.0}}