{"morning": {"1": 0.15335556534355047, "2": 0.08573699670778619, "3": 0.0764255729464466, "4": 0.04460013660787171, "5": 0.09388898302989315, "6": 0.06132727655341573, "7": 0.1067291800595063, "8": 0.047565635769513746, "9": 0.034928058926171054, "10": 0.12245699967801682, "11": 0.09728466602162894, "12": 0.07570092835619908}, "noon": {"1": 0.1483856793771803, "2": 0.10755848149234999, "3": 0.08863962197792381, "4": 0.07533746059756814, "5": 0.14833201088814538, "6": 0.034459673637171916, "7": 0.09958254337485359, "8": 0.06087955627471039, "9": 0.03330444958691934, "10": 0.08949038387949276, "11": 0.07595638244146868, "12": 0.03807375647221582}, "afternoon": {"1": 0.14914238766279764, "2": 0.10770899056192958, "3": 0.0753408713451072, "4": 0.045769429469087096, "5": 0.09617812220556014, "6": 0.06449343884594151, "7": 0.10272368553106463, "8": 0.05681851571636427, "9": 0.029541871160678156, "10": 0.11308297471886664, "11": 0.08398698710930509, "12": 0.07521272567329805}, "evening": {"1": 0.16801189679364137, "2": 0.11989908798947976, "3": 0.07832335110445984, "4": 0.03676725636725019, "5": 0.11189625371806029, "6": 0.04723083293467878, "7": 0.1122412271107373, "8": 0.0329574428709824, "9": 0.01655813781377885, "10": 0.10882723198662528, "11": 0.09490494606498052, "12": 0.07238233524532542}, "night": {"1": 0.23490144137862118, "2": 0.19025274420987862, "3": 0.14107339220166687, "4": 0.022427791789917457, "5": 0.09152043739465983, "6": 0.0289097830276286, "7": 0.09386066395037718, "8": 0.014505797016853913, "9": 0.012260679534457652, "10": 0.05658666569759183, "11": 0.07071272289065103, "12": 0.042987880907695813}}