{"morning": {"13": 0.15335556534355047, "14": 0.08573699670778619, "3": 0.0764255729464466, "4": 0.04460013660787171, "5": 0.09388898302989315, "6": 0.06132727655341573, "7": 0.1067291800595063, "8": 0.047565635769513746, "9": 0.034928058926171054, "10": 0.12245699967801682, "11": 0.09728466602162894, "12": 0.07570092835619908, "start": 3.0, "end": 13.0}, "noon": {"13": 0.1483856793771803, "14": 0.10755848149234999, "15": 0.08863962197792381, "16": 0.07533746059756814, "17": 0.14833201088814538, "18": 0.034459673637171916, "19": 0.09958254337485359, "20": 0.06087955627471039, "21": 0.03330444958691934, "22": 0.08949038387949276, "11": 0.07595638244146868, "12": 0.03807375647221582, "start": 13.0, "end": 17.0}, "afternoon": {"13": 0.14914238766279764, "14": 0.10770899056192958, "3": 0.0753408713451072, "4": 0.045769429469087096, "17": 0.09617812220556014, "18": 0.06449343884594151, "19": 0.10272368553106463, "20": 0.05681851571636427, "21": 0.029541871160678156, "22": 0.11308297471886664, "23": 0.08398698710930509, "12": 0.07521272567329805, "start": 17.0, "end": 22.0}, "evening": {"13": 0.16801189679364137, "14": 0.11989908798947976, "15": 0.07832335110445984, "4": 0.03676725636725019, "5": 0.11189625371806029, "6": 0.04723083293467878, "7": 0.1122412271107373, "8": 0.0329574428709824, "9": 0.01655813781377885, "22": 0.10882723198662528, "23": 0.09490494606498052, "24": 0.07238233524532542, "start": 22.0, "end": 24.0}, "night": {"1": 0.23490144137862118, "2": 0.19025274420987862, "3": 0.14107339220166687, "4": 0.022427791789917457, "5": 0.09152043739465983, "6": 0.0289097830276286, "7": 0.09386066395037718, "8": 0.014505797016853913, "9": 0.012260679534457652, "10": 0.05658666569759183, "23": 0.07071272289065103, "24": 0.042987880907695813, "start": 24.0, "end": 3.0}}