{"morning": {"1": 0.04952365831693463, "14": 0.037472050023862315, "3": 0.05079832054437701, "16": 0.05558942868003451, "17": 0.04749639781635369, "18": 0.049316605187453, "7": 0.09087775892572056, "20": 0.059080283940351884, "21": 0.049879890396319584, "10": 0.22185573401307224, "11": 0.1353988432984618, "12": 0.15271102885705878, "start": 10.0, "end": 12.0}, "noon": {"13": 0.06820651486548039, "14": 0.0595956366871111, "15": 0.05348078842343823, "16": 0.07220305683642697, "17": 0.06891525875376188, "18": 0.06070966889345344, "19": 0.07911671455817963, "20": 0.06822938045029173, "21": 0.04629888423838283, "22": 0.19132816258329316, "11": 0.094109304212623, "12": 0.13780662949755768, "start": 12.0, "end": 22.0}, "afternoon": {"13": 0.08537950956032068, "14": 0.055687996478424526, "15": 0.06476673035115416, "16": 0.07085032294924094, "17": 0.06794914289728149, "18": 0.06114209447587553, "19": 0.09036387281645955, "20": 0.07684423163836601, "21": 0.05057760794515387, "22": 0.1723775570631258, "23": 0.08982114021039966, "24": 0.11423979361419778, "start": 22.0, "end": 24.0}, "night": {"1": 0.04229331845851839, "2": 0.04667678394449061, "3": 0.042638508398083794, "4": 0.05862252316726606, "5": 0.06004956783582914, "6": 0.04471510419384371, "7": 0.06611183843568197, "8": 0.05089095579899661, "9": 0.02222033268999621, "10": 0.38445935837074136, "23": 0.07993005273540574, "24": 0.10139165597114637, "start": 24.0, "end": 10.0}}