{"morning": {"1": 0.2276447557969671, "2": 0.13352341640540066, "3": 0.12192591469365491, "4": 0.11096771421438237, "5": 0.08139977814040301, "6": 0.04629479515169385, "7": 0.040478030277040146, "8": 0.03666133454865904, "9": 0.040930247913436246, "10": 0.07201764246405275, "11": 0.036541257734874696, "12": 0.051615112659435095, "start": 0.9999999999999992, "end": 2.0}, "noon": {"13": 0.2938856050738494, "2": 0.11694542315074367, "3": 0.104289432494881, "16": 0.09860012887718804, "5": 0.07569578464031929, "18": 0.047762640749433344, "19": 0.04264387738116085, "20": 0.030977202395017767, "9": 0.040191033042037735, "10": 0.058633895521283154, "11": 0.041789397982826486, "12": 0.048585578691259526, "start": 2.0, "end": 3.0}, "afternoon": {"13": 0.21740125889377074, "14": 0.12034135800562347, "3": 0.12272231670922876, "4": 0.11952103631041307, "5": 0.07818937395967611, "6": 0.04818139872958091, "7": 0.04422394010042928, "8": 0.03781727680078628, "9": 0.03954238031235571, "10": 0.07117174526542956, "11": 0.04150255810057965, "12": 0.05938535681212668, "start": 3.0, "end": 13.0}, "evening": {"13": 0.21446313895439317, "14": 0.1559690381564975, "15": 0.12914946063414862, "16": 0.11012671105703334, "5": 0.0695887844831637, "18": 0.04237619114701595, "19": 0.03792146404869561, "20": 0.03526187777409937, "21": 0.040427580311720814, "10": 0.07498136954487414, "23": 0.044127865801537026, "24": 0.0456065180868207, "start": 13.0, "end": 14.0}, "night": {"1": 0.20839022861679415, "14": 0.16873416666754512, "15": 0.13307524458859912, "16": 0.10846332263921965, "17": 0.09090325659111907, "18": 0.0369597775678933, "19": 0.04437728311859818, "20": 0.04143888512074046, "21": 0.040622444145473925, "22": 0.05757058185122571, "23": 0.026485691178423084, "24": 0.04297911791436805, "start": 14.0, "end": 0.9999999999999992}}