{"morning": {"13": 0.04408670661883511, "2": 0.09084023451416093, "3": 0.07491781649984633, "4": 0.07015577417583091, "5": 0.0780573364383839, "6": 0.07960272998544185, "7": 0.06419475583869312, "8": 0.06029686005862987, "9": 0.061291425419176704, "10": 0.12804711207616978, "11": 0.07745760335360075, "12": 0.17105164502123074, "start": 2.0, "end": 10.0}, "noon": {"13": 0.04034512333727105, "14": 0.09462911014504613, "15": 0.062349904137864495, "16": 0.06852550180190758, "17": 0.06779780898192235, "18": 0.07435008766275254, "19": 0.056072076623189526, "20": 0.06312468106075614, "21": 0.06570274195971185, "10": 0.13010865741954986, "11": 0.07824010738892506, "12": 0.19875419948110343, "start": 10.0, "end": 12.0}, "afternoon": {"13": 0.0465661814288688, "14": 0.10630236285014869, "3": 0.06571579153864501, "4": 0.059246203126633167, "5": 0.06991449671397512, "6": 0.07234143554116063, "7": 0.06042659398368647, "8": 0.06287494527211379, "9": 0.06707701868955206, "10": 0.133955742422722, "11": 0.0807492193430822, "12": 0.1748300090894122, "start": 12.0, "end": 14.0}, "evening": {"13": 0.05615996027493817, "14": 0.10741215884675592, "15": 0.10007180792970145, "16": 0.07307700628748626, "17": 0.08880380542724373, "18": 0.0770032251103058, "19": 0.07612383203748853, "20": 0.06589040639574484, "21": 0.06930147177246312, "22": 0.08848994721904066, "23": 0.06805395562309934, "24": 0.1296124230757322, "start": 14.0, "end": 24.0}, "night": {"1": 0.05435023855050192, "2": 0.10203785432464092, "3": 0.08235288398928547, "16": 0.0665852337978482, "5": 0.07609510066092254, "6": 0.06973112945575057, "7": 0.07056999019969923, "8": 0.06003362085252575, "9": 0.06755587601728394, "22": 0.11333630197718651, "23": 0.0781865231107838, "24": 0.15916524706357116, "start": 24.0, "end": 2.0}}