{"morning": {"1": 0.053034777925382304, "2": 0.07157735709025966, "3": 0.1320442086383441, "4": 0.10475778398137052, "5": 0.10931396884723431, "6": 0.09789530241684544, "7": 0.08701041613055795, "8": 0.0638197214105067, "9": 0.06935125297989164, "10": 0.12723271410839224, "11": 0.04173887060808584, "12": 0.04222362586312916}, "noon": {"1": 0.05304772519259987, "2": 0.09509189708078333, "3": 0.1519019204574394, "4": 0.1365712984911131, "5": 0.11997970768305627, "6": 0.0995581855340294, "7": 0.07539792544082424, "8": 0.06249783056668157, "9": 0.049861282604549834, "10": 0.08910846550468356, "11": 0.028826517791468526, "12": 0.038157243652770956}, "afternoon": {"1": 0.0450192891689841, "2": 0.1386260275588441, "3": 0.18778952961822112, "4": 0.12527815824890293, "5": 0.1051072174809066, "6": 0.08528740625607373, "7": 0.0602847503708972, "8": 0.05228569479258486, "9": 0.04070193056394076, "10": 0.09115151672244051, "11": 0.031213364938669785, "12": 0.03725511427953434}, "evening": {"1": 0.055989253588484146, "2": 0.09754791009238578, "3": 0.15717057264161727, "4": 0.1275842325088073, "5": 0.11126735111076547, "6": 0.1029040742409959, "7": 0.07321256944776641, "8": 0.06488323833277315, "9": 0.05041174846465541, "10": 0.0956915631471978, "11": 0.030696379470175505, "12": 0.03264110695437603}, "night": {"1": 0.0473735417746098, "2": 0.07703606695739214, "3": 0.16070729024545893, "4": 0.10588979551836053, "5": 0.11589250697035106, "6": 0.1084611158638642, "7": 0.08446039612237129, "8": 0.05570305031772279, "9": 0.06504112891594141, "10": 0.10003562460776265, "11": 0.040310159571079876, "12": 0.03908932313508536}}