{"morning": {"13": 0.053034777925382304, "14": 0.07157735709025966, "3": 0.1320442086383441, "4": 0.10475778398137052, "5": 0.10931396884723431, "6": 0.09789530241684544, "7": 0.08701041613055795, "8": 0.0638197214105067, "9": 0.06935125297989164, "10": 0.12723271410839224, "11": 0.04173887060808584, "12": 0.04222362586312916, "start": 3.0, "end": 10.0}, "noon": {"13": 0.05304772519259987, "14": 0.09509189708078333, "15": 0.1519019204574394, "16": 0.1365712984911131, "17": 0.11997970768305627, "6": 0.0995581855340294, "7": 0.07539792544082424, "8": 0.06249783056668157, "21": 0.049861282604549834, "10": 0.08910846550468356, "11": 0.028826517791468526, "12": 0.038157243652770956, "start": 10.0, "end": 14.0}, "afternoon": {"13": 0.0450192891689841, "14": 0.1386260275588441, "15": 0.18778952961822112, "16": 0.12527815824890293, "17": 0.1051072174809066, "18": 0.08528740625607373, "19": 0.0602847503708972, "8": 0.05228569479258486, "21": 0.04070193056394076, "22": 0.09115151672244051, "23": 0.031213364938669785, "12": 0.03725511427953434, "start": 14.0, "end": 15.0}, "evening": {"13": 0.055989253588484146, "14": 0.09754791009238578, "15": 0.15717057264161727, "16": 0.1275842325088073, "17": 0.11126735111076547, "18": 0.1029040742409959, "19": 0.07321256944776641, "20": 0.06488323833277315, "21": 0.05041174846465541, "22": 0.0956915631471978, "23": 0.030696379470175505, "24": 0.03264110695437603, "start": 15.0, "end": 17.0}, "night": {"1": 0.0473735417746098, "2": 0.07703606695739214, "3": 0.16070729024545893, "4": 0.10588979551836053, "17": 0.11589250697035106, "18": 0.1084611158638642, "19": 0.08446039612237129, "20": 0.05570305031772279, "21": 0.06504112891594141, "22": 0.10003562460776265, "23": 0.040310159571079876, "24": 0.03908932313508536, "start": 17.0, "end": 3.0}}