{"morning": {"1": 0.1682628170392671, "2": 0.0708371752835786, "3": 0.07757945432421283, "4": 0.04842138001239589, "5": 0.0898936866139685, "6": 0.041837587530979985, "7": 0.05671807725772806, "8": 0.0524287199505399, "9": 0.05783332033134553, "10": 0.16782614835761642, "11": 0.08377106729767084, "12": 0.08459056600069652}, "noon": {"1": 0.12947137383862578, "2": 0.04027554909764066, "3": 0.03532650688816973, "4": 0.045509425478053755, "5": 0.13006242909659232, "6": 0.09270767462748102, "7": 0.15888603997762984, "8": 0.06163766694462305, "9": 0.08219779900248134, "10": 0.10564173226512699, "11": 0.05442335455534447, "12": 0.06386044822823102}, "afternoon": {"1": 0.13037898797850236, "2": 0.10051132712166388, "3": 0.09962520771718596, "4": 0.0470732052127274, "5": 0.08495423166810241, "6": 0.055560904280516486, "7": 0.07660614634963883, "8": 0.053549074501891614, "9": 0.05074043450038233, "10": 0.17349266776917657, "11": 0.07009163374021952, "12": 0.05741617915999247}, "evening": {"1": 0.23408283749276584, "2": 0.08537349207161318, "3": 0.09606625669657821, "4": 0.05348784802323032, "5": 0.07439130809646481, "6": 0.04395348637584008, "7": 0.04411717113785963, "8": 0.03548766340788773, "9": 0.0619785043124647, "10": 0.14930398991144814, "11": 0.07734698769884527, "12": 0.044410454775002314}, "night": {"1": 0.16753984864746846, "2": 0.10456891864226592, "3": 0.11141494843658044, "4": 0.08304476538373665, "5": 0.10050760665532077, "6": 0.05782130843668254, "7": 0.052411981014104804, "8": 0.036931895478119155, "9": 0.038908505145566784, "10": 0.1302159488009884, "11": 0.05959233010381091, "12": 0.057041943255355144}}