{"morning": {"1": 0.1205255269692556, "2": 0.05103748452347913, "3": 0.12436229301840243, "4": 0.09884375115217629, "5": 0.05365333917990648, "6": 0.06334547522434851, "7": 0.14170323679788452, "8": 0.10442923231867118, "9": 0.10196127483987391, "10": 0.04390752311180139, "11": 0.043747130338627316, "12": 0.052483732525573215}, "noon": {"1": 0.09686337418223315, "2": 0.06764986836660337, "3": 0.1000081044727235, "4": 0.1466215959226916, "5": 0.07864365427994982, "6": 0.05219436428150122, "7": 0.1118615931762517, "8": 0.13209369883559066, "9": 0.06805941599277418, "10": 0.05125493262533981, "11": 0.02375923376979632, "12": 0.07099016409454462}, "afternoon": {"1": 0.06622982676671227, "2": 0.0461700272291836, "3": 0.08500991100221322, "4": 0.13264054954533305, "5": 0.07749568886999407, "6": 0.0441641319432204, "7": 0.0951076724110799, "8": 0.13032057499993177, "9": 0.11532750058884564, "10": 0.08039465174190226, "11": 0.05029345916643394, "12": 0.07684600573514988}, "evening": {"1": 0.07160420891708913, "2": 0.04482103671052858, "3": 0.0981367773037136, "4": 0.0863565736744216, "5": 0.048693261763558794, "6": 0.06523385951993955, "7": 0.14196460315364903, "8": 0.15607057720332926, "9": 0.14197442994617376, "10": 0.04905797604099081, "11": 0.04489303082822427, "12": 0.05119366493838162}, "night": {"1": 0.12160273633021204, "2": 0.057296778331293485, "3": 0.06866686464107138, "4": 0.07116235451737993, "5": 0.040604683324915875, "6": 0.06290765207126911, "7": 0.13289304484266365, "8": 0.13898257065388353, "9": 0.13245123463605063, "10": 0.06282309707881663, "11": 0.061234549523733625, "12": 0.049374434048710135}}