{"morning": {"1": 0.07434772007444974, "2": 0.10841321426279728, "3": 0.08687122462720948, "16": 0.11270488642789551, "17": 0.11155792859625568, "18": 0.08002355122181906, "7": 0.06475307866839644, "8": 0.07756440340871927, "9": 0.041845836715604864, "10": 0.1012715771101566, "11": 0.04980219547736911, "12": 0.09084438340932711, "start": 1.0, "end": 2.0}, "noon": {"13": 0.06394987314261945, "2": 0.11388701656609528, "3": 0.08942032325217078, "4": 0.1326256447969809, "5": 0.11557255277540127, "6": 0.08063014158149581, "7": 0.06375347219514794, "8": 0.08481794017158902, "9": 0.03700704131347771, "10": 0.09779438499716897, "11": 0.03895182213207954, "12": 0.08158978707577333, "start": 2.0, "end": 5.0}, "afternoon": {"13": 0.06461582619849641, "14": 0.09833577440480426, "15": 0.0846637904435221, "16": 0.1260138324461721, "5": 0.11037940860624844, "6": 0.08356952315937902, "7": 0.0646950607251656, "8": 0.08957884294430452, "9": 0.04351378861774159, "10": 0.09479809954526044, "11": 0.04635302234197571, "12": 0.09348303056692985, "start": 5.0, "end": 16.0}, "evening": {"13": 0.06657764665728916, "14": 0.10059261996799496, "15": 0.09305730426941863, "16": 0.13527356746056504, "17": 0.1148248307502395, "18": 0.07995624075104277, "19": 0.06311757524498089, "20": 0.08018201223409505, "21": 0.04068181672227096, "22": 0.09595739262618122, "23": 0.04272414839905234, "24": 0.08705484491686943, "start": 16.0, "end": 17.0}, "night": {"1": 0.04164405248924644, "2": 0.07658652384760467, "3": 0.0688844468119946, "4": 0.09888741934473438, "17": 0.10526783748494953, "18": 0.08865675031019463, "19": 0.07251590029227126, "20": 0.08033653499408906, "21": 0.04806831044987431, "22": 0.13613221019960314, "23": 0.05820538092885136, "24": 0.12481463284658663, "start": 17.0, "end": 1.0}}