{"morning": {"1": 0.13451647519881324, "2": 0.20736262751840293, "3": 0.09375880685032299, "4": 0.09520855325564807, "5": 0.0771502560126367, "6": 0.0429157224303348, "7": 0.044236413752724225, "8": 0.03362912502167738, "9": 0.028504834723784067, "10": 0.11440104037883722, "11": 0.07766010258588166, "12": 0.05065604227093669}, "noon": {"1": 0.1581408642523102, "2": 0.2000639205701235, "3": 0.08327414282543559, "4": 0.1121391428829936, "5": 0.08520555205255874, "6": 0.0383164500509627, "7": 0.03506683878548207, "8": 0.024253994233880395, "9": 0.029938822737628417, "10": 0.10695752238138871, "11": 0.07794415118435942, "12": 0.04869859804287686}, "afternoon": {"1": 0.1472711795901753, "2": 0.23879825291685966, "3": 0.09455868763649083, "4": 0.09638266336256236, "5": 0.07931927782330543, "6": 0.040800576431525286, "7": 0.03281153113386749, "8": 0.024591113065011078, "9": 0.02204561102481295, "10": 0.10830440268934889, "11": 0.06655596050657939, "12": 0.04856074381946151}, "evening": {"1": 0.18911192091980078, "2": 0.2502317416734615, "3": 0.1350053761254248, "4": 0.07697755902303895, "5": 0.08391200931898062, "6": 0.04232744654203812, "7": 0.03288466966016475, "8": 0.02516758136032306, "9": 0.02330899825077477, "10": 0.06580582123814274, "11": 0.03720251690772409, "12": 0.03806435898012565}, "night": {"1": 0.1551322950250254, "2": 0.2438839591978723, "3": 0.09735884862501884, "4": 0.08181522040625396, "5": 0.08651155485336684, "6": 0.041170523247052636, "7": 0.03887932812808056, "8": 0.029077208120471137, "9": 0.02391556634167874, "10": 0.11156641926240066, "11": 0.04483326697985658, "12": 0.045855809812922324}}