{"morning": {"1": 0.1528207806649028, "2": 0.12123346949510443, "3": 0.1529149016989821, "4": 0.06995865738603836, "5": 0.09887759331975299, "6": 0.07082994949504358, "7": 0.07557994008769081, "8": 0.047328916091085006, "9": 0.04353135307469093, "10": 0.11593044489000759, "11": 0.02518273261240945, "12": 0.025811261184291966}, "noon": {"1": 0.27545712802883143, "2": 0.09442216706008252, "3": 0.13658997991047914, "4": 0.051354064037459776, "5": 0.10656296005410008, "6": 0.040804378581925906, "7": 0.062446357452714464, "8": 0.029978072612438456, "9": 0.03121954555954179, "10": 0.12711259010742507, "11": 0.027942601409076034, "12": 0.016110155185925526}, "afternoon": {"1": 0.1768427896867021, "2": 0.1383954806234032, "3": 0.16984081106021892, "4": 0.07430312475443854, "5": 0.12459260223575579, "6": 0.020020129758878225, "7": 0.04507574724999841, "8": 0.017096458216494283, "9": 0.016826577955991358, "10": 0.1720153320088328, "11": 0.03279553526628702, "12": 0.012195411182999348}, "evening": {"1": 0.22549893863361206, "2": 0.11439476040594858, "3": 0.16257481280372577, "4": 0.06358620478672074, "5": 0.11019754391432733, "6": 0.0672076988259746, "7": 0.06132460657577153, "8": 0.03145317992902304, "9": 0.02897730117729218, "10": 0.09824714423056707, "11": 0.01771865199139503, "12": 0.01881915672564189}, "night": {"1": 0.15155632610240163, "2": 0.14431772549476043, "3": 0.18005799927641136, "4": 0.06074083274737816, "5": 0.09992340554346749, "6": 0.02693924474961624, "7": 0.06125949144711673, "8": 0.0325069111185707, "9": 0.0269909921193687, "10": 0.15632814999797376, "11": 0.028861432273587357, "12": 0.030517489129347437}}