{"morning": {"1": 0.1528207806649028, "2": 0.12123346949510443, "3": 0.1529149016989821, "4": 0.06995865738603836, "5": 0.09887759331975299, "6": 0.07082994949504358, "7": 0.07557994008769081, "8": 0.047328916091085006, "9": 0.04353135307469093, "10": 0.11593044489000759, "11": 0.02518273261240945, "12": 0.025811261184291966, "start": 3.0, "end": 10.0}, "noon": {"13": 0.27545712802883143, "2": 0.09442216706008252, "3": 0.13658997991047914, "4": 0.051354064037459776, "17": 0.10656296005410008, "18": 0.040804378581925906, "19": 0.062446357452714464, "20": 0.029978072612438456, "21": 0.03121954555954179, "10": 0.12711259010742507, "11": 0.027942601409076034, "12": 0.016110155185925526, "start": 10.0, "end": 13.0}, "afternoon": {"13": 0.1768427896867021, "14": 0.1383954806234032, "15": 0.16984081106021892, "4": 0.07430312475443854, "5": 0.12459260223575579, "6": 0.020020129758878225, "7": 0.04507574724999841, "20": 0.017096458216494283, "9": 0.016826577955991358, "10": 0.1720153320088328, "23": 0.03279553526628702, "12": 0.012195411182999348, "start": 13.0, "end": 15.0}, "evening": {"13": 0.22549893863361206, "14": 0.11439476040594858, "15": 0.16257481280372577, "16": 0.06358620478672074, "17": 0.11019754391432733, "18": 0.0672076988259746, "19": 0.06132460657577153, "20": 0.03145317992902304, "21": 0.02897730117729218, "22": 0.09824714423056707, "23": 0.01771865199139503, "24": 0.01881915672564189, "start": 15.0, "end": 22.0}, "night": {"1": 0.15155632610240163, "2": 0.14431772549476043, "3": 0.18005799927641136, "4": 0.06074083274737816, "5": 0.09992340554346749, "6": 0.02693924474961624, "19": 0.06125949144711673, "20": 0.0325069111185707, "21": 0.0269909921193687, "22": 0.15632814999797376, "23": 0.028861432273587357, "24": 0.030517489129347437, "start": 22.0, "end": 3.0}}