{"morning": {"1": 0.11108598897938687, "2": 0.11433781164217936, "3": 0.13923887099349477, "4": 0.09627577151091612, "5": 0.0791637015419726, "6": 0.05665671385413751, "7": 0.06670735912705897, "8": 0.05316666334584332, "9": 0.06487366969725271, "10": 0.07897924252440061, "11": 0.055641525232465086, "12": 0.08387268155089209}, "noon": {"1": 0.11355502334763412, "2": 0.10821875258164619, "3": 0.13230345432654894, "4": 0.09953659777953383, "5": 0.0811635806934929, "6": 0.054267004648919426, "7": 0.06042004815699398, "8": 0.054304617149273336, "9": 0.061857369543831996, "10": 0.0844630452183504, "11": 0.055490690411727814, "12": 0.09441981614204707}, "afternoon": {"1": 0.10392358365672978, "2": 0.11583579822327242, "3": 0.14837919523783766, "4": 0.1022139066423241, "5": 0.08009662458986254, "6": 0.05578613877462955, "7": 0.06091993802713519, "8": 0.0507181662152524, "9": 0.058323071499164936, "10": 0.08662589888016008, "11": 0.0553681929594218, "12": 0.08180948529420955}, "evening": {"1": 0.1162309722943871, "2": 0.11456150179488273, "3": 0.13235563686867133, "4": 0.09469880559134994, "5": 0.0762619209947253, "6": 0.054675683946739495, "7": 0.07065704304248493, "8": 0.05768565651150477, "9": 0.07013491064023548, "10": 0.0751864498359032, "11": 0.05110694006094251, "12": 0.08644447841817321}, "night": {"1": 0.11814419683343459, "2": 0.11858506859190657, "3": 0.13767149648602145, "4": 0.09574109937691504, "5": 0.07785351432513704, "6": 0.05483277774906457, "7": 0.06743536591308757, "8": 0.057092310254456644, "9": 0.0703992278528344, "10": 0.06818426302930852, "11": 0.050767158163583286, "12": 0.08329352142425024}}