{"morning": {"1": 0.1780692943885185, "2": 0.0, "3": 0.34139202646113415, "4": 0.14112689973897602, "5": 0.19710826538242107, "6": 0.060262235936471786, "7": 0.0, "8": 0.0, "9": 0.0, "10": 0.0820412780924785, "11": 0.0, "12": 0.0}, "noon": {"1": 0.44712531204137684, "2": 0.0, "3": 0.2600108471191648, "4": 0.045350805020481444, "5": 0.1514325614493983, "6": 0.005562058974277169, "7": 0.0, "8": 0.0, "9": 0.0, "10": 0.09051841539530144, "11": 0.0, "12": 0.0}, "afternoon": {"1": 0.2066922940646499, "2": 0.0, "3": 0.489983376033088, "4": 0.09344933425625393, "5": 0.10472293147857821, "6": 0.047384231566933645, "7": 0.0, "8": 0.0, "9": 0.0, "10": 0.05776783260049637, "11": 0.0, "12": 0.0}, "evening": {"1": 0.2927684000129531, "2": 0.0, "3": 0.416966156100099, "4": 0.08171209353280989, "5": 0.11759985116043851, "6": 0.04055994156773428, "7": 0.0, "8": 0.0, "9": 0.0, "10": 0.0503935576259652, "11": 0.0, "12": 0.0}, "night": {"1": 0.3452216147738426, "2": 0.0, "3": 0.4023857218188642, "4": 0.0717972971522226, "5": 0.09090353935167864, "6": 0.0, "7": 0.0, "8": 0.0, "9": 0.0, "10": 0.08969182690339203, "11": 0.0, "12": 0.0}}