{"morning": {"1": 0.1780692943885185, "14": 0.0, "3": 0.34139202646113415, "4": 0.14112689973897602, "5": 0.19710826538242107, "6": 0.060262235936471786, "19": 0.0, "8": 0.0, "9": 0.0, "10": 0.0820412780924785, "11": 0.0, "12": 0.0, "start": 3.0, "end": 5.0}, "noon": {"13": 0.44712531204137684, "14": 0.0, "15": 0.2600108471191648, "16": 0.045350805020481444, "5": 0.1514325614493983, "6": 0.005562058974277169, "19": 0.0, "20": 0.0, "9": 0.0, "10": 0.09051841539530144, "11": 0.0, "12": 0.0, "start": 5.0, "end": 13.0}, "afternoon": {"13": 0.2066922940646499, "14": 0.0, "15": 0.489983376033088, "16": 0.09344933425625393, "17": 0.10472293147857821, "6": 0.047384231566933645, "19": 0.0, "20": 0.0, "21": 0.0, "10": 0.05776783260049637, "11": 0.0, "12": 0.0, "start": 13.0, "end": 15.0}, "evening": {"13": 0.2927684000129531, "14": 0.0, "15": 0.416966156100099, "16": 0.08171209353280989, "17": 0.11759985116043851, "18": 0.04055994156773428, "19": 0.0, "20": 0.0, "21": 0.0, "22": 0.0503935576259652, "11": 0.0, "12": 0.0, "start": 15.0, "end": 22.0}, "night": {"1": 0.3452216147738426, "14": 0.0, "3": 0.4023857218188642, "4": 0.0717972971522226, "5": 0.09090353935167864, "18": 0.0, "19": 0.0, "20": 0.0, "21": 0.0, "22": 0.08969182690339203, "23": 0.0, "12": 0.0, "start": 22.0, "end": 3.0}}