{"morning": {"1": 0.06582879340155179, "2": 0.05012720803033689, "3": 0.21608257677020856, "4": 0.1261969863505063, "5": 0.15759850433143086, "6": 0.04622774922374691, "7": 0.2036755233383893, "8": 0.07943987854258547, "9": 0.02750205567829528, "10": 0.021732710610931866, "11": 0.005588013722016623, "12": 0.0}, "noon": {"1": 0.05399958160773231, "2": 0.10921298721994935, "3": 0.2695412510269856, "4": 0.23846249582192414, "5": 0.15983073976619594, "6": 0.022327347588763896, "7": 0.08805557108248149, "8": 0.025456722209305505, "9": 0.0144235141108956, "10": 0.014088263394619313, "11": 0.004601526171146835, "12": 0.0}, "afternoon": {"1": 0.06071064782982014, "2": 0.03987296360850215, "3": 0.25728611414298874, "4": 0.1613236470094353, "5": 0.11350741361965903, "6": 0.0677820403926139, "7": 0.15367187836542034, "8": 0.08083989171660516, "9": 0.03213687761353634, "10": 0.023097914273928512, "11": 0.009770611427490307, "12": 0.0}, "evening": {"1": 0.08963263674551589, "2": 0.08007009757478559, "3": 0.2762145097167091, "4": 0.161149026594906, "5": 0.06337760292919106, "6": 0.0228834930737841, "7": 0.1939264220779821, "8": 0.032204315722680496, "9": 0.037901871616414576, "10": 0.03566328266987882, "11": 0.0069767412781523, "12": 0.0}, "night": {"1": 0.08822703492167765, "2": 0.06879886178179806, "3": 0.2118415388484353, "4": 0.09279886630817288, "5": 0.07720534760091909, "6": 0.07104768665706175, "7": 0.2008798991022837, "8": 0.06806999910788734, "9": 0.05488597591036872, "10": 0.064047896919782, "11": 0.0021968928416134796, "12": 0.0}}