{"morning": {"1": 0.3599292208982055, "2": 0.2398942873574137, "3": 0.03861767696842101, "4": 0.0020847122356053805, "5": 0.0, "6": 0.18119552487081253, "7": 0.0, "8": 0.0, "9": 0.0, "10": 0.17827857766954192, "11": 0.0, "12": 0.0}, "noon": {"1": 0.2731331382096084, "2": 0.25811857272076766, "3": 0.08718871875043656, "4": 0.0, "5": 0.0, "6": 0.1848119459897468, "7": 0.0, "8": 0.0, "9": 0.0, "10": 0.1967476243294406, "11": 0.0, "12": 0.0}, "afternoon": {"1": 0.2519757061724001, "2": 0.20879912148631502, "3": 0.09982388320355864, "4": 0.0, "5": 0.0, "6": 0.30778013993914416, "7": 0.0, "8": 0.0, "9": 0.0, "10": 0.13162114919858192, "11": 0.0, "12": 0.0}, "evening": {"1": 0.1777376775232677, "2": 0.28121415212805, "3": 0.08922682583424085, "4": 0.0012621899461661456, "5": 0.0, "6": 0.30815391619970944, "7": 0.0, "8": 0.0, "9": 0.0, "10": 0.14240523836856583, "11": 0.0, "12": 0.0}, "night": {"1": 0.37623738592865896, "2": 0.1495632086111443, "3": 0.10380526360199646, "4": 0.004209919836962239, "5": 0.0, "6": 0.22302039152636755, "7": 0.0, "8": 0.0, "9": 0.0, "10": 0.14316383049487044, "11": 0.0, "12": 0.0}}