{"morning": {"13": 0.006100286806271514, "14": 0.08118881925625979, "3": 0.09625067832679174, "4": 0.10152542004513165, "5": 0.2210460962607536, "6": 0.10314197411331882, "7": 0.08415450643754022, "8": 0.060915968284139047, "9": 0.08150946194568875, "10": 0.07662953765037939, "11": 0.02352894498083773, "12": 0.06400830589288772, "start": 3.0, "end": 4.0}, "noon": {"13": 0.005849650204816537, "14": 0.07144761312585088, "15": 0.07982108499057548, "4": 0.15037059659015714, "5": 0.21469624687582947, "18": 0.09530955917453895, "19": 0.05516718246606657, "8": 0.06894831977769042, "21": 0.11418701640374089, "10": 0.07170625884563393, "11": 0.0258611674044948, "12": 0.04663530414060473, "start": 4.0, "end": 5.0}, "afternoon": {"13": 0.005875690797537411, "14": 0.05514280114114267, "15": 0.05908511075617767, "16": 0.13686703426977143, "5": 0.24488683831231733, "6": 0.10096815829555912, "7": 0.06434244398439184, "8": 0.07587300534908428, "9": 0.11670124000909896, "10": 0.06320723396298956, "11": 0.028208493200659886, "12": 0.048841949921269875, "start": 5.0, "end": 16.0}, "evening": {"13": 0.005465974986603349, "14": 0.06101799806564127, "15": 0.0753030486082005, "16": 0.22132338863474038, "17": 0.2000280143602792, "18": 0.08227410062702063, "19": 0.05775552944061106, "20": 0.06646849204174791, "21": 0.08798748688047583, "22": 0.05669185413599141, "23": 0.04254269755609744, "24": 0.04314141466259099, "start": 16.0, "end": 17.0}, "night": {"1": 0.013591721619409585, "2": 0.07185445749821404, "3": 0.0956679366573733, "4": 0.06207029889134939, "17": 0.1840849139130153, "18": 0.09470914818000081, "19": 0.09536860299891195, "20": 0.10228024689202941, "21": 0.09136435228426958, "22": 0.0938569337713452, "23": 0.03380336011718597, "24": 0.06134802717689545, "start": 17.0, "end": 3.0}}