{"morning": {"1": 0.09296913762570419, "2": 0.14887986445165696, "3": 0.193413786930533, "4": 0.07137376336701452, "5": 0.10252407503693446, "6": 0.088829122490404, "7": 0.1214082769598747, "8": 0.05117338888219474, "9": 0.03895658931425504, "10": 0.05469097451545767, "11": 0.017351161416749677, "12": 0.018429859009220874}, "noon": {"1": 0.1460394379023947, "2": 0.10605474511665788, "3": 0.22845470530697756, "4": 0.06796522704675247, "5": 0.15753807450422783, "6": 0.0681048409604505, "7": 0.08084224155133828, "8": 0.054344000091507215, "9": 0.04524386462416067, "10": 0.026012269472748605, "11": 0.00915939942300688, "12": 0.010241193999777595}, "afternoon": {"1": 0.1154553224799006, "2": 0.19358765344572812, "3": 0.18124644918335975, "4": 0.06253250479932114, "5": 0.10280200042023016, "6": 0.08110268884483626, "7": 0.10800862957160444, "8": 0.04884816405279697, "9": 0.03791939632178113, "10": 0.042366506024413976, "11": 0.008272752604379695, "12": 0.01785793225164759}, "evening": {"1": 0.16926793588391192, "2": 0.17148513459975798, "3": 0.17324851557616008, "4": 0.059553456479025435, "5": 0.09615560539786161, "6": 0.0901694363926143, "7": 0.09956288500955851, "8": 0.044473712317213046, "9": 0.03772160184318515, "10": 0.04187776724450947, "11": 0.006768641536899704, "12": 0.009715307719302997}, "night": {"1": 0.3212463750376362, "2": 0.1336746387894469, "3": 0.1583709864004156, "4": 0.05514678556734693, "5": 0.0857039501322023, "6": 0.05041433751145874, "7": 0.06825292068915037, "8": 0.015435247233838259, "9": 0.03175701167352503, "10": 0.05637038679745194, "11": 0.021067524464805934, "12": 0.0025598357027219773}}