{"morning": {"1": 0.20980945749329166, "2": 0.28259737709287613, "3": 0.1678532894877745, "4": 0.11927576496020145, "5": 0.0666466476847134, "6": 0.012425568912874456, "7": 0.07020550076191165, "8": 0.050449072060853535, "9": 0.0, "10": 0.020737321545503205, "11": 0.0, "12": 0.0, "start": 1.0, "end": 2.0}, "noon": {"13": 0.1869739830150265, "2": 0.2330732957305514, "3": 0.07975172757029778, "4": 0.13533957816830525, "5": 0.23383761262530936, "6": 0.024658141330864927, "7": 0.05607446371138024, "8": 0.03594540536481839, "9": 0.0, "10": 0.01434579248344614, "11": 0.0, "12": 0.0, "start": 2.0, "end": 5.0}, "afternoon": {"13": 0.16028197870420155, "14": 0.23786412278541486, "15": 0.1007077571343268, "16": 0.1741329217218905, "5": 0.10751236226523879, "6": 0.05841153622402906, "7": 0.08552473839063066, "8": 0.06150724342300008, "21": 0.0, "10": 0.014057339351267873, "11": 0.0, "12": 0.0, "start": 5.0, "end": 13.0}, "evening": {"13": 0.2930228549172989, "14": 0.31766606320550095, "15": 0.13367522722562708, "16": 0.04558522726687391, "17": 0.06202591596569986, "18": 0.017609540542918155, "19": 0.07379618599615864, "20": 0.039385236872923966, "21": 0.0, "22": 0.01723374800699872, "11": 0.0, "12": 0.0, "start": 13.0, "end": 14.0}, "night": {"1": 0.1984919337773985, "14": 0.26724445574159755, "15": 0.25764562686989273, "16": 0.0984910096496107, "17": 0.05561822867465377, "18": 0.05320849005140488, "19": 0.033554804101383104, "20": 0.020837171181970128, "21": 0.0, "22": 0.014908279952088604, "23": 0.0, "12": 0.0, "start": 14.0, "end": 1.0}}