{"before morning": {"1": 0.4129729914440888, "2": 0.0, "3": 0.13740746721295888, "4": 0.030747880854289054, "5": 0.07890890390743731, "6": 0.0, "7": 0.13740245062278736, "8": 0.12840810402318914, "9": 0.0, "10": 0.0741522019352496, "11": 0.0, "12": 0.0}, "morning": {"1": 0.4823008710675397, "2": 0.0, "3": 0.10102610125838665, "4": 0.041488128118737456, "5": 0.07681140800447224, "6": 0.0, "7": 0.1092005787792416, "8": 0.1270705345667305, "9": 0.0, "10": 0.06210237820489165, "11": 0.0, "12": 0.0}, "noon": {"1": 0.30573201563440716, "2": 0.0, "3": 0.15142329040149488, "4": 0.08346638798194289, "5": 0.1240150491909194, "6": 0.0, "7": 0.10567420583100488, "8": 0.1667703330441981, "9": 0.0, "10": 0.06291871791603262, "11": 0.0, "12": 0.0}, "afternoon": {"1": 0.4415075445477415, "2": 0.0, "3": 0.12129696553846316, "4": 0.03761843712373964, "5": 0.055681775649200606, "6": 0.0, "7": 0.16883719950233553, "8": 0.09786215161336612, "9": 0.0, "10": 0.0771959260251535, "11": 0.0, "12": 0.0}, "evening": {"1": 0.47552631649121996, "2": 0.0, "3": 0.11897490696180588, "4": 0.05607955310036582, "5": 0.07022948635500961, "6": 0.0, "7": 0.15117448849656265, "8": 0.06212198631824277, "9": 0.0, "10": 0.06589326227679324, "11": 0.0, "12": 0.0}, "night": {"1": 0.5328989514223084, "2": 0.0, "3": 0.11870405885657562, "4": 0.03558342339719965, "5": 0.040538553781528756, "6": 0.0, "7": 0.12314735946140709, "8": 0.05924339782161151, "9": 0.0, "10": 0.08988425525936898, "11": 0.0, "12": 0.0}}