{"morning": {"1": 0.4823008710675397, "14": 0.0, "3": 0.10102610125838665, "4": 0.041488128118737456, "5": 0.07681140800447224, "18": 0.0, "7": 0.1092005787792416, "8": 0.1270705345667305, "9": 0.0, "10": 0.06210237820489165, "11": 0.0, "12": 0.0, "start": 1.0, "end": 3.0}, "noon": {"13": 0.30573201563440716, "14": 0.0, "3": 0.15142329040149488, "4": 0.08346638798194289, "5": 0.1240150491909194, "18": 0.0, "7": 0.10567420583100488, "20": 0.1667703330441981, "9": 0.0, "10": 0.06291871791603262, "11": 0.0, "12": 0.0, "start": 3.0, "end": 7.0}, "afternoon": {"13": 0.4415075445477415, "14": 0.0, "15": 0.12129696553846316, "16": 0.03761843712373964, "17": 0.055681775649200606, "18": 0.0, "7": 0.16883719950233553, "8": 0.09786215161336612, "21": 0.0, "10": 0.0771959260251535, "11": 0.0, "12": 0.0, "start": 7.0, "end": 13.0}, "evening": {"13": 0.47552631649121996, "14": 0.0, "15": 0.11897490696180588, "16": 0.05607955310036582, "17": 0.07022948635500961, "18": 0.0, "19": 0.15117448849656265, "20": 0.06212198631824277, "21": 0.0, "22": 0.06589326227679324, "11": 0.0, "12": 0.0, "start": 13.0, "end": 19.0}, "night": {"1": 0.5328989514223084, "14": 0.0, "3": 0.11870405885657562, "16": 0.03558342339719965, "17": 0.040538553781528756, "18": 0.0, "19": 0.12314735946140709, "20": 0.05924339782161151, "21": 0.0, "22": 0.08988425525936898, "23": 0.0, "12": 0.0, "start": 19.0, "end": 1.0}}