{"morning": {"13": 0.11740168374449773, "2": 0.3333351412111697, "3": 0.1892541243145096, "4": 0.2774178068226748, "17": 0.0, "18": 0.0, "7": 0.08259124390714809, "8": 0.0, "9": 0.0, "10": 0.0, "11": 0.0, "12": 0.0, "start": 2.0, "end": 4.0}, "noon": {"13": 0.19971172962890246, "14": 0.30360962138897035, "3": 0.17347661332066017, "4": 0.24495903070007247, "17": 0.0, "18": 0.0, "7": 0.07824300496139465, "20": 0.0, "9": 0.0, "10": 0.0, "11": 0.0, "12": 0.0, "start": 4.0, "end": 14.0}, "afternoon": {"13": 0.0943549491321681, "14": 0.4844047742408549, "15": 0.19268741268736073, "16": 0.17839589074399478, "17": 0.0, "18": 0.0, "19": 0.05015697319562142, "20": 0.0, "21": 0.0, "10": 0.0, "11": 0.0, "12": 0.0, "start": 14.0, "end": 14.999999999999998}, "evening": {"13": 0.16149825853388947, "14": 0.3503083706686718, "15": 0.19451603097957293, "16": 0.21279077658007162, "17": 0.0, "18": 0.0, "19": 0.08088656323779435, "20": 0.0, "21": 0.0, "22": 0.0, "11": 0.0, "12": 0.0, "start": 14.999999999999998, "end": 15.999999999999998}, "night": {"1": 0.12668646059867059, "2": 0.3871498897078338, "14": 0.17004926301124434, "16": 0.2259865881057838, "17": 0.0, "18": 0.0, "19": 0.0901277985764675, "20": 0.0, "21": 0.0, "22": 0.0, "23": 0.0, "12": 0.0, "start": 15.999999999999998, "end": 2.0}}