{"morning": {"1": 0.7656931254167093, "2": 0.03784148128555483, "3": 0.056841462337251535, "4": 0.03853726281033982, "5": 0.0352245109122253, "6": 0.027919443910704066, "7": 0.0075713584942128705, "8": 0.017495918887195615, "9": 0.010734588224990831, "10": 0.002140847720815812, "11": 0.0, "12": 0.0, "start": 1.0, "end": 2.0}, "noon": {"13": 0.5474868711643663, "2": 0.07745875492846464, "3": 0.080811605754984, "4": 0.03620334095838807, "5": 0.04923798557003881, "6": 0.04681265602032214, "7": 0.015611490859392285, "8": 0.09332767980058534, "9": 0.029964486488788737, "10": 0.02308512845466969, "11": 0.0, "12": 0.0, "start": 2.0, "end": 3.0}, "afternoon": {"13": 0.571565481696623, "14": 0.07593584192976215, "3": 0.09163935951109224, "4": 0.0406622261997038, "5": 0.05900058011287109, "6": 0.041313489901755825, "7": 0.015590725912543573, "8": 0.0495891600427501, "9": 0.02673377583289289, "10": 0.027969358860005598, "11": 0.0, "12": 0.0, "start": 3.0, "end": 13.0}, "evening": {"13": 0.6892080549415075, "14": 0.07926030343202463, "15": 0.0713034871087294, "16": 0.03776448393980107, "17": 0.028418285988566067, "18": 0.02142916213645773, "19": 0.007650550910419335, "20": 0.04076888327812933, "21": 0.009509264061980941, "10": 0.01468752420238397, "11": 0.0, "12": 0.0, "start": 13.0, "end": 14.0}, "night": {"1": 0.6131820281765414, "14": 0.08314297933437986, "15": 0.09379824413155959, "16": 0.035815090401843296, "17": 0.03534512552930655, "18": 0.04081220417553582, "19": 0.012789909961765607, "20": 0.05401837285596855, "21": 0.012481750841756088, "22": 0.018614294591343207, "23": 0.0, "12": 0.0, "start": 14.0, "end": 1.0}}