{"morning": {"1": 0.0, "2": 0.24991767871585205, "3": 0.05406297724521973, "4": 0.6960193440389283, "5": 0.0, "6": 0.0, "7": 0.0, "8": 0.0, "9": 0.0, "10": 0.0, "11": 0.0, "12": 0.0}, "noon": {"1": 0.0, "2": 0.03157708456472061, "3": 0.13849445058904153, "4": 0.7184229154352794, "5": 0.0, "6": 0.0, "7": 0.0, "8": 0.0, "9": 0.0, "10": 0.11150554941095848, "11": 0.0, "12": 0.0}, "afternoon": {"1": 0.0, "2": 0.06300510579240973, "3": 0.0, "4": 0.9369948942075903, "5": 0.0, "6": 0.0, "7": 0.0, "8": 0.0, "9": 0.0, "10": 0.0, "11": 0.0, "12": 0.0}, "evening": {"1": 0.0, "2": 0.1564067120965193, "3": 0.08405516319766052, "4": 0.7595381247058202, "5": 0.0, "6": 0.0, "7": 0.0, "8": 0.0, "9": 0.0, "10": 0.0, "11": 0.0, "12": 0.0}, "night": {"1": 0.0, "2": 0.5086320347181299, "3": 0.022758046155594115, "4": 0.4686099191262761, "5": 0.0, "6": 0.0, "7": 0.0, "8": 0.0, "9": 0.0, "10": 0.0, "11": 0.0, "12": 0.0}}