{"morning": {"1": 0.13636094036812269, "2": 0.05068321171823546, "3": 0.06788355953880128, "4": 0.09481380973218473, "5": 0.17218381701314606, "6": 0.2151616287127939, "7": 0.0783468101551547, "8": 0.06440769426731466, "21": 0.032000524995105716, "10": 0.01062666362719401, "11": 0.024660903783208753, "12": 0.05287043608873821, "start": 1.0, "end": 5.0}, "noon": {"13": 0.13227699652262276, "2": 0.056335801457412724, "3": 0.08244877042699303, "16": 0.10896300583368648, "5": 0.17604521086298514, "6": 0.2092943539648985, "7": 0.0703056982188073, "20": 0.06388492971749235, "21": 0.021880175688215413, "10": 0.013541876775242212, "11": 0.018033091370526347, "12": 0.04699008916111765, "start": 5.0, "end": 6.0}, "afternoon": {"13": 0.11411172680214446, "14": 0.058386661495254163, "15": 0.09167454333025495, "16": 0.11826665925223752, "17": 0.18421660288943723, "6": 0.1974127175734035, "7": 0.05859280263996921, "8": 0.07005591328639507, "9": 0.02395735398055538, "10": 0.011910687600363937, "11": 0.021513954340738783, "12": 0.04990037680924584, "start": 6.0, "end": 17.0}, "evening": {"13": 0.12913098440042517, "14": 0.05338022856853643, "15": 0.07978001671782742, "4": 0.1039494303081655, "17": 0.184174956180737, "18": 0.19481395321889522, "19": 0.08030963651020151, "20": 0.06151434283480291, "21": 0.029480941531067617, "22": 0.011513396458984937, "23": 0.023156832088498808, "24": 0.04879528118185753, "start": 17.0, "end": 18.0}, "night": {"1": 0.1381117773541667, "2": 0.04667031678982829, "3": 0.0653189248981148, "4": 0.06941838883535408, "5": 0.18956563689153935, "18": 0.19884167812816633, "19": 0.08931301825408641, "20": 0.07695732328615426, "21": 0.0385811599772304, "22": 0.0136068471104752, "23": 0.02650574657117501, "24": 0.047109181903709205, "start": 18.0, "end": 1.0}}