{"morning": {"1": 0.15080772847332197, "2": 0.4514411897589351, "3": 0.21987607094629932, "4": 0.0184385307748276, "5": 0.13761164127002384, "6": 0.021824838776592227, "7": 0.0, "8": 0.0, "9": 0.0, "10": 0.0, "11": 0.0, "12": 0.0}, "noon": {"1": 0.016722012847260274, "2": 0.8127958994306976, "3": 0.1467272797888064, "4": 0.01628797384334956, "5": 0.0074668340898861926, "6": 0.0, "7": 0.0, "8": 0.0, "9": 0.0, "10": 0.0, "11": 0.0, "12": 0.0}, "afternoon": {"1": 0.010017676159658609, "2": 0.7218157200424803, "3": 0.17916257923095938, "4": 0.06487840146506321, "5": 0.024125623101838505, "6": 0.0, "7": 0.0, "8": 0.0, "9": 0.0, "10": 0.0, "11": 0.0, "12": 0.0}, "evening": {"1": 0.15081930616822128, "2": 0.5998862000115871, "3": 0.13937370034826965, "4": 0.019635938501182913, "5": 0.059317563090410905, "6": 0.0309672918803283, "7": 0.0, "8": 0.0, "9": 0.0, "10": 0.0, "11": 0.0, "12": 0.0}, "night": {"1": 0.07829024323874871, "2": 0.6534415839931067, "3": 0.16338069934255336, "4": 0.025460987653831386, "5": 0.0191674906377843, "6": 0.06025899513397561, "7": 0.0, "8": 0.0, "9": 0.0, "10": 0.0, "11": 0.0, "12": 0.0}}