{"morning": {"13": 0.15080772847332197, "2": 0.4514411897589351, "3": 0.21987607094629932, "4": 0.0184385307748276, "5": 0.13761164127002384, "6": 0.021824838776592227, "19": 0.0, "8": 0.0, "9": 0.0, "10": 0.0, "11": 0.0, "12": 0.0, "start": 2.0, "end": 13.0}, "noon": {"13": 0.016722012847260274, "14": 0.8127958994306976, "15": 0.1467272797888064, "16": 0.01628797384334956, "17": 0.0074668340898861926, "18": 0.0, "19": 0.0, "20": 0.0, "9": 0.0, "10": 0.0, "11": 0.0, "12": 0.0, "start": 13.0, "end": 14.0}, "afternoon": {"13": 0.010017676159658609, "14": 0.7218157200424803, "15": 0.17916257923095938, "4": 0.06487840146506321, "5": 0.024125623101838505, "18": 0.0, "19": 0.0, "20": 0.0, "21": 0.0, "10": 0.0, "11": 0.0, "12": 0.0, "start": 14.0, "end": 15.0}, "evening": {"13": 0.15081930616822128, "14": 0.5998862000115871, "15": 0.13937370034826965, "16": 0.019635938501182913, "17": 0.059317563090410905, "18": 0.0309672918803283, "19": 0.0, "20": 0.0, "21": 0.0, "22": 0.0, "11": 0.0, "12": 0.0, "start": 15.0, "end": 18.0}, "night": {"1": 0.07829024323874871, "2": 0.6534415839931067, "3": 0.16338069934255336, "4": 0.025460987653831386, "5": 0.0191674906377843, "18": 0.06025899513397561, "19": 0.0, "20": 0.0, "21": 0.0, "22": 0.0, "23": 0.0, "12": 0.0, "start": 18.0, "end": 2.0}}