{"morning": {"13": 0.08749675852835676, "14": 0.1295011936205154, "15": 0.13478371223343827, "16": 0.04467329989046499, "17": 0.05638823456456572, "6": 0.2167479705881906, "7": 0.1740172472803885, "8": 0.03821922214069734, "9": 0.05045446141484431, "10": 0.03663146569140112, "11": 0.030232578762632172, "12": 0.0008538552845047769, "start": 6.0, "end": 7.0}, "noon": {"13": 0.08501984510680696, "14": 0.14724797949692703, "15": 0.11162662157315865, "16": 0.038177338712817165, "17": 0.040027655822341385, "18": 0.19350261479150366, "7": 0.17902178302570373, "8": 0.03408315462378271, "9": 0.006309770446398321, "10": 0.15263717683883934, "11": 0.00621630419619128, "12": 0.006129755365529951, "start": 7.0, "end": 18.0}, "afternoon": {"13": 0.06100468142781603, "14": 0.09576060012354443, "15": 0.11913255313929824, "16": 0.056625713135169696, "17": 0.09572370725614818, "18": 0.27101503539382044, "19": 0.14650976001334784, "20": 0.04522801157362549, "21": 0.04429121544461351, "22": 0.04069885486374412, "23": 0.024009867628871816, "12": 0.0, "start": 18.0, "end": 19.0}, "night": {"1": 0.12515225825650841, "2": 0.14264854044398492, "3": 0.15304538223724554, "4": 0.05772385837345957, "5": 0.08501108364024659, "6": 0.15751611236552862, "19": 0.17765057133368414, "20": 0.019850442912690204, "21": 0.050181072698880544, "22": 0.018978789070203478, "23": 0.010173464889545894, "24": 0.002068423778022099, "start": 19.0, "end": 6.0}}