{"morning": {"1": 0.506609674057155, "2": 0.08523711281863947, "3": 0.19491427296671854, "4": 0.04058843521289622, "5": 0.05898535809676349, "6": 0.010134241954938667, "7": 0.04666883129418022, "8": 0.028505696755527714, "9": 0.0, "10": 0.0027389145255783936, "11": 0.0, "12": 0.025617462317602327, "start": 1.0, "end": 3.0}, "noon": {"13": 0.3673221784195712, "2": 0.11368301086397185, "3": 0.18756246648020106, "4": 0.052911792846944576, "5": 0.1128834976333067, "6": 0.014091240010631327, "7": 0.053624740723675755, "8": 0.05421658890683175, "9": 0.0, "10": 0.007964049858045955, "11": 0.0, "12": 0.03574043425681981, "start": 3.0, "end": 13.0}, "afternoon": {"13": 0.5148519752780576, "14": 0.09008732014546272, "15": 0.16701110724171245, "16": 0.03103378780049546, "17": 0.09886408447639526, "18": 0.016984043198778942, "19": 0.021501394818929813, "20": 0.028901191212062364, "21": 0.0, "22": 0.011805728265554602, "11": 0.0, "12": 0.01895936756255083, "start": 13.0, "end": 17.0}, "evening": {"13": 0.5270556039770271, "14": 0.06564588056263934, "15": 0.047682083675433765, "4": 0.056384461353639004, "17": 0.062005462405531855, "18": 0.13340883476498783, "19": 0.03489529878965846, "20": 0.040743860320100925, "21": 0.0, "22": 0.004064884863998747, "11": 0.0, "24": 0.028113629286982744, "start": 17.0, "end": 24.0}, "night": {"1": 0.6547045264916732, "2": 0.0717714525988846, "3": 0.14860086264092598, "4": 0.024525359417395996, "5": 0.049435356558659486, "6": 0.004146557989244691, "7": 0.02225989699581389, "20": 0.015837012869873053, "21": 0.0, "22": 0.0025922723315706785, "23": 0.0, "24": 0.006126702105958258, "start": 24.0, "end": 1.0}}