{"morning": {"1": 0.4789525545034364, "2": 0.17023701557702714, "3": 0.1360749514675495, "4": 0.01246091322708322, "5": 0.06316243738035801, "6": 0.0360301656427887, "19": 0.0, "8": 0.0, "9": 0.0, "10": 0.10308196220175707, "11": 0.0, "12": 0.0, "start": 1.0, "end": 2.0}, "noon": {"13": 0.4898880203355226, "2": 0.10159975282984854, "3": 0.18356389425356023, "4": 0.021558474223997922, "5": 0.05910967299401275, "6": 0.05097096363301662, "19": 0.0, "20": 0.0, "9": 0.0, "10": 0.09330922173004133, "11": 0.0, "12": 0.0, "start": 2.0, "end": 3.0}, "afternoon": {"13": 0.41626688116646704, "14": 0.11294995550887021, "3": 0.15909102189980776, "4": 0.01707147624058136, "5": 0.07588833695699157, "6": 0.037715050902426966, "19": 0.0, "20": 0.0, "21": 0.0, "10": 0.18101727732485512, "11": 0.0, "12": 0.0, "start": 3.0, "end": 13.0}, "evening": {"13": 0.4848573191071165, "14": 0.091104950549512, "15": 0.19547819659804214, "16": 0.015599299590979637, "17": 0.057191058670536386, "18": 0.03854101404262808, "19": 0.0, "20": 0.0, "21": 0.0, "22": 0.11722816144118535, "11": 0.0, "12": 0.0, "start": 13.0, "end": 22.0}, "night": {"1": 0.37867826971675445, "2": 0.057468248821255195, "3": 0.1083259314617073, "16": 0.009785447788721906, "17": 0.048871924358125714, "18": 0.03991911480364654, "19": 0.0, "20": 0.0, "21": 0.0, "22": 0.35695106304978885, "23": 0.0, "12": 0.0, "start": 22.0, "end": 1.0}}