{"morning": {"1": 0.30982258523324535, "2": 0.2630495342249551, "3": 0.31714240115137404, "4": 0.0, "5": 0.0, "6": 0.0, "7": 0.08902818661851586, "8": 0.0, "9": 0.0, "10": 0.020957292771909507, "11": 0.0, "12": 0.0}, "noon": {"1": 0.42391797170846146, "2": 0.1239115004720468, "3": 0.38109004391582507, "4": 0.0, "5": 0.0, "6": 0.0, "7": 0.03627690353601196, "8": 0.0, "9": 0.0, "10": 0.03480358036765475, "11": 0.0, "12": 0.0}, "afternoon": {"1": 0.3790854254643636, "2": 0.23490229293982584, "3": 0.3082195405300527, "4": 0.0, "5": 0.0, "6": 0.0, "7": 0.04619754294331883, "8": 0.0, "9": 0.0, "10": 0.03159519812243908, "11": 0.0, "12": 0.0}, "evening": {"1": 0.4156690961671491, "2": 0.339230975977095, "3": 0.1609913965124689, "4": 0.0018152297865521676, "5": 0.0, "6": 0.0, "7": 0.05797824760571777, "8": 0.0, "9": 0.0, "10": 0.024315053951017216, "11": 0.0, "12": 0.0}, "night": {"1": 0.05923335304302629, "2": 0.3015984162990429, "3": 0.5286144671861946, "4": 0.004217326761100694, "5": 0.0, "6": 0.0, "7": 0.046836925052249234, "8": 0.0, "9": 0.0, "10": 0.059499511658386114, "11": 0.0, "12": 0.0}}