{"morning": {"1": 0.45673752647009047, "2": 0.363434215383248, "3": 0.0, "4": 0.01893316461849801, "5": 0.14503290265728377, "6": 0.015862190870879776, "7": 0.0, "8": 0.0, "9": 0.0, "10": 0.0, "11": 0.0, "12": 0.0}, "noon": {"1": 0.5214399904504495, "2": 0.41733278603489665, "3": 0.0, "4": 0.013622127644338223, "5": 0.039008140418588064, "6": 0.008596955451727428, "7": 0.0, "8": 0.0, "9": 0.0, "10": 0.0, "11": 0.0, "12": 0.0}, "afternoon": {"1": 0.4372147974392579, "2": 0.4002540739462585, "3": 0.0, "4": 0.03140374217254378, "5": 0.10956263203127876, "6": 0.021564754410661142, "7": 0.0, "8": 0.0, "9": 0.0, "10": 0.0, "11": 0.0, "12": 0.0}, "evening": {"1": 0.5121751224805547, "2": 0.3106786470831511, "3": 0.0, "4": 0.02027088305180753, "5": 0.13400614043125375, "6": 0.022869206953232895, "7": 0.0, "8": 0.0, "9": 0.0, "10": 0.0, "11": 0.0, "12": 0.0}, "night": {"1": 0.45621706853642585, "2": 0.2989272162644449, "3": 0.0, "4": 0.01832247317860071, "5": 0.20951714094171434, "6": 0.017016101078814173, "7": 0.0, "8": 0.0, "9": 0.0, "10": 0.0, "11": 0.0, "12": 0.0}}