{"morning": {"1": 0.45673752647009047, "2": 0.363434215383248, "15": 0.0, "4": 0.01893316461849801, "5": 0.14503290265728377, "6": 0.015862190870879776, "19": 0.0, "8": 0.0, "9": 0.0, "10": 0.0, "11": 0.0, "12": 0.0, "start": 1.0, "end": 2.0}, "noon": {"13": 0.5214399904504495, "2": 0.41733278603489665, "15": 0.0, "4": 0.013622127644338223, "5": 0.039008140418588064, "6": 0.008596955451727428, "19": 0.0, "20": 0.0, "9": 0.0, "10": 0.0, "11": 0.0, "12": 0.0, "start": 2.0, "end": 13.0}, "afternoon": {"13": 0.4372147974392579, "14": 0.4002540739462585, "15": 0.0, "16": 0.03140374217254378, "17": 0.10956263203127876, "18": 0.021564754410661142, "19": 0.0, "20": 0.0, "21": 0.0, "10": 0.0, "11": 0.0, "12": 0.0, "start": 13.0, "end": 14.0}, "evening": {"13": 0.5121751224805547, "14": 0.3106786470831511, "15": 0.0, "16": 0.02027088305180753, "17": 0.13400614043125375, "18": 0.022869206953232895, "19": 0.0, "20": 0.0, "21": 0.0, "22": 0.0, "11": 0.0, "12": 0.0, "start": 14.0, "end": 17.0}, "night": {"1": 0.45621706853642585, "2": 0.2989272162644449, "15": 0.0, "16": 0.01832247317860071, "17": 0.20951714094171434, "18": 0.017016101078814173, "19": 0.0, "20": 0.0, "21": 0.0, "22": 0.0, "23": 0.0, "12": 0.0, "start": 17.0, "end": 1.0}}