{"afternoon": {"13": 5, "14": 9, "4": 2, "17": 6, "16": 3, "9": 1, "2": 11, "21": 1, "20": 3, "15": 6, "5": 2, "3": 2, "8": 4, "6": 2, "12": 3, "11": 1, "start": 12.000000000000002, "end": 17.0}, "evening": {"8": 2, "22": 7, "20": 8, "21": 12, "9": 1, "19": 11, "6": 4, "17": 4, "16": 1, "18": 6, "23": 5, "14": 1, "10": 1, "11": 1, "start": 17.0, "end": 23.0}, "morning": {"7": 28, "4": 4, "9": 12, "6": 36, "5": 12, "8": 18, "11": 4, "16": 2, "10": 4, "13": 2, "12": 1, "23": 1, "0": 1, "15": 1, "start": 4.0, "end": 11.0}, "noon": {"17": 3, "20": 1, "21": 1, "3": 1, "2": 2, "11": 1, "9": 1, "13": 1, "4": 1, "10": 1, "12": 2, "7": 1, "start": 11.0, "end": 12.000000000000002}, "night": {"1": 1, "22": 3, "23": 3, "8": 1, "5": 1, "start": 23.0, "end": 4.0}}