{"morning": {"1": 0.12063116984199346, "2": 0.0, "3": 0.4628392705749772, "4": 0.16710056044413663, "5": 0.1771661666045806, "6": 0.07226283253431211, "7": 0.0, "8": 0.0, "9": 0.0, "10": 0.0, "11": 0.0, "12": 0.0}, "noon": {"1": 0.5, "2": 0.0, "3": 0.0, "4": 0.0, "5": 0.0, "6": 0.0, "7": 0.0, "8": 0.0, "9": 0.0, "10": 0.5, "11": 0.0, "12": 0.0}, "afternoon": {"1": 0.4592266133235739, "2": 0.0, "3": 0.2797726074054462, "4": 0.09030064395142398, "5": 0.09285659020721435, "6": 0.02865420611892595, "7": 0.0, "8": 0.0, "9": 0.0, "10": 0.049189338993415745, "11": 0.0, "12": 0.0}, "evening": {"1": 0.6666666666666666, "2": 0.0, "3": 0.0, "4": 0.0, "5": 0.1776447852908185, "6": 0.0, "7": 0.0, "8": 0.0, "9": 0.0, "10": 0.1556885480425148, "11": 0.0, "12": 0.0}, "night": {"1": 1.0, "2": 0.0, "3": 0.0, "4": 0.0, "5": 0.0, "6": 0.0, "7": 0.0, "8": 0.0, "9": 0.0, "10": 0.0, "11": 0.0, "12": 0.0}}