{"morning": {"1": 0.12063116984199346, "14": 0.0, "3": 0.4628392705749772, "4": 0.16710056044413663, "5": 0.1771661666045806, "6": 0.07226283253431211, "19": 0.0, "8": 0.0, "9": 0.0, "10": 0.0, "11": 0.0, "12": 0.0, "start": 1.0, "end": 6.0}, "noon": {"13": 0.5, "14": 0.0, "15": 0.0, "16": 0.0, "17": 0.0, "18": 0.0, "19": 0.0, "20": 0.0, "9": 0.0, "10": 0.5, "11": 0.0, "12": 0.0, "start": 6.0, "end": 13.0}, "afternoon": {"13": 0.4592266133235739, "14": 0.0, "15": 0.2797726074054462, "16": 0.09030064395142398, "17": 0.09285659020721435, "18": 0.02865420611892595, "19": 0.0, "20": 0.0, "21": 0.0, "10": 0.049189338993415745, "11": 0.0, "12": 0.0, "start": 13.0, "end": 17.0}, "evening": {"13": 0.6666666666666666, "14": 0.0, "15": 0.0, "16": 0.0, "17": 0.1776447852908185, "18": 0.0, "19": 0.0, "20": 0.0, "21": 0.0, "22": 0.1556885480425148, "11": 0.0, "12": 0.0, "start": 17.0, "end": 22.0}, "night": {"1": 1.0, "14": 0.0, "15": 0.0, "16": 0.0, "17": 0.0, "18": 0.0, "19": 0.0, "20": 0.0, "21": 0.0, "22": 0.0, "23": 0.0, "12": 0.0, "start": 22.0, "end": 1.0}}