{"start": {"morning": {"1": 0.0, "2": 0.0, "3": 0.0, "4": 0.0, "5": 0.3716189885292105, "6": 0.0, "7": 0.0, "8": 0.0, "9": 0.0, "10": 0.6283810114707895, "11": 0.0, "12": 0.0}, "noon": {"1": 0.0, "2": 0.0, "3": 0.0, "4": 0.0, "5": 0.4397897551513611, "6": 0.0, "7": 0.0, "8": 0.0, "9": 0.0, "10": 0.5602102448486389, "11": 0.0, "12": 0.0}, "afternoon": {"1": 0.0, "2": 0.0, "3": 0.0, "4": 0.0, "5": 0.28725764280975846, "6": 0.0, "7": 0.0, "8": 0.0, "9": 0.0, "10": 0.7127423571902415, "11": 0.0, "12": 0.0}, "evening": {"1": 0.0, "2": 0.0, "3": 0.0, "4": 0.0, "5": 0.0, "6": 0.0, "7": 0.0, "8": 0.0, "9": 0.0, "10": 1.0, "11": 0.0, "12": 0.0}, "night": {"1": 0.0, "2": 0.0, "3": 0.0, "4": 0.0, "5": 0.4471165230542208, "6": 0.0, "7": 0.0, "8": 0.0, "9": 0.0, "10": 0.5528834769457792, "11": 0.0, "12": 0.0}}, "end": {"morning": {"1": 0.24186578443196424, "2": 0.0, "3": 0.0, "4": 0.0, "5": 0.3957128090603524, "6": 0.0, "7": 0.0, "8": 0.0, "9": 0.0, "10": 0.3624214065076834, "11": 0.0, "12": 0.0}, "noon": {"1": 0.2412841857404722, "2": 0.0, "3": 0.0, "4": 0.0, "5": 0.40895235609274166, "6": 0.0, "7": 0.0, "8": 0.0, "9": 0.0, "10": 0.3497634581667861, "11": 0.0, "12": 0.0}, "afternoon": {"1": 0.30872866962101536, "2": 0.0, "3": 0.0, "4": 0.0, "5": 0.2688314692300241, "6": 0.0, "7": 0.0, "8": 0.0, "9": 0.0, "10": 0.42243986114896054, "11": 0.0, "12": 0.0}, "evening": {"1": 0.0, "2": 0.0, "3": 0.0, "4": 0.0, "5": 0.0, "6": 0.0, "7": 0.0, "8": 0.0, "9": 0.0, "10": 1.0, "11": 0.0, "12": 0.0}, "night": {"1": 0.3546970941209429, "2": 0.0, "3": 0.0, "4": 0.0, "5": 0.3702809374873517, "6": 0.0, "7": 0.0, "8": 0.0, "9": 0.0, "10": 0.2750219683917054, "11": 0.0, "12": 0.0}}}