{"morning": {"1": 0.042941278996278254, "2": 0.01591945705826068, "3": 0.32175613455683566, "4": 0.06158456472008063, "5": 0.1661853588779167, "6": 0.0075959681010284875, "7": 0.28476831511427686, "8": 0.057171974356831835, "9": 0.03641570973614818, "10": 0.0, "11": 0.005661238482342694, "12": 0.0}, "noon": {"1": 0.02938189715733607, "2": 0.0, "3": 0.3637605978541923, "4": 0.3632234962058815, "5": 0.14800830319588493, "6": 0.0, "7": 0.06439323643080351, "8": 0.031232469155901745, "9": 0.0, "10": 0.0, "11": 0.0, "12": 0.0}, "afternoon": {"1": 0.005027518989736384, "2": 0.006395279947404187, "3": 0.33734775536412903, "4": 0.18346701335394083, "5": 0.0967893918266236, "6": 0.06958180785924362, "7": 0.17393222584700327, "8": 0.08054208128213268, "9": 0.038784731593776656, "10": 0.0, "11": 0.008132193936009585, "12": 0.0}, "evening": {"1": 0.019866597560810762, "2": 0.017482022268666044, "3": 0.5511037895624337, "4": 0.06635974697535572, "5": 0.0498272263299998, "6": 0.014627519237541999, "7": 0.14983122735707385, "8": 0.029172833218623854, "9": 0.0896333118752519, "10": 0.0, "11": 0.012095725614242386, "12": 0.0}, "night": {"1": 0.04127474578721867, "2": 0.031149726677746514, "3": 0.2621251247280724, "4": 0.027954702225998784, "5": 0.03092790179902958, "6": 0.04580041832066652, "7": 0.3774295816283194, "8": 0.03986506561944758, "9": 0.06922183414560504, "10": 0.07425089906789546, "11": 0.0, "12": 0.0}}