{"start": {"morning": {"1": 0.0, "2": 0.19928834594679423, "3": 0.29540052867403527, "4": 0.14079115965120403, "5": 0.21246579762310616, "6": 0.1520541681048603, "7": 0.0, "8": 0.0, "9": 0.0, "10": 0.0, "11": 0.0, "12": 0.0}, "noon": {"1": 0.0, "2": 0.0, "3": 0.18017193105878268, "4": 0.1823640728131256, "5": 0.2598176323160267, "6": 0.21320684295494388, "7": 0.0, "8": 0.16443952085712116, "9": 0.0, "10": 0.0, "11": 0.0, "12": 0.0}, "afternoon": {"1": 0.0, "2": 0.16115161393168698, "3": 0.2037407620169408, "4": 0.13432996544901443, "5": 0.17553880060569957, "6": 0.14430254522608965, "7": 0.07401695700560701, "8": 0.10691935576496174, "9": 0.0, "10": 0.0, "11": 0.0, "12": 0.0}, "evening": {"1": 0.0, "2": 0.0, "3": 0.0, "4": 0.0, "5": 0.0, "6": 1.0, "7": 0.0, "8": 0.0, "9": 0.0, "10": 0.0, "11": 0.0, "12": 0.0}, "night": {"1": 0.0, "2": 0.14657124195949678, "3": 0.21788446228034508, "4": 0.09680913820080032, "5": 0.14074454841130019, "6": 0.20516230646182618, "7": 0.08710068482529719, "8": 0.10572761786093424, "9": 0.0, "10": 0.0, "11": 0.0, "12": 0.0}}, "end": {"morning": {"1": 0.0, "2": 0.16967284545495273, "3": 0.3121655877214679, "4": 0.2411444200095933, "5": 0.10120353014225003, "6": 0.0, "7": 0.07771204659593328, "8": 0.09810157007580278, "9": 0.0, "10": 0.0, "11": 0.0, "12": 0.0}, "noon": {"1": 0.042217672801286785, "2": 0.10215041154189154, "3": 0.2349412379828478, "4": 0.2924493353475667, "5": 0.14214467295975683, "6": 0.08249384520284667, "7": 0.0, "8": 0.10360282416380372, "9": 0.0, "10": 0.0, "11": 0.0, "12": 0.0}, "afternoon": {"1": 0.09131866830043357, "2": 0.23404984034801365, "3": 0.2708637857397928, "4": 0.22634773878666506, "5": 0.10582165374895294, "6": 0.0, "7": 0.0, "8": 0.07159831307614199, "9": 0.0, "10": 0.0, "11": 0.0, "12": 0.0}, "evening": {"1": 0.0, "2": 0.46062262419351907, "3": 0.5393773758064809, "4": 0.0, "5": 0.0, "6": 0.0, "7": 0.0, "8": 0.0, "9": 0.0, "10": 0.0, "11": 0.0, "12": 0.0}, "night": {"1": 0.08551258011091886, "2": 0.12140547343710342, "3": 0.26934456140466745, "4": 0.16277368462575706, "5": 0.09791250966888167, "6": 0.092365689423576, "7": 0.08143000431413619, "8": 0.08925549701495934, "9": 0.0, "10": 0.0, "11": 0.0, "12": 0.0}}}