{"morning": {"1": 0.0, "2": 0.5, "3": 0.013759575672312091, "4": 0.0, "5": 0.0, "6": 0.24594260169867188, "7": 0.0, "8": 0.0, "9": 0.0, "10": 0.24029782262901603, "11": 0.0, "12": 0.0}, "noon": {"1": 0.0, "2": 0.0, "3": 0.0, "4": 0.0, "5": 0.0, "6": 0.40694529433576826, "7": 0.0, "8": 0.0, "9": 0.0, "10": 0.5930547056642317, "11": 0.0, "12": 0.0}, "afternoon": {"1": 0.0, "2": 0.0, "3": 0.0, "4": 0.0, "5": 0.0, "6": 1.0, "7": 0.0, "8": 0.0, "9": 0.0, "10": 0.0, "11": 0.0, "12": 0.0}, "evening": {"1": 0.18210762533671365, "2": 0.48455904132995303, "3": 0.0, "4": 0.0, "5": 0.0, "6": 0.2505586746852755, "7": 0.0, "8": 0.0, "9": 0.0, "10": 0.08277465864805786, "11": 0.0, "12": 0.0}, "night": {"1": 0.41061772699335075, "2": 0.08938227300664922, "3": 0.0, "4": 0.0, "5": 0.0, "6": 0.3336797038924871, "7": 0.0, "8": 0.0, "9": 0.0, "10": 0.16632029610751292, "11": 0.0, "12": 0.0}}