{"morning": {"13": 0.0, "2": 0.5, "3": 0.013759575672312091, "16": 0.0, "17": 0.0, "6": 0.24594260169867188, "19": 0.0, "8": 0.0, "9": 0.0, "10": 0.24029782262901603, "11": 0.0, "12": 0.0, "start": 2.0, "end": 5.0}, "noon": {"13": 0.0, "14": 0.0, "15": 0.0, "16": 0.0, "17": 0.0, "6": 0.40694529433576826, "19": 0.0, "20": 0.0, "9": 0.0, "10": 0.5930547056642317, "11": 0.0, "12": 0.0, "start": 5.0, "end": 6.0}, "afternoon": {"13": 0.0, "14": 0.0, "15": 0.0, "16": 0.0, "17": 0.0, "6": 1.0, "19": 0.0, "20": 0.0, "21": 0.0, "10": 0.0, "11": 0.0, "12": 0.0, "start": 6.0, "end": 10.0}, "evening": {"13": 0.18210762533671365, "14": 0.48455904132995303, "15": 0.0, "16": 0.0, "17": 0.0, "18": 0.2505586746852755, "19": 0.0, "20": 0.0, "21": 0.0, "10": 0.08277465864805786, "11": 0.0, "12": 0.0, "start": 10.0, "end": 18.0}, "night": {"1": 0.41061772699335075, "2": 0.08938227300664922, "15": 0.0, "16": 0.0, "17": 0.0, "18": 0.3336797038924871, "19": 0.0, "20": 0.0, "21": 0.0, "22": 0.16632029610751292, "23": 0.0, "12": 0.0, "start": 18.0, "end": 2.0}}