{"morning": {"1": 0.006100286806271514, "2": 0.08118881925625979, "3": 0.09625067832679174, "4": 0.10152542004513165, "5": 0.2210460962607536, "6": 0.10314197411331882, "7": 0.08415450643754022, "8": 0.060915968284139047, "9": 0.08150946194568875, "10": 0.07662953765037939, "11": 0.02352894498083773, "12": 0.06400830589288772}, "noon": {"1": 0.005849650204816537, "2": 0.07144761312585088, "3": 0.07982108499057548, "4": 0.15037059659015714, "5": 0.21469624687582947, "6": 0.09530955917453895, "7": 0.05516718246606657, "8": 0.06894831977769042, "9": 0.11418701640374089, "10": 0.07170625884563393, "11": 0.0258611674044948, "12": 0.04663530414060473}, "afternoon": {"1": 0.005875690797537411, "2": 0.05514280114114267, "3": 0.05908511075617767, "4": 0.13686703426977143, "5": 0.24488683831231733, "6": 0.10096815829555912, "7": 0.06434244398439184, "8": 0.07587300534908428, "9": 0.11670124000909896, "10": 0.06320723396298956, "11": 0.028208493200659886, "12": 0.048841949921269875}, "evening": {"1": 0.005465974986603349, "2": 0.06101799806564127, "3": 0.0753030486082005, "4": 0.22132338863474038, "5": 0.2000280143602792, "6": 0.08227410062702063, "7": 0.05775552944061106, "8": 0.06646849204174791, "9": 0.08798748688047583, "10": 0.05669185413599141, "11": 0.04254269755609744, "12": 0.04314141466259099}, "night": {"1": 0.013591721619409585, "2": 0.07185445749821404, "3": 0.0956679366573733, "4": 0.06207029889134939, "5": 0.1840849139130153, "6": 0.09470914818000081, "7": 0.09536860299891195, "8": 0.10228024689202941, "9": 0.09136435228426958, "10": 0.0938569337713452, "11": 0.03380336011718597, "12": 0.06134802717689545}}