{"morning": {"13": 0.0038284587918040055, "14": 0.0813953725854175, "3": 0.09653353586068078, "4": 0.10182579262311746, "5": 0.22156667562808127, "6": 0.10336385374812358, "7": 0.08429259967522575, "8": 0.06101816371855402, "9": 0.08166571862155024, "10": 0.07678628545950841, "11": 0.023601125924244015, "12": 0.06412241736369297, "start": 3.0, "end": 4.0}, "noon": {"13": 0.001404356139210582, "14": 0.07179113212649978, "15": 0.0802280771136542, "4": 0.15109817726529157, "5": 0.21582019879141998, "18": 0.09574440678613426, "19": 0.055324316343407884, "8": 0.06916832830969546, "21": 0.11461553568719551, "10": 0.07200046313804727, "11": 0.02597771311304668, "12": 0.04682729518639678, "start": 4.0, "end": 5.0}, "afternoon": {"13": 0.0038480466137892307, "14": 0.05528740164939261, "15": 0.05925284996207225, "16": 0.13727755700413355, "5": 0.24536627882650958, "6": 0.10116140492750741, "7": 0.06441795032642696, "8": 0.07595963255171198, "9": 0.11689189871998969, "10": 0.06332709643517509, "11": 0.028303474955919856, "12": 0.04890640802737195, "start": 5.0, "end": 16.0}, "evening": {"13": 0.0016096856293905167, "14": 0.06163448627212091, "15": 0.07615668085643086, "16": 0.2239995245110594, "17": 0.2019821829939835, "18": 0.08301904651505451, "19": 0.05808481422975871, "20": 0.06693805723366923, "21": 0.08856136124429019, "22": 0.057095418943863975, "23": 0.04295069908665776, "24": 0.03796804248372042, "start": 16.0, "end": 17.0}, "night": {"1": 0.012873201692288944, "2": 0.07189143143394856, "3": 0.09572940563097707, "4": 0.062130421753901745, "17": 0.1841908772367481, "18": 0.09478976328551009, "19": 0.09542942140524481, "20": 0.10238135263827901, "21": 0.09144571151169043, "22": 0.09392450059967011, "23": 0.033824933940516666, "24": 0.061388978871224464, "start": 17.0, "end": 3.0}}