{"start": {"morning": {"1": 0.0, "2": 0.1223078452852623, "3": 0.15453685983014184, "4": 0.588164585352278, "5": 0.13499070953231787, "6": 0.0, "7": 0.0, "8": 0.0, "9": 0.0, "10": 0.0, "11": 0.0, "12": 0.0}, "noon": {"1": 0.0, "2": 0.13201164698057083, "3": 0.1274750729775697, "4": 0.6533458693215998, "5": 0.08716741072025974, "6": 0.0, "7": 0.0, "8": 0.0, "9": 0.0, "10": 0.0, "11": 0.0, "12": 0.0}, "afternoon": {"1": 0.0, "2": 0.08306301018701628, "3": 0.11918862424572499, "4": 0.7079713728886445, "5": 0.08977699267861422, "6": 0.0, "7": 0.0, "8": 0.0, "9": 0.0, "10": 0.0, "11": 0.0, "12": 0.0}, "evening": {"1": 0.0, "2": 0.1666506402348666, "3": 0.0, "4": 0.8333493597651335, "5": 0.0, "6": 0.0, "7": 0.0, "8": 0.0, "9": 0.0, "10": 0.0, "11": 0.0, "12": 0.0}, "night": {"1": 0.0, "2": 0.14145409764725955, "3": 0.1758880882358499, "4": 0.6826578141168905, "5": 0.0, "6": 0.0, "7": 0.0, "8": 0.0, "9": 0.0, "10": 0.0, "11": 0.0, "12": 0.0}}, "end": {"morning": {"1": 0.0, "2": 0.0, "3": 0.0, "4": 1.0, "5": 0.0, "6": 0.0, "7": 0.0, "8": 0.0, "9": 0.0, "10": 0.0, "11": 0.0, "12": 0.0}, "noon": {"1": 0.0, "2": 0.0, "3": 0.0, "4": 1.0, "5": 0.0, "6": 0.0, "7": 0.0, "8": 0.0, "9": 0.0, "10": 0.0, "11": 0.0, "12": 0.0}, "afternoon": {"1": 0.0, "2": 0.0, "3": 0.0, "4": 1.0, "5": 0.0, "6": 0.0, "7": 0.0, "8": 0.0, "9": 0.0, "10": 0.0, "11": 0.0, "12": 0.0}, "evening": {"1": NaN, "2": NaN, "3": NaN, "4": NaN, "5": NaN, "6": NaN, "7": NaN, "8": NaN, "9": NaN, "10": NaN, "11": NaN, "12": NaN}, "night": {"1": 0.0, "2": 0.0, "3": 0.0, "4": 1.0, "5": 0.0, "6": 0.0, "7": 0.0, "8": 0.0, "9": 0.0, "10": 0.0, "11": 0.0, "12": 0.0}}}