{"morning": {"1": 0.09551297647632281, "2": 0.4131494171486737, "3": 0.019234488669096196, "4": 0.0, "5": 0.43138063281421807, "6": 0.04072248489168924, "7": 0.0, "8": 0.0, "9": 0.0, "10": 0.0, "11": 0.0, "12": 0.0}, "noon": {"1": 0.017262112364546743, "2": 0.5546832073885446, "3": 0.05578831543035839, "4": 0.0, "5": 0.34683498869321705, "6": 0.025431376123333193, "7": 0.0, "8": 0.0, "9": 0.0, "10": 0.0, "11": 0.0, "12": 0.0}, "afternoon": {"1": 0.11867866233789064, "2": 0.434656250188551, "3": 0.047397043920387946, "4": 0.0, "5": 0.3618471180083117, "6": 0.03742092554485872, "7": 0.0, "8": 0.0, "9": 0.0, "10": 0.0, "11": 0.0, "12": 0.0}, "evening": {"1": 0.11867866233789064, "2": 0.434656250188551, "3": 0.047397043920387946, "4": 0.0, "5": 0.3618471180083117, "6": 0.03742092554485872, "7": 0.0, "8": 0.0, "9": 0.0, "10": 0.0, "11": 0.0, "12": 0.0}, "night": {"1": 0.062019372697379005, "2": 0.3756039146966858, "3": 0.09534453709468454, "4": 0.0, "5": 0.39396469929121736, "6": 0.07306747622003325, "7": 0.0, "8": 0.0, "9": 0.0, "10": 0.0, "11": 0.0, "12": 0.0}}