{"morning": {"1": 0.0, "2": 0.4520661946761999, "3": 0.0038345331091672306, "4": 0.0, "5": 0.5186195798258579, "6": 0.025479692388775007, "7": 0.0, "8": 0.0, "9": 0.0, "10": 0.0, "11": 0.0, "12": 0.0}, "noon": {"1": 0.0, "2": 0.7085390969124795, "3": 0.004210109237808995, "4": 0.0, "5": 0.27697543013474524, "6": 0.010275363714966238, "7": 0.0, "8": 0.0, "9": 0.0, "10": 0.0, "11": 0.0, "12": 0.0}, "afternoon": {"1": 0.0, "2": 0.5181355381231084, "3": 0.007891576977550425, "4": 0.0, "5": 0.4431368398521112, "6": 0.030836045047229824, "7": 0.0, "8": 0.0, "9": 0.0, "10": 0.0, "11": 0.0, "12": 0.0}, "evening": {"1": 0.0, "2": 0.5181355381231084, "3": 0.007891576977550425, "4": 0.0, "5": 0.4431368398521112, "6": 0.030836045047229824, "7": 0.0, "8": 0.0, "9": 0.0, "10": 0.0, "11": 0.0, "12": 0.0}, "night": {"1": 0.0, "2": 0.4907321680515999, "3": 0.027597134074317832, "4": 0.0, "5": 0.43189804487787203, "6": 0.04977265299621016, "7": 0.0, "8": 0.0, "9": 0.0, "10": 0.0, "11": 0.0, "12": 0.0}}