{"morning": {"13": 0.0, "2": 0.4520661946761999, "3": 0.0038345331091672306, "16": 0.0, "5": 0.5186195798258579, "6": 0.025479692388775007, "19": 0.0, "8": 0.0, "9": 0.0, "10": 0.0, "11": 0.0, "12": 0.0, "start": 2.0, "end": 5.0}, "noon": {"13": 0.0, "14": 0.7085390969124795, "15": 0.004210109237808995, "16": 0.0, "5": 0.27697543013474524, "6": 0.010275363714966238, "19": 0.0, "20": 0.0, "9": 0.0, "10": 0.0, "11": 0.0, "12": 0.0, "start": 5.0, "end": 14.0}, "afternoon": {"13": 0.0, "14": 0.5181355381231084, "15": 0.007891576977550425, "16": 0.0, "17": 0.4431368398521112, "18": 0.030836045047229824, "19": 0.0, "20": 0.0, "21": 0.0, "10": 0.0, "11": 0.0, "12": 0.0, "start": 14.0, "end": 17.0}, "evening": {"13": 0.0, "14": 0.5181355381231084, "15": 0.007891576977550425, "16": 0.0, "17": 0.4431368398521112, "18": 0.030836045047229824, "19": 0.0, "20": 0.0, "21": 0.0, "22": 0.0, "11": 0.0, "12": 0.0, "start": 17.0, "end": 18.0}, "night": {"13": 0.0, "2": 0.4907321680515999, "3": 0.027597134074317832, "16": 0.0, "17": 0.43189804487787203, "18": 0.04977265299621016, "19": 0.0, "20": 0.0, "21": 0.0, "22": 0.0, "23": 0.0, "12": 0.0, "start": 18.0, "end": 2.0}}