{"start": {"morning": {"1": 0.0, "2": 0.5252113825935552, "3": 0.0, "4": 0.0, "5": 0.47478861740644485, "6": 0.0, "7": 0.0, "8": 0.0, "9": 0.0, "10": 0.0, "11": 0.0, "12": 0.0}, "noon": {"1": 0.0, "2": 0.5125004405647126, "3": 0.0, "4": 0.0, "5": 0.48749955943528744, "6": 0.0, "7": 0.0, "8": 0.0, "9": 0.0, "10": 0.0, "11": 0.0, "12": 0.0}, "afternoon": {"1": 0.0, "2": 0.5396859704211454, "3": 0.0, "4": 0.0, "5": 0.46031402957885464, "6": 0.0, "7": 0.0, "8": 0.0, "9": 0.0, "10": 0.0, "11": 0.0, "12": 0.0}, "evening": {"1": 0.0, "2": 0.5396859704211454, "3": 0.0, "4": 0.0, "5": 0.46031402957885464, "6": 0.0, "7": 0.0, "8": 0.0, "9": 0.0, "10": 0.0, "11": 0.0, "12": 0.0}, "night": {"1": 0.0, "2": 0.5120990370273728, "3": 0.0, "4": 0.0, "5": 0.4879009629726272, "6": 0.0, "7": 0.0, "8": 0.0, "9": 0.0, "10": 0.0, "11": 0.0, "12": 0.0}}, "end": {"morning": {"1": 0.0, "2": 0.5823981633604604, "3": 0.0, "4": 0.0, "5": 0.41760183663953965, "6": 0.0, "7": 0.0, "8": 0.0, "9": 0.0, "10": 0.0, "11": 0.0, "12": 0.0}, "noon": {"1": 0.0, "2": 0.5034108699692736, "3": 0.0, "4": 0.0, "5": 0.49658913003072636, "6": 0.0, "7": 0.0, "8": 0.0, "9": 0.0, "10": 0.0, "11": 0.0, "12": 0.0}, "afternoon": {"1": 0.0, "2": 0.5481816762961437, "3": 0.0, "4": 0.0, "5": 0.45181832370385633, "6": 0.0, "7": 0.0, "8": 0.0, "9": 0.0, "10": 0.0, "11": 0.0, "12": 0.0}, "evening": {"1": 0.0, "2": 0.5481816762961437, "3": 0.0, "4": 0.0, "5": 0.45181832370385633, "6": 0.0, "7": 0.0, "8": 0.0, "9": 0.0, "10": 0.0, "11": 0.0, "12": 0.0}, "night": {"1": 0.0, "2": 0.4488363566107108, "3": 0.0, "4": 0.0, "5": 0.45198423930127574, "6": 0.09917940408801347, "7": 0.0, "8": 0.0, "9": 0.0, "10": 0.0, "11": 0.0, "12": 0.0}}}