{"morning": {"1": 0.06585073469667144, "2": 0.22508306680779389, "3": 0.29471725921040887, "4": 0.04387439566187863, "5": 0.08495787546739345, "6": 0.08032228138961611, "7": 0.11509753531770855, "8": 0.027005526182663678, "9": 0.0, "10": 0.0630913252658654, "11": 0.0, "12": 0.0}, "noon": {"1": 0.13598601209968153, "2": 0.11170520442508189, "3": 0.18182603944766668, "4": 0.07369737134673152, "5": 0.10732138096081634, "6": 0.10128794043720188, "7": 0.11345871734240015, "8": 0.07248236936523259, "9": 0.03158123498877738, "10": 0.07065372958641006, "11": 0.0, "12": 0.0}, "afternoon": {"1": 0.11987112445718866, "2": 0.34311503321994524, "3": 0.18396077105334271, "4": 0.02024201968485267, "5": 0.038178285339173786, "6": 0.03175187052795236, "7": 0.19991065353465576, "8": 0.022284685084505245, "9": 0.0, "10": 0.0406855570983836, "11": 0.0, "12": 0.0}, "evening": {"1": 0.4042763256587496, "2": 0.11993302477648418, "3": 0.13408291485185284, "4": 0.0, "5": 0.03057679533222077, "6": 0.030370789960250267, "7": 0.25, "8": 0.0, "9": 0.0, "10": 0.03076014942044237, "11": 0.0, "12": 0.0}, "night": {"1": 0.7107868825970576, "2": 0.08167433697387372, "3": 0.1003918330544857, "4": 0.017067857646763964, "5": 0.024475910633502174, "6": 0.01962296488970635, "7": 0.01257936823326098, "8": 0.01296566565606033, "9": 0.0, "10": 0.020435180315289233, "11": 0.0, "12": 0.0}}