{"morning": {"1": 0.001824451536893026, "2": 0.13894031008779534, "3": 0.18345637022672384, "4": 0.09145660395281915, "5": 0.0633129250426153, "6": 0.24037106952721246, "7": 0.06299100285041892, "8": 0.0701092916440007, "9": 0.04785665267781724, "10": 0.06277894979636592, "11": 0.02612801764740157, "12": 0.01077435500993657}, "noon": {"1": 0.0010068173351990791, "2": 0.16944210336304733, "3": 0.26907040589939346, "4": 0.09589287613501524, "5": 0.06911032389598257, "6": 0.12257551656410512, "7": 0.0627484140640835, "8": 0.04849512547485525, "9": 0.03298578517152094, "10": 0.07125793646505808, "11": 0.03175014602429706, "12": 0.025664549607442244}, "afternoon": {"1": 0.004890747855871821, "2": 0.18717042158226874, "3": 0.18821628567933762, "4": 0.11117287968048266, "5": 0.07604872354248951, "6": 0.1364984224973278, "7": 0.07067076309228892, "8": 0.09556016965239686, "9": 0.04477788561751321, "10": 0.04495350456718976, "11": 0.02497702717188823, "12": 0.015063169060944872}, "night": {"1": 0.003861174182982675, "2": 0.15056427370054876, "3": 0.18882005468089982, "4": 0.11804939602444205, "5": 0.07868864930098017, "6": 0.14483320551209633, "7": 0.10726422672806321, "8": 0.04636591225332226, "9": 0.03633679012827094, "10": 0.06978853133241383, "11": 0.03569218858744429, "12": 0.019735597568535847}}