{"morning": {"13": 0.0, "14": 0.14029264822663629, "3": 0.18508086281326894, "4": 0.09228103298045909, "5": 0.06382345028500438, "6": 0.24140884645214694, "7": 0.06349640065760019, "8": 0.07058544728914255, "9": 0.04820233374076154, "10": 0.0632011847671139, "11": 0.026418985148772424, "12": 0.005208807639093822, "start": 3.0, "end": 14.0}, "noon": {"13": 0.0, "14": 0.2044289348420095, "15": 0.3431251052655824, "4": 0.11303809838271268, "17": 0.0497912769879508, "6": 0.10898987985980402, "19": 0.043791576274993506, "20": 0.03169320136830955, "21": 0.01859751054698364, "22": 0.06275691314204096, "23": 0.007436707259481224, "12": 0.016350796070131596, "start": 14.0, "end": 15.0}, "afternoon": {"13": 0.0, "14": 0.19280229704698643, "15": 0.19181245484945747, "16": 0.11391849923573852, "17": 0.07797311510320618, "18": 0.1407813990445022, "19": 0.07246740642246055, "20": 0.09881147221002393, "21": 0.04606240781357559, "22": 0.04630982600092985, "23": 0.01398953594905759, "24": 0.005071586324061698, "start": 15.0, "end": 18.0}, "night": {"13": 0.0, "2": 0.13882937557938116, "3": 0.3595711344413097, "16": 0.10987528525353556, "17": 0.055249258129996995, "18": 0.13140979430541316, "19": 0.09453106429299685, "20": 0.03422774245516959, "21": 0.01574862636018063, "22": 0.0462532608992056, "23": 0.008318975281242907, "24": 0.005985483001567891, "start": 18.0, "end": 3.0}}