{"start": {"morning": {"1": 0.0, "2": 0.18671082677720907, "3": 0.09573144188247848, "4": 0.0933795303154103, "5": 0.07225705160142615, "6": 0.19774352914474003, "7": 0.08734359125079619, "8": 0.052102189811174204, "9": 0.06468646150231346, "10": 0.0846835754524623, "11": 0.03526517475032567, "12": 0.030096627511664174}, "noon": {"1": 0.0, "2": 0.250633362056014, "3": 0.10917624777580327, "4": 0.09076694760466349, "5": 0.06468995346273976, "6": 0.1146536302216845, "7": 0.06713420958178161, "8": 0.05622069889466371, "9": 0.05201127918978233, "10": 0.08121793714878281, "11": 0.05645323977036677, "12": 0.05704249429371793}, "afternoon": {"1": 0.0, "2": 0.22368690983241812, "3": 0.14018290081093576, "4": 0.09796308916496155, "5": 0.07539826694142182, "6": 0.12956848848177038, "7": 0.09221034791997232, "8": 0.04449171916858924, "9": 0.05463176602051814, "10": 0.07432413409687492, "11": 0.03802597683741476, "12": 0.029516400725123022}, "night": {"1": 0.0, "2": 0.15717995320416053, "3": 0.19065494976552072, "4": 0.09008111774983965, "5": 0.0987093282734696, "6": 0.12568337609520416, "7": 0.0760277289829241, "8": 0.07089824889262267, "9": 0.0545941139174249, "10": 0.08251554655392182, "11": 0.024459096202509037, "12": 0.029196540362402795}}, "end": {"morning": {"1": 0.0, "2": 0.1643430783669927, "3": 0.13348579796179155, "4": 0.0848947922693792, "5": 0.07794898563858678, "6": 0.1697054824812335, "7": 0.046909159379477094, "8": 0.07620268197717177, "9": 0.07988070689016144, "10": 0.10697608057600591, "11": 0.019129694068388534, "12": 0.04052354039081154}, "noon": {"1": 0.0, "2": 0.30607255339944905, "3": 0.13286558688330743, "4": 0.06355757269965369, "5": 0.05472631450588879, "6": 0.08503146348080985, "7": 0.04344637291065693, "8": 0.05101941422626831, "9": 0.043828211582421804, "10": 0.11229517780833266, "11": 0.03155092499409479, "12": 0.07560640750911668}, "afternoon": {"1": 0.0, "2": 0.2724897240545033, "3": 0.18747770855799425, "4": 0.07259614043499066, "5": 0.06253946294394493, "6": 0.11663875856946095, "7": 0.03954866453254992, "8": 0.056987264996030275, "9": 0.04969192840124229, "10": 0.07196106548024829, "11": 0.027033565694100252, "12": 0.04303571633493507}, "night": {"1": 0.0, "2": 0.16908922252667385, "3": 0.1909568981720919, "4": 0.08147097175348625, "5": 0.08748185573188223, "6": 0.10895655107179067, "7": 0.04612304963085109, "8": 0.0983404389521685, "9": 0.06048112888722938, "10": 0.09706214257926346, "11": 0.014033652017440168, "12": 0.046004088677122607}}}