{"morning": {"1": 0.3794931374502377, "2": 0.15143208972233468, "3": 0.16088097618871733, "4": 0.12795846937313624, "5": 0.02719456910157899, "6": 0.005777600273763111, "7": 0.10455146948679639, "8": 0.0, "9": 0.0206476313298238, "10": 0.022064057073611757, "11": 0.0, "12": 0.0}, "noon": {"1": 0.41385456420557265, "2": 0.08388079856835641, "3": 0.21075551461188669, "4": 0.09139268211760558, "5": 0.05760458894166849, "6": 0.011920504989583858, "7": 0.08701539497686632, "8": 0.0, "9": 0.00755536436809971, "10": 0.036020587220360285, "11": 0.0, "12": 0.0}, "afternoon": {"1": 0.380806517530127, "2": 0.07995041240619831, "3": 0.19873394784114004, "4": 0.10275043959759675, "5": 0.09564038071398245, "6": 0.011918283039622994, "7": 0.09134226281012678, "8": 0.0, "9": 0.009204397025161333, "10": 0.029653359036044498, "11": 0.0, "12": 0.0}, "evening": {"1": 0.34836305474823737, "2": 0.14046102287950857, "3": 0.2253023725382858, "4": 0.12580353174748796, "5": 0.04704389204136046, "6": 0.005826015229278163, "7": 0.06972772198140928, "8": 0.0, "9": 0.017358658744494673, "10": 0.02011373008993774, "11": 0.0, "12": 0.0}, "night": {"1": 0.49712588664944446, "2": 0.07283678635102787, "3": 0.2175710455633431, "4": 0.06685611358764501, "5": 0.025038309407647286, "6": 0.009910107622638595, "7": 0.0697211580970321, "8": 0.0, "9": 0.019027608869156453, "10": 0.02191298385206516, "11": 0.0, "12": 0.0}}