{"morning": {"1": 0.3794931374502377, "2": 0.15143208972233468, "3": 0.16088097618871733, "4": 0.12795846937313624, "5": 0.02719456910157899, "6": 0.005777600273763111, "7": 0.10455146948679639, "8": 0.0, "21": 0.0206476313298238, "10": 0.022064057073611757, "11": 0.0, "12": 0.0, "start": 1.0, "end": 2.0}, "noon": {"13": 0.41385456420557265, "2": 0.08388079856835641, "3": 0.21075551461188669, "4": 0.09139268211760558, "5": 0.05760458894166849, "6": 0.011920504989583858, "7": 0.08701539497686632, "20": 0.0, "9": 0.00755536436809971, "10": 0.036020587220360285, "11": 0.0, "12": 0.0, "start": 2.0, "end": 3.0}, "afternoon": {"13": 0.380806517530127, "14": 0.07995041240619831, "3": 0.19873394784114004, "4": 0.10275043959759675, "5": 0.09564038071398245, "6": 0.011918283039622994, "7": 0.09134226281012678, "20": 0.0, "9": 0.009204397025161333, "10": 0.029653359036044498, "11": 0.0, "12": 0.0, "start": 3.0, "end": 13.0}, "evening": {"13": 0.34836305474823737, "14": 0.14046102287950857, "15": 0.2253023725382858, "16": 0.12580353174748796, "17": 0.04704389204136046, "18": 0.005826015229278163, "19": 0.06972772198140928, "20": 0.0, "21": 0.017358658744494673, "22": 0.02011373008993774, "11": 0.0, "12": 0.0, "start": 13.0, "end": 15.0}, "night": {"1": 0.49712588664944446, "2": 0.07283678635102787, "15": 0.2175710455633431, "16": 0.06685611358764501, "17": 0.025038309407647286, "18": 0.009910107622638595, "19": 0.0697211580970321, "20": 0.0, "21": 0.019027608869156453, "22": 0.02191298385206516, "23": 0.0, "12": 0.0, "start": 15.0, "end": 1.0}}