{"morning": {"1": 0.3696125760093931, "2": 0.14879833884643967, "3": 0.15752760146428446, "4": 0.12579590771675211, "5": 0.033800869338849314, "6": 0.012740750807584803, "7": 0.09950094717179636, "8": 0.0, "9": 0.025693336676007712, "10": 0.026529671968892478, "11": 0.0, "12": 0.0, "start": 1.0, "end": 2.0}, "noon": {"13": 0.40095574040917187, "2": 0.08177273375431722, "3": 0.20394587001197162, "4": 0.08896696762953961, "5": 0.0624335133871652, "18": 0.019220904095154024, "19": 0.0848045701063923, "20": 0.0, "9": 0.01842859356006674, "10": 0.039471107046221275, "11": 0.0, "12": 0.0, "start": 2.0, "end": 3.0}, "afternoon": {"13": 0.3799631472475727, "14": 0.07977945824989413, "3": 0.19805111802474187, "4": 0.10246065341930388, "5": 0.09550350880623072, "6": 0.014002804434587424, "7": 0.0912312818456689, "20": 0.0, "9": 0.009395176158422353, "10": 0.029612851813578055, "11": 0.0, "12": 0.0, "start": 3.0, "end": 13.0}, "evening": {"13": 0.3467765642547932, "14": 0.14005508147327134, "15": 0.22460106764047497, "16": 0.1253936570383906, "17": 0.04688275694739321, "18": 0.009087781171200345, "19": 0.06944079320689325, "20": 0.0, "9": 0.017729022673762942, "10": 0.020033275593820146, "11": 0.0, "12": 0.0, "start": 13.0, "end": 15.0}, "night": {"1": 0.48992059052881665, "2": 0.07171269384893154, "15": 0.2133181631182198, "16": 0.06546931055353403, "17": 0.02778816962705374, "18": 0.015694423984812387, "19": 0.06841300164295472, "20": 0.0, "21": 0.022338542815844603, "22": 0.0253451038798324, "23": 0.0, "12": 0.0, "start": 15.0, "end": 1.0}}