{"start": {"morning": {"1": 0.37066497329461023, "2": 0.06731583906664645, "3": 0.26722246900962315, "4": 0.12223863547911373, "5": 0.08269273592801835, "6": 0.014663587218231708, "7": 0.04313200457955598, "8": 0.0, "9": 0.007088101988245555, "10": 0.024981653435954838, "11": 0.0, "12": 0.0}, "noon": {"1": 0.44297258951762575, "2": 0.07838880724258564, "3": 0.216035692317178, "4": 0.11028942490133871, "5": 0.038639871004875447, "6": 0.0, "7": 0.07219690254667772, "8": 0.0, "9": 0.0192600273188113, "10": 0.022216685150907436, "11": 0.0, "12": 0.0}, "afternoon": {"1": 0.42059383922781807, "2": 0.07149376082195577, "3": 0.1879079263440037, "4": 0.1156123609456839, "5": 0.09431525935153547, "6": 0.01059865406298851, "7": 0.04315679014504176, "8": 0.0, "9": 0.01602754672436721, "10": 0.04029386237660561, "11": 0.0, "12": 0.0}, "evening": {"1": 0.4982280891687873, "2": 0.07858904954634299, "3": 0.16079647710724795, "4": 0.1678255540083464, "5": 0.05084689205286695, "6": 0.0, "7": 0.0189663136812772, "8": 0.0, "9": 0.013151250288291947, "10": 0.011596374146839282, "11": 0.0, "12": 0.0}, "night": {"1": 0.3005290168201638, "2": 0.08846101525812358, "3": 0.3580806365016182, "4": 0.08351034540244642, "5": 0.057624470803759785, "6": 0.010697160100746969, "7": 0.02476209973517518, "8": 0.0, "9": 0.011134063881094324, "10": 0.06520119149687192, "11": 0.0, "12": 0.0}}, "end": {"morning": {"1": 0.23185111974225087, "2": 0.08216022494050712, "3": 0.15266722736770977, "4": 0.21283091564502996, "5": 0.11718440743263521, "6": 0.025004656410247367, "7": 0.09298507590595038, "8": 0.0, "9": 0.040526132334075926, "10": 0.04479024022159342, "11": 0.0, "12": 0.0}, "noon": {"1": 0.2681915445268594, "2": 0.11064239988978787, "3": 0.17130345425650056, "4": 0.1630087746484143, "5": 0.08849948761087081, "6": 0.012848630977414587, "7": 0.1041786667215264, "8": 0.0, "9": 0.040533804596880676, "10": 0.040793236771745366, "11": 0.0, "12": 0.0}, "afternoon": {"1": 0.30286809795397984, "2": 0.07513580163543948, "3": 0.13062477212857881, "4": 0.16434863481167034, "5": 0.14667731881247245, "6": 0.015746534183855077, "7": 0.07965592073859495, "8": 0.0, "9": 0.04587774584729975, "10": 0.03906517388810933, "11": 0.0, "12": 0.0}, "evening": {"1": 0.29896455191264043, "2": 0.13752670245269985, "3": 0.11030069450486321, "4": 0.21277911057798998, "5": 0.11913596531898916, "6": 0.006815465579906742, "7": 0.05962092444736697, "8": 0.0, "9": 0.0327455119090086, "10": 0.022111073296534892, "11": 0.0, "12": 0.0}, "night": {"1": 0.24031270235599106, "2": 0.10407785771245616, "3": 0.13009782410649592, "4": 0.13284626669754573, "5": 0.09541725020298655, "6": 0.01032981879215724, "7": 0.08276848348138877, "8": 0.0, "9": 0.04769032190049992, "10": 0.15645947475047867, "11": 0.0, "12": 0.0}}}