{"morning": {"1": 0.20634035123977332, "2": 0.33860295928931616, "3": 0.2653556391146398, "4": 0.05376485590146472, "5": 0.09702980682409741, "6": 0.025611814423320563, "7": 0.013294573207388062, "8": 0.0, "9": 0.0, "10": 0.0, "11": 0.0, "12": 0.0}, "noon": {"1": 0.21273121547575702, "2": 0.25189538196200345, "3": 0.10675034049070341, "4": 0.1823471354053304, "5": 0.013334171567772835, "6": 0.009358933695307372, "7": 0.13812021906966723, "8": 0.08546260233345819, "9": 0.0, "10": 0.0, "11": 0.0, "12": 0.0}, "afternoon": {"1": 0.1843246080435806, "2": 0.21662549403396172, "3": 0.09193504569021997, "4": 0.1671707338810635, "5": 0.10724590459978696, "6": 0.02645511285001199, "7": 0.12426425852484164, "8": 0.08197884237653359, "9": 0.0, "10": 0.0, "11": 0.0, "12": 0.0}, "evening": {"1": 0.22308099932976524, "2": 0.23512930045846123, "3": 0.14392170601256601, "4": 0.0206425464631559, "5": 0.043892114402718334, "6": 0.0, "7": 0.3333333333333333, "8": 0.0, "9": 0.0, "10": 0.0, "11": 0.0, "12": 0.0}, "night": {"1": 0.1385748642828399, "2": 0.20511254812519947, "3": 0.2088722122963148, "4": 0.36508520966513625, "5": 0.04217000979353496, "6": 0.017957401290443698, "7": 0.0099654063405955, "8": 0.006138516704433771, "9": 0.0, "10": 0.006123831501501489, "11": 0.0, "12": 0.0}}