{"morning": {"1": 0.20634035123977332, "2": 0.33860295928931616, "3": 0.2653556391146398, "4": 0.05376485590146472, "5": 0.09702980682409741, "6": 0.025611814423320563, "7": 0.013294573207388062, "8": 0.0, "9": 0.0, "10": 0.0, "11": 0.0, "12": 0.0, "start": 1.0, "end": 3.0}, "noon": {"13": 0.21273121547575702, "14": 0.25189538196200345, "3": 0.10675034049070341, "4": 0.1823471354053304, "5": 0.013334171567772835, "6": 0.009358933695307372, "7": 0.13812021906966723, "8": 0.08546260233345819, "9": 0.0, "10": 0.0, "11": 0.0, "12": 0.0, "start": 3.0, "end": 4.0}, "afternoon": {"13": 0.1843246080435806, "14": 0.21662549403396172, "15": 0.09193504569021997, "4": 0.1671707338810635, "5": 0.10724590459978696, "6": 0.02645511285001199, "7": 0.12426425852484164, "8": 0.08197884237653359, "21": 0.0, "10": 0.0, "11": 0.0, "12": 0.0, "start": 4.0, "end": 7.0}, "evening": {"13": 0.22308099932976524, "14": 0.23512930045846123, "15": 0.14392170601256601, "16": 0.0206425464631559, "17": 0.043892114402718334, "18": 0.0, "7": 0.3333333333333333, "20": 0.0, "21": 0.0, "22": 0.0, "11": 0.0, "12": 0.0, "start": 7.0, "end": 14.0}, "night": {"1": 0.1385748642828399, "14": 0.20511254812519947, "15": 0.2088722122963148, "16": 0.36508520966513625, "17": 0.04217000979353496, "18": 0.017957401290443698, "19": 0.0099654063405955, "20": 0.006138516704433771, "21": 0.0, "22": 0.006123831501501489, "23": 0.0, "12": 0.0, "start": 14.0, "end": 1.0}}