{"morning": {"1": 0.04919627866595987, "2": 0.13816547768006002, "3": 0.15978173754132924, "4": 0.12073466511579574, "5": 0.0699444956517086, "6": 0.10817794314836014, "7": 0.04596254433815632, "8": 0.031446935960938824, "9": 0.028242761835706575, "10": 0.08846034612128231, "11": 0.12641038622888343, "12": 0.03347642771181877}, "noon": {"1": 0.050340832873903195, "2": 0.1331564765713589, "3": 0.11382508917722278, "4": 0.1261809847546703, "5": 0.05311579371847634, "6": 0.08239754086642521, "7": 0.04510908908900761, "8": 0.03168884995164652, "9": 0.030644267040161283, "10": 0.12764895986258082, "11": 0.15655025377497758, "12": 0.049341862319569406}, "afternoon": {"1": 0.05357460201109642, "2": 0.15340395983694535, "3": 0.12626672647332257, "4": 0.11370570703937688, "5": 0.07220416526590838, "6": 0.08919533884296649, "7": 0.033910922144270425, "8": 0.028370733043929886, "9": 0.031186971298721833, "10": 0.08856731990228696, "11": 0.16580505567271303, "12": 0.04380849846846158}, "evening": {"1": 0.07389620898942646, "2": 0.16041237924020563, "3": 0.17563658832422097, "4": 0.10893406702047007, "5": 0.06305787272536276, "6": 0.11200675828322307, "7": 0.056130433870749764, "8": 0.028063962073704186, "9": 0.022165728712219536, "10": 0.14014701949167135, "11": 0.03855099308008872, "12": 0.02099798818865746}, "night": {"1": 0.05925431746513802, "2": 0.1694556948720932, "3": 0.15589927928348893, "4": 0.10211808509073002, "5": 0.05988370599347688, "6": 0.08467203815435402, "7": 0.04725419479153913, "8": 0.034971452688928886, "9": 0.031127444035540918, "10": 0.12288591147832235, "11": 0.09313066248850851, "12": 0.039347213657879146}}