{"morning": {"13": 0.04919627866595987, "14": 0.13816547768006002, "3": 0.15978173754132924, "4": 0.12073466511579574, "5": 0.0699444956517086, "6": 0.10817794314836014, "7": 0.04596254433815632, "8": 0.031446935960938824, "9": 0.028242761835706575, "10": 0.08846034612128231, "11": 0.12641038622888343, "12": 0.03347642771181877, "start": 3.0, "end": 10.0}, "noon": {"13": 0.050340832873903195, "14": 0.1331564765713589, "15": 0.11382508917722278, "16": 0.1261809847546703, "17": 0.05311579371847634, "18": 0.08239754086642521, "19": 0.04510908908900761, "20": 0.03168884995164652, "21": 0.030644267040161283, "10": 0.12764895986258082, "11": 0.15655025377497758, "12": 0.049341862319569406, "start": 10.0, "end": 11.0}, "afternoon": {"13": 0.05357460201109642, "14": 0.15340395983694535, "15": 0.12626672647332257, "16": 0.11370570703937688, "17": 0.07220416526590838, "18": 0.08919533884296649, "19": 0.033910922144270425, "20": 0.028370733043929886, "21": 0.031186971298721833, "22": 0.08856731990228696, "11": 0.16580505567271303, "12": 0.04380849846846158, "start": 11.0, "end": 14.0}, "evening": {"13": 0.07389620898942646, "14": 0.16041237924020563, "15": 0.17563658832422097, "16": 0.10893406702047007, "17": 0.06305787272536276, "18": 0.11200675828322307, "19": 0.056130433870749764, "20": 0.028063962073704186, "21": 0.022165728712219536, "22": 0.14014701949167135, "23": 0.03855099308008872, "24": 0.02099798818865746, "start": 14.0, "end": 22.0}, "night": {"1": 0.05925431746513802, "2": 0.1694556948720932, "3": 0.15589927928348893, "4": 0.10211808509073002, "17": 0.05988370599347688, "6": 0.08467203815435402, "7": 0.04725419479153913, "8": 0.034971452688928886, "21": 0.031127444035540918, "22": 0.12288591147832235, "23": 0.09313066248850851, "24": 0.039347213657879146, "start": 22.0, "end": 3.0}}