{"start": {"morning": {"1": 0.014168221210920762, "2": 0.19416626108079765, "3": 0.2250100120320909, "4": 0.06375991353884781, "5": 0.1716321325268624, "6": 0.20504302379413425, "7": 0.021423724575234736, "8": 0.02031086911255926, "9": 0.012172936327527242, "10": 0.03258560226905221, "11": 0.02126763112177343, "12": 0.018459672410199468}, "noon": {"1": 0.12508856589791456, "2": 0.18166297502244858, "3": 0.17672497627995135, "4": 0.06066467294389484, "5": 0.13850946063100214, "6": 0.058914067894398514, "7": 0.09926760006826744, "8": 0.019718784462559202, "9": 0.015508049897136068, "10": 0.04534907179680768, "11": 0.04978730994935591, "12": 0.028804465156263726}, "afternoon": {"1": 0.04030301161649928, "2": 0.1094325679796826, "3": 0.15609032114844965, "4": 0.09591277657143202, "5": 0.09661801794127652, "6": 0.13895372663623343, "7": 0.04425676771622886, "8": 0.035555684041736126, "9": 0.03594482951641466, "10": 0.07588895124115323, "11": 0.11229595094804917, "12": 0.058747394642844473}, "evening": {"1": 0.1275103061597131, "2": 0.16335937221057673, "3": 0.2252255360242832, "4": 0.04268092549278943, "5": 0.12007969246252853, "6": 0.10791876778936636, "7": 0.10765225761714285, "8": 0.01466749835103185, "9": 0.009606372905371486, "10": 0.04213414328971847, "11": 0.026476658842421782, "12": 0.012688468855056251}, "night": {"1": 0.09474556081035679, "2": 0.24987588867510543, "3": 0.22633446072916086, "4": 0.04628376740381642, "5": 0.15521552623170004, "6": 0.07827755859791559, "7": 0.02046442938051051, "8": 0.021419087794154232, "9": 0.015480883700060875, "10": 0.03746822558060319, "11": 0.029742734441850143, "12": 0.02469187665476607}}, "end": {"morning": {"1": 0.1082056954742447, "2": 0.12817219748846248, "3": 0.218157765855225, "4": 0.02845337265313212, "5": 0.18788778818894494, "6": 0.05188533519232382, "7": 0.25171556755999336, "8": 0.0, "9": 0.0, "10": 0.0255222775876737, "11": 0.0, "12": 0.0}, "noon": {"1": 0.21862818462934264, "2": 0.18022965036879307, "3": 0.17617603952548133, "4": 0.04386547828153666, "5": 0.13966309546570094, "6": 0.04962997604563295, "7": 0.12837794896101196, "8": 0.0, "9": 0.0, "10": 0.06342962672250045, "11": 0.0, "12": 0.0}, "afternoon": {"1": 0.14182536587493594, "2": 0.13227792181648718, "3": 0.08292034149901564, "4": 0.03654132897389151, "5": 0.05805806819522345, "6": 0.04837697364044628, "7": 0.5, "8": 0.0, "9": 0.0, "10": 0.0, "11": 0.0, "12": 0.0}, "evening": {"1": 0.3013510961948579, "2": 0.1845312284185705, "3": 0.19652305968007142, "4": 0.0253473911747922, "5": 0.12671723375017557, "6": 0.03788423669775526, "7": 0.1097803917501951, "8": 0.0, "9": 0.0, "10": 0.01786536233358206, "11": 0.0, "12": 0.0}, "night": {"1": 0.0982526280550415, "2": 0.1214686215023676, "3": 0.22979845936531668, "4": 0.030290519616416493, "5": 0.24720433796251945, "6": 0.048384402312144914, "7": 0.19669154427274674, "8": 0.0, "9": 0.0, "10": 0.027909486913446614, "11": 0.0, "12": 0.0}}}