{"before morning": {"1": 0.8656762276389997, "2": 0.0, "3": 0.0, "4": 0.0, "5": 0.07627243999572109, "6": 0.0, "7": 0.05805133236527928, "8": 0.0, "9": 0.0, "10": 0.0, "11": 0.0, "12": 0.0}, "morning": {"1": 0.8589151685755045, "2": 0.0, "3": 0.01589723803180466, "4": 0.012165632239273114, "5": 0.06276034967736717, "6": 0.0, "7": 0.0, "8": 0.05026161147605051, "9": 0.0, "10": 0.0, "11": 0.0, "12": 0.0}, "noon": {"1": 0.4905432751491935, "2": 0.0, "3": 0.08501891184125711, "4": 0.09531932286947394, "5": 0.12973024808250516, "6": 0.0, "7": 0.0788092485362907, "8": 0.12057899352127963, "9": 0.0, "10": 0.0, "11": 0.0, "12": 0.0}, "afternoon": {"1": 0.7704102905985267, "2": 0.0, "3": 0.023647066112605752, "4": 0.01291144420759815, "5": 0.0334493596141768, "6": 0.0, "7": 0.08296128571162338, "8": 0.042810806053941476, "9": 0.0, "10": 0.033809747701527726, "11": 0.0, "12": 0.0}, "evening": {"1": 0.812554395995717, "2": 0.0, "3": 0.04881856208252805, "4": 0.0, "5": 0.03928626733324605, "6": 0.0, "7": 0.06083937901862523, "8": 0.03850139556988367, "9": 0.0, "10": 0.0, "11": 0.0, "12": 0.0}, "night": {"1": 0.8241839480584616, "2": 0.0, "3": 0.1031142491619929, "4": 0.025806666077322658, "5": 0.02787932004829502, "6": 0.0, "7": 0.01901581665392793, "8": 0.0, "9": 0.0, "10": 0.0, "11": 0.0, "12": 0.0}}