{"morning": {"1": 0.8589151685755045, "14": 0.0, "3": 0.01589723803180466, "4": 0.012165632239273114, "5": 0.06276034967736717, "18": 0.0, "19": 0.0, "8": 0.05026161147605051, "9": 0.0, "10": 0.0, "11": 0.0, "12": 0.0, "start": 1.0, "end": 3.0}, "noon": {"13": 0.4905432751491935, "14": 0.0, "3": 0.08501891184125711, "4": 0.09531932286947394, "5": 0.12973024808250516, "18": 0.0, "7": 0.0788092485362907, "8": 0.12057899352127963, "9": 0.0, "10": 0.0, "11": 0.0, "12": 0.0, "start": 3.0, "end": 8.0}, "afternoon": {"13": 0.7704102905985267, "14": 0.0, "15": 0.023647066112605752, "16": 0.01291144420759815, "17": 0.0334493596141768, "18": 0.0, "7": 0.08296128571162338, "8": 0.042810806053941476, "21": 0.0, "10": 0.033809747701527726, "11": 0.0, "12": 0.0, "start": 8.0, "end": 13.0}, "evening": {"13": 0.812554395995717, "14": 0.0, "15": 0.04881856208252805, "16": 0.0, "17": 0.03928626733324605, "18": 0.0, "19": 0.06083937901862523, "20": 0.03850139556988367, "21": 0.0, "22": 0.0, "11": 0.0, "12": 0.0, "start": 13.0, "end": 15.0}, "night": {"1": 0.8241839480584616, "14": 0.0, "15": 0.1031142491619929, "16": 0.025806666077322658, "17": 0.02787932004829502, "18": 0.0, "19": 0.01901581665392793, "20": 0.0, "21": 0.0, "22": 0.0, "23": 0.0, "12": 0.0, "start": 15.0, "end": 1.0}}