{"morning": {"1": 0.11740168374449773, "2": 0.3333351412111697, "3": 0.1892541243145096, "4": 0.2774178068226748, "5": 0.0, "6": 0.0, "7": 0.08259124390714809, "8": 0.0, "9": 0.0, "10": 0.0, "11": 0.0, "12": 0.0}, "noon": {"1": 0.20220683160010827, "2": 0.30481633294118443, "3": 0.17439917860598356, "4": 0.24574892083804423, "5": 0.0, "6": 0.0, "7": 0.07282873601467954, "8": 0.0, "9": 0.0, "10": 0.0, "11": 0.0, "12": 0.0}, "afternoon": {"1": 0.0943549491321681, "2": 0.4844047742408549, "3": 0.19268741268736073, "4": 0.17839589074399478, "5": 0.0, "6": 0.0, "7": 0.05015697319562142, "8": 0.0, "9": 0.0, "10": 0.0, "11": 0.0, "12": 0.0}, "evening": {"1": 0.1638742617306926, "2": 0.35172286962597604, "3": 0.19577894967623496, "4": 0.21355328860113124, "5": 0.0, "6": 0.0, "7": 0.0750706303659651, "8": 0.0, "9": 0.0, "10": 0.0, "11": 0.0, "12": 0.0}, "night": {"1": 0.12668646059867059, "2": 0.3871498897078338, "3": 0.17004926301124434, "4": 0.2259865881057838, "5": 0.0, "6": 0.0, "7": 0.0901277985764675, "8": 0.0, "9": 0.0, "10": 0.0, "11": 0.0, "12": 0.0}}