{"morning": {"1": 0.11740168374449773, "2": 0.3333351412111697, "3": 0.1892541243145096, "4": 0.2774178068226748, "17": 0.0, "18": 0.0, "7": 0.08259124390714809, "8": 0.0, "9": 0.0, "10": 0.0, "11": 0.0, "12": 0.0, "start": 2.0, "end": 4.0}, "noon": {"13": 0.20220683160010827, "14": 0.30481633294118443, "3": 0.17439917860598356, "4": 0.24574892083804423, "17": 0.0, "18": 0.0, "7": 0.07282873601467954, "20": 0.0, "9": 0.0, "10": 0.0, "11": 0.0, "12": 0.0, "start": 4.0, "end": 14.0}, "afternoon": {"13": 0.0943549491321681, "14": 0.4844047742408549, "15": 0.19268741268736073, "16": 0.17839589074399478, "17": 0.0, "18": 0.0, "7": 0.05015697319562142, "20": 0.0, "21": 0.0, "10": 0.0, "11": 0.0, "12": 0.0, "start": 14.0, "end": 15.0}, "evening": {"13": 0.1638742617306926, "14": 0.35172286962597604, "15": 0.19577894967623496, "16": 0.21355328860113124, "17": 0.0, "18": 0.0, "19": 0.0750706303659651, "20": 0.0, "21": 0.0, "22": 0.0, "11": 0.0, "12": 0.0, "start": 15.0, "end": 16.0}, "night": {"1": 0.12668646059867059, "2": 0.3871498897078338, "3": 0.17004926301124434, "16": 0.2259865881057838, "17": 0.0, "18": 0.0, "19": 0.0901277985764675, "20": 0.0, "21": 0.0, "22": 0.0, "23": 0.0, "12": 0.0, "start": 16.0, "end": 2.0}}