{"start": {"morning": {"1": 0.07348200284705245, "2": 0.4256230663595033, "3": 0.18383848224668933, "4": 0.0563226334133585, "5": 0.0, "6": 0.0, "7": 0.2607338151333964, "8": 0.0, "9": 0.0, "10": 0.0, "11": 0.0, "12": 0.0}, "noon": {"1": 0.04391313838529113, "2": 0.2968428816602689, "3": 0.22770823765503315, "4": 0.06075184286073601, "5": 0.0, "6": 0.0, "7": 0.3707838994386708, "8": 0.0, "9": 0.0, "10": 0.0, "11": 0.0, "12": 0.0}, "afternoon": {"1": 0.030093591092542137, "2": 0.5533098130421371, "3": 0.27472549414952846, "4": 0.04189816294206883, "5": 0.0, "6": 0.0, "7": 0.09997293877372344, "8": 0.0, "9": 0.0, "10": 0.0, "11": 0.0, "12": 0.0}, "evening": {"1": 0.036145123330706755, "2": 0.4081511804929419, "3": 0.32209977213700536, "4": 0.04134620205021667, "5": 0.0, "6": 0.0, "7": 0.19225772198912935, "8": 0.0, "9": 0.0, "10": 0.0, "11": 0.0, "12": 0.0}, "night": {"1": 0.06124836900055484, "2": 0.3228437818565189, "3": 0.17125660603674195, "4": 0.06407629875322726, "5": 0.0, "6": 0.0, "7": 0.3805749443529571, "8": 0.0, "9": 0.0, "10": 0.0, "11": 0.0, "12": 0.0}}, "end": {"morning": {"1": 0.07996542394062299, "2": 0.41082806933040783, "3": 0.22598863009134176, "4": 0.05659937996068791, "5": 0.0, "6": 0.0, "7": 0.22661849667693953, "8": 0.0, "9": 0.0, "10": 0.0, "11": 0.0, "12": 0.0}, "noon": {"1": 0.04656020902704283, "2": 0.29622123921944965, "3": 0.29546593237619917, "4": 0.08353773843515239, "5": 0.0, "6": 0.0, "7": 0.2782148809421559, "8": 0.0, "9": 0.0, "10": 0.0, "11": 0.0, "12": 0.0}, "afternoon": {"1": 0.034374542437721166, "2": 0.5107202896633081, "3": 0.29766906381591707, "4": 0.05248461888853831, "5": 0.0, "6": 0.0, "7": 0.1047514851945154, "8": 0.0, "9": 0.0, "10": 0.0, "11": 0.0, "12": 0.0}, "evening": {"1": 0.034704368341308335, "2": 0.3513616646702151, "3": 0.3978154838940962, "4": 0.039607788113023325, "5": 0.0, "6": 0.0, "7": 0.176510694981357, "8": 0.0, "9": 0.0, "10": 0.0, "11": 0.0, "12": 0.0}, "night": {"1": 0.07299522472644297, "2": 0.3423554192972565, "3": 0.21652205455712148, "4": 0.04195424457332125, "5": 0.0, "6": 0.0, "7": 0.3261730568458578, "8": 0.0, "9": 0.0, "10": 0.0, "11": 0.0, "12": 0.0}}}