{"morning": {"1": 0.1330073580158067, "2": 0.0, "3": 0.08368795370215656, "4": 0.042493209476922075, "5": 0.006234139430023809, "6": 0.5719846722954476, "7": 0.0878712860340502, "8": 0.0, "9": 0.0, "10": 0.07472138104559303, "11": 0.0, "12": 0.0}, "noon": {"1": 0.06900989744243954, "2": 0.0, "3": 0.04788007387877278, "4": 0.012090787994079746, "5": 0.049613482032575276, "6": 0.6795435883496639, "7": 0.08863261397109404, "8": 0.0, "9": 0.0, "10": 0.053229556331374675, "11": 0.0, "12": 0.0}, "afternoon": {"1": 0.08918493489911082, "2": 0.0, "3": 0.05606417881032386, "4": 0.016194385461843736, "5": 0.01745379889487204, "6": 0.7511863630824323, "7": 0.044255105467553346, "8": 0.0, "9": 0.0, "10": 0.025661233383863846, "11": 0.0, "12": 0.0}, "evening": {"1": 0.31029270529907893, "2": 0.0, "3": 0.0755705026841052, "4": 0.014832053536525159, "5": 0.01761162797840081, "6": 0.42646851506964817, "7": 0.08360368545073849, "8": 0.0, "9": 0.0, "10": 0.0716209099815033, "11": 0.0, "12": 0.0}, "night": {"1": 0.1651334125853607, "2": 0.0, "3": 0.13736132076164206, "4": 0.024557140869593968, "5": 0.010156437976418293, "6": 0.40484324882257966, "7": 0.2165082273628947, "8": 0.0, "9": 0.0, "10": 0.04144021162151053, "11": 0.0, "12": 0.0}}