{"morning": {"1": 0.2978825668436563, "2": 0.0, "3": 0.060617976376182686, "4": 0.0, "5": 0.0, "6": 0.5600945753858529, "7": 0.048417129168077694, "8": 0.0, "9": 0.0, "10": 0.03298775222623036, "11": 0.0, "12": 0.0}, "noon": {"1": 0.06008822717853499, "2": 0.0, "3": 0.039658536849419744, "4": 0.0, "5": 0.08558253871720826, "6": 0.6793237569436498, "7": 0.08858669515387489, "8": 0.0, "9": 0.0, "10": 0.04676024515731227, "11": 0.0, "12": 0.0}, "afternoon": {"1": 0.1611339720228874, "2": 0.0, "3": 0.0968589296526536, "4": 0.0, "5": 0.01884388056883506, "6": 0.6192344751514667, "7": 0.07702002176983273, "8": 0.0, "9": 0.0, "10": 0.026908720834324506, "11": 0.0, "12": 0.0}, "evening": {"1": 0.4946899573042801, "2": 0.0, "3": 0.03385886163544685, "4": 0.0, "5": 0.00923897364028381, "6": 0.3705915860315374, "7": 0.05523944412539696, "8": 0.0, "9": 0.0, "10": 0.036381177263054953, "11": 0.0, "12": 0.0}, "night": {"1": 0.21420548742513057, "2": 0.0, "3": 0.18651248602549725, "4": 0.012754553357194266, "5": 0.0, "6": 0.3844047517736142, "7": 0.16000315153630973, "8": 0.0, "9": 0.0, "10": 0.042119569882253946, "11": 0.0, "12": 0.0}}