{"morning": {"1": 0.2978825668436563, "14": 0.0, "3": 0.060617976376182686, "16": 0.0, "17": 0.0, "6": 0.5600945753858529, "7": 0.048417129168077694, "8": 0.0, "9": 0.0, "10": 0.03298775222623036, "11": 0.0, "12": 0.0, "start": 1.0, "end": 3.0}, "noon": {"13": 0.06008822717853499, "14": 0.0, "3": 0.039658536849419744, "16": 0.0, "5": 0.08558253871720826, "6": 0.6793237569436498, "7": 0.08858669515387489, "20": 0.0, "9": 0.0, "10": 0.04676024515731227, "11": 0.0, "12": 0.0, "start": 3.0, "end": 6.0}, "afternoon": {"13": 0.1611339720228874, "14": 0.0, "3": 0.0968589296526536, "16": 0.0, "5": 0.01884388056883506, "6": 0.6192344751514667, "7": 0.07702002176983273, "20": 0.0, "21": 0.0, "10": 0.026908720834324506, "11": 0.0, "12": 0.0, "start": 6.0, "end": 13.0}, "evening": {"13": 0.4946899573042801, "14": 0.0, "15": 0.03385886163544685, "16": 0.0, "17": 0.00923897364028381, "18": 0.3705915860315374, "19": 0.05523944412539696, "20": 0.0, "21": 0.0, "22": 0.036381177263054953, "11": 0.0, "12": 0.0, "start": 13.0, "end": 18.0}, "night": {"1": 0.21420548742513057, "14": 0.0, "15": 0.18651248602549725, "16": 0.012754553357194266, "17": 0.0, "18": 0.3844047517736142, "19": 0.16000315153630973, "20": 0.0, "21": 0.0, "22": 0.042119569882253946, "23": 0.0, "12": 0.0, "start": 18.0, "end": 1.0}}