{"morning": {"1": 0.1330073580158067, "14": 0.0, "3": 0.08368795370215656, "4": 0.042493209476922075, "5": 0.006234139430023809, "6": 0.5719846722954476, "7": 0.0878712860340502, "8": 0.0, "9": 0.0, "10": 0.07472138104559303, "11": 0.0, "12": 0.0, "start": 1.0, "end": 3.0}, "noon": {"13": 0.06900989744243954, "14": 0.0, "3": 0.04788007387877278, "4": 0.012090787994079746, "5": 0.049613482032575276, "6": 0.6795435883496639, "7": 0.08863261397109404, "20": 0.0, "9": 0.0, "10": 0.053229556331374675, "11": 0.0, "12": 0.0, "start": 3.0, "end": 6.0}, "afternoon": {"13": 0.08918493489911082, "14": 0.0, "3": 0.05606417881032386, "4": 0.016194385461843736, "17": 0.01745379889487204, "6": 0.7511863630824323, "7": 0.044255105467553346, "20": 0.0, "21": 0.0, "10": 0.025661233383863846, "11": 0.0, "12": 0.0, "start": 6.0, "end": 7.0}, "evening": {"13": 0.31029270529907893, "14": 0.0, "15": 0.0755705026841052, "16": 0.014832053536525159, "17": 0.01761162797840081, "18": 0.42646851506964817, "7": 0.08360368545073849, "20": 0.0, "21": 0.0, "10": 0.0716209099815033, "11": 0.0, "12": 0.0, "start": 7.0, "end": 18.0}, "night": {"1": 0.1651334125853607, "14": 0.0, "3": 0.13736132076164206, "4": 0.024557140869593968, "17": 0.010156437976418293, "18": 0.40484324882257966, "19": 0.2165082273628947, "20": 0.0, "21": 0.0, "22": 0.04144021162151053, "23": 0.0, "12": 0.0, "start": 18.0, "end": 1.0}}