{"morning": {"1": 0.18231277172279245, "2": 0.1605000862261481, "3": 0.18652111678954614, "4": 0.0962501924281071, "5": 0.3147070064983849, "6": 0.0, "7": 0.05970882633502147, "8": 0.0, "9": 0.0, "10": 0.0, "11": 0.0, "12": 0.0}, "noon": {"1": 0.3251484153709412, "2": 0.13139772695156796, "3": 0.12516389577654555, "4": 0.03735124868669961, "5": 0.36543543804616346, "6": 0.0, "7": 0.015503275168082252, "8": 0.0, "9": 0.0, "10": 0.0, "11": 0.0, "12": 0.0}, "afternoon": {"1": 0.5390898292398006, "2": 0.07155984622330114, "3": 0.040702898856360005, "4": 0.12416136367097323, "5": 0.22448606200956497, "6": 0.0, "7": 0.0, "8": 0.0, "9": 0.0, "10": 0.0, "11": 0.0, "12": 0.0}, "night": {"1": 0.26885442465628806, "2": 0.211807653687409, "3": 0.16416651524470566, "4": 0.07970803318625752, "5": 0.20077019144452193, "6": 0.0, "7": 0.07469318178081777, "8": 0.0, "9": 0.0, "10": 0.0, "11": 0.0, "12": 0.0}}