{"morning": {"1": 0.1938995820228408, "2": 0.15722480256959723, "3": 0.19245285092618758, "4": 0.11658463660552175, "5": 0.2681649074325671, "6": 0.010484372220865847, "7": 0.06118884822241968, "20": 0.0, "9": 0.0, "10": 0.0, "11": 0.0, "12": 0.0, "start": 1.0, "end": 5.0}, "noon": {"13": 0.21090330853228742, "2": 0.11382145005014283, "15": 0.13716393360101384, "4": 0.1035871578964282, "5": 0.4145100424681924, "6": 0.0026614456255256817, "7": 0.01735266182640969, "20": 0.0, "21": 0.0, "10": 0.0, "11": 0.0, "12": 0.0, "start": 5.0, "end": 13.0}, "afternoon": {"13": 0.3566493568448676, "14": 0.22151726878692815, "15": 0.08405873879392764, "16": 0.1392687306145657, "17": 0.1901023642381136, "18": 0.008403540721597127, "19": 0.0, "20": 0.0, "21": 0.0, "22": 0.0, "11": 0.0, "12": 0.0, "start": 13.0, "end": 14.0}, "night": {"1": 0.23379773403822163, "14": 0.19373958472578276, "15": 0.14545011643132466, "16": 0.09871526775749424, "17": 0.23366092249236722, "18": 0.01366015807256242, "19": 0.08097621648224708, "20": 0.0, "21": 0.0, "22": 0.0, "23": 0.0, "12": 0.0, "start": 14.0, "end": 1.0}}