{"morning": {"1": 0.18231277172279245, "2": 0.1605000862261481, "3": 0.18652111678954614, "4": 0.0962501924281071, "5": 0.3147070064983849, "18": 0.0, "7": 0.05970882633502147, "20": 0.0, "9": 0.0, "10": 0.0, "11": 0.0, "12": 0.0, "start": 1.0, "end": 5.0}, "noon": {"13": 0.3251484153709412, "14": 0.13139772695156796, "3": 0.12516389577654555, "4": 0.03735124868669961, "5": 0.36543543804616346, "18": 0.0, "7": 0.015503275168082252, "20": 0.0, "21": 0.0, "10": 0.0, "11": 0.0, "12": 0.0, "start": 5.0, "end": 13.0}, "afternoon": {"13": 0.5390898292398006, "14": 0.07155984622330114, "15": 0.040702898856360005, "16": 0.12416136367097323, "5": 0.22448606200956497, "18": 0.0, "19": 0.0, "20": 0.0, "21": 0.0, "22": 0.0, "11": 0.0, "12": 0.0, "start": 13.0, "end": 14.0}, "night": {"1": 0.26885442465628806, "14": 0.211807653687409, "15": 0.16416651524470566, "16": 0.07970803318625752, "17": 0.20077019144452193, "18": 0.0, "19": 0.07469318178081777, "20": 0.0, "21": 0.0, "22": 0.0, "23": 0.0, "12": 0.0, "start": 14.0, "end": 1.0}}