{"morning": {"1": 0.004133633749469995, "2": 0.3389484195292189, "3": 0.24284196063229652, "4": 0.06620063567907117, "5": 0.04663683533322159, "6": 0.05130655427203814, "7": 0.12058010365207864, "8": 0.043747296210529474, "9": 0.012503276701364729, "10": 0.04691903739136962, "11": 0.0, "12": 0.02618224684934122, "start": 2.0, "end": 3.0}, "noon": {"13": 0.0058073512338056394, "14": 0.42800840417515257, "3": 0.23622243830253237, "4": 0.07984708196272577, "5": 0.034105847219353884, "6": 0.029810579359793078, "7": 0.10459430960607621, "8": 0.02449317111836083, "9": 0.00976331917134616, "10": 0.026721365300865448, "11": 0.0, "12": 0.02062613254998787, "start": 3.0, "end": 7.0}, "afternoon": {"13": 0.0020691428955948747, "14": 0.5620415204318487, "15": 0.15933733411956652, "16": 0.03710267278976405, "17": 0.020715239529438302, "18": 0.04738251933214608, "7": 0.10650612618435311, "8": 0.0326062530467004, "9": 0.005995255853403776, "10": 0.015442691865471678, "11": 0.0, "12": 0.010801243951712313, "start": 7.0, "end": 14.0}, "evening": {"13": 0.0054638369385544595, "14": 0.4540973045684475, "15": 0.1845782686775909, "16": 0.06773774562903631, "17": 0.05376075233607571, "18": 0.022625609544730918, "19": 0.09850763090818612, "20": 0.029131359979482428, "21": 0.02490934110659293, "22": 0.042555388923718226, "11": 0.0, "24": 0.016632761387584537, "start": 14.0, "end": 15.0}, "night": {"1": 0.00822611967004819, "2": 0.40802713105536903, "15": 0.19178404909182914, "16": 0.07034111862603756, "17": 0.04620341053781863, "18": 0.02039585543299379, "19": 0.13271763812149817, "20": 0.043324471644842724, "21": 0.018360568274152205, "22": 0.04047156934307478, "23": 0.0, "24": 0.020148068202335844, "start": 15.0, "end": 2.0}}