{"morning": {"13": 0.0, "2": 0.3551686862162622, "3": 0.25536928736750364, "4": 0.07008725066656367, "5": 0.04217081533183441, "6": 0.04873889226756583, "7": 0.12727870312683215, "8": 0.03088516227941368, "9": 0.0, "10": 0.04787439809927298, "11": 0.0, "12": 0.022426804644751403, "start": 2.0, "end": 3.0}, "noon": {"13": 0.0, "14": 0.4957286941334707, "3": 0.26556619296102013, "4": 0.07038801409432302, "5": 0.020698643751144153, "6": 0.012389650526670955, "7": 0.09720825599880846, "8": 0.021780915544292102, "9": 0.0, "10": 0.01623963299027052, "11": 0.0, "12": 0.0, "start": 3.0, "end": 14.0}, "afternoon": {"13": 0.0, "14": 0.6172437478889397, "15": 0.17550659658533344, "16": 0.016965077812983627, "17": 0.009377023789119397, "18": 0.03745659198930281, "19": 0.10933410783485993, "20": 0.029608748256267397, "21": 0.0, "22": 0.0045081058431936495, "11": 0.0, "12": 0.0, "start": 14.0, "end": 15.0}, "evening": {"13": 0.0, "14": 0.4829882019518202, "15": 0.19074433747595015, "16": 0.07134651446269716, "17": 0.0572209554476666, "18": 0.012617143783047232, "19": 0.10262820311247245, "8": 0.019591295547167976, "9": 0.017545591016906406, "22": 0.0432343192381994, "11": 0.0, "24": 0.0020834379640723615, "start": 15.0, "end": 19.0}, "night": {"13": 0.0, "2": 0.446623120083905, "3": 0.20154679352216381, "16": 0.07714419478084461, "17": 0.038344644315533326, "18": 0.009395296040683433, "19": 0.14580721676833683, "20": 0.03435457606062533, "21": 0.00813578917267989, "22": 0.029247108686569982, "23": 0.0, "24": 0.009401260568657786, "start": 19.0, "end": 2.0}}