{"start": {"morning": {"1": 0.0, "2": 0.5690758591358476, "3": 0.11926520819844949, "4": 0.0387392635929232, "5": 0.04085466412201409, "6": 0.08052782553000933, "7": 0.08856742969910729, "8": 0.0347674062734468, "9": 0.028202343448202237, "10": 0.0, "11": 0.0, "12": 0.0}, "noon": {"1": 0.0, "2": 0.4041261242779999, "3": 0.10742203779597936, "4": 0.03983143641034995, "5": 0.034024388911345196, "6": 0.04600991024092308, "7": 0.25767217047006064, "8": 0.09478609224521325, "9": 0.016127839648128646, "10": 0.0, "11": 0.0, "12": 0.0}, "afternoon": {"1": 0.0, "2": 0.7170356009838217, "3": 0.08111671288139391, "4": 0.022228640608384666, "5": 0.021558220239372903, "6": 0.051979942265219604, "7": 0.07859897478589471, "8": 0.02748190823591251, "9": 0.0, "10": 0.0, "11": 0.0, "12": 0.0}, "evening": {"1": 0.0, "2": 0.5125613535986073, "3": 0.147921781263909, "4": 0.02397424243706514, "5": 0.029348988988992283, "6": 0.11416509848003874, "7": 0.11961523959423989, "8": 0.030992871450710193, "9": 0.021420424186437543, "10": 0.0, "11": 0.0, "12": 0.0}, "night": {"1": 0.0, "2": 0.46964950503091885, "3": 0.17000091173877024, "4": 0.0313996855495327, "5": 0.048144581667752435, "6": 0.07600964741303834, "7": 0.17215845152217057, "8": 0.032637217077816846, "9": 0.0, "10": 0.0, "11": 0.0, "12": 0.0}}, "end": {"morning": {"1": 0.0, "2": 0.5164226379009356, "3": 0.06519983885809798, "4": 0.10723505797662336, "5": 0.08110421731635278, "6": 0.024596098045492763, "7": 0.10652816930613618, "8": 0.07014785956414389, "9": 0.013240392608319107, "10": 0.015525728423898384, "11": 0.0, "12": 0.0}, "noon": {"1": 0.0, "2": 0.5317615045690731, "3": 0.09950632938702257, "4": 0.0715394451998036, "5": 0.05796513317883033, "6": 0.019917003423215146, "7": 0.08210849741220204, "8": 0.07638784706890718, "9": 0.02019893772188749, "10": 0.034107513594294744, "11": 0.0, "12": 0.0065077884447638}, "afternoon": {"1": 0.0, "2": 0.6888049072813819, "3": 0.0817159379491324, "4": 0.025850711587683175, "5": 0.023721845312670863, "6": 0.014265456750826033, "7": 0.13274055568321427, "8": 0.032900585435091355, "9": 0.0, "10": 0.0, "11": 0.0, "12": 0.0}, "evening": {"1": 0.0, "2": 0.5278674171888822, "3": 0.05903053987044803, "4": 0.04221602385145548, "5": 0.08378777359035092, "6": 0.034778184601844904, "7": 0.1471225363969617, "8": 0.07452131626688004, "9": 0.017695563518077724, "10": 0.012980644715099068, "11": 0.0, "12": 0.0}, "night": {"1": 0.0, "2": 0.46463211253730785, "3": 0.12769065129853416, "4": 0.05840107577328036, "5": 0.06303873817489049, "6": 0.013127634715259129, "7": 0.13820772986140137, "8": 0.0714972646323736, "9": 0.03591587175963571, "10": 0.01955099089232721, "11": 0.0, "12": 0.007937930354990108}}}