{"morning": {"1": 0.780123262027905, "2": 0.0385043060694919, "3": 0.05793074768052566, "4": 0.0392496458080436, "5": 0.03590188903931382, "6": 0.025031451257230282, "7": 0.0019311288883950399, "8": 0.016162941764345847, "9": 0.005164627464748846, "10": 0.0, "11": 0.0, "12": 0.0, "start": 1.0, "end": 2.0}, "noon": {"13": 0.5683497851030734, "2": 0.07671736272182486, "3": 0.08175990028554168, "16": 0.03256795543451609, "17": 0.04683164923038415, "18": 0.04435687448785557, "7": 0.00995110127168391, "8": 0.09617454580984017, "9": 0.02586340399933773, "10": 0.017427421655942497, "11": 0.0, "12": 0.0, "start": 2.0, "end": 3.0}, "afternoon": {"13": 0.5905369771430541, "14": 0.07759509963034444, "3": 0.09240172744855835, "4": 0.037998363411839424, "5": 0.055385889529817885, "6": 0.037461929736097986, "7": 0.012677964988812532, "8": 0.046114500926428326, "9": 0.02283920148539315, "10": 0.02698834569965402, "11": 0.0, "12": 0.0, "start": 3.0, "end": 13.0}, "evening": {"13": 0.7275902290984277, "14": 0.0796992330661352, "15": 0.06604942187911482, "16": 0.03131402956452505, "5": 0.02467571584426252, "18": 0.017407972932626897, "7": 0.0038247838519911157, "8": 0.03527577737396632, "21": 0.002626816068673112, "22": 0.011536020320277273, "11": 0.0, "12": 0.0, "start": 13.0, "end": 14.0}, "night": {"1": 0.6245392652772979, "14": 0.08461141763291989, "15": 0.09525170329646503, "16": 0.03533249795335874, "17": 0.03414782110076118, "18": 0.038880420972227075, "19": 0.009491297308034023, "20": 0.05488575757838662, "21": 0.008707593709516981, "22": 0.014152225171032713, "23": 0.0, "12": 0.0, "start": 14.0, "end": 1.0}}