{"start": {"morning": {"1": 0.8003328751178523, "2": 0.032413262798189145, "3": 0.03594118803139115, "4": 0.018493583664435095, "5": 0.048442540286888984, "6": 0.016973141557944656, "7": 0.0, "8": 0.03162704173106146, "9": 0.0, "10": 0.015776366812237274, "11": 0.0, "12": 0.0}, "noon": {"1": 0.25037355609481055, "2": 0.09652658537228292, "3": 0.12393373167222739, "4": 0.038338712236163974, "5": 0.1405877852507272, "6": 0.0986184991388489, "7": 0.04790816873588631, "8": 0.09707044958711156, "9": 0.03888241088951275, "10": 0.06776010102242858, "11": 0.0, "12": 0.0}, "afternoon": {"1": 0.5567972605297911, "2": 0.05818763410441844, "3": 0.10939639303121129, "4": 0.04184536454598857, "5": 0.08388451947423733, "6": 0.05269235940728189, "7": 0.02664211337608527, "8": 0.04762628385765, "9": 0.0, "10": 0.02292807167333618, "11": 0.0, "12": 0.0}, "evening": {"1": 0.5660276714210514, "2": 0.07643111778648569, "3": 0.08397116187865777, "4": 0.02116707451545344, "5": 0.07475192026692254, "6": 0.05590352000907279, "7": 0.02944099119587208, "8": 0.07123207657445874, "9": 0.0, "10": 0.021074466352025496, "11": 0.0, "12": 0.0}, "night": {"1": 0.45515731976421375, "2": 0.10077652991269717, "3": 0.0837717082389915, "4": 0.030477982134176716, "5": 0.07208149870834103, "6": 0.06102442535796765, "7": 0.03779622106680773, "8": 0.11594502435779724, "9": 0.005903882381593494, "10": 0.03706540807741363, "11": 0.0, "12": 0.0}}, "end": {"morning": {"1": 0.7700194708841821, "2": 0.04803735351073631, "3": 0.034170762104278926, "4": 0.01106292027764407, "5": 0.028980772130135876, "6": 0.01606411034852106, "7": 0.012684026623756037, "8": 0.06308474805694984, "9": 0.0, "10": 0.015895836063795896, "11": 0.0, "12": 0.0}, "noon": {"1": 0.2664196489165487, "2": 0.11062451001937862, "3": 0.12047350883038552, "4": 0.02709539705416787, "5": 0.09287327707565918, "6": 0.08255603403223907, "7": 0.0507576465215937, "8": 0.135917057276725, "9": 0.0501719274406554, "10": 0.06311099283264696, "11": 0.0, "12": 0.0}, "afternoon": {"1": 0.5443678082984275, "2": 0.07863855947425079, "3": 0.09498710344710354, "4": 0.03227184613428879, "5": 0.05870433747086821, "6": 0.046181104859283, "7": 0.02569966114649142, "8": 0.08674822803705877, "9": 0.013679166937490527, "10": 0.018722184194737625, "11": 0.0, "12": 0.0}, "evening": {"1": 0.5683817749977549, "2": 0.07750949420823156, "3": 0.06009502703582508, "4": 0.01079021653576355, "5": 0.03749695490139078, "6": 0.049344720167801996, "7": 0.033834535895385355, "8": 0.13933831466109173, "9": 0.010694703181596281, "10": 0.012514258415158852, "11": 0.0, "12": 0.0}, "night": {"1": 0.5355138583624126, "2": 0.09431923474253621, "3": 0.05106130427477576, "4": 0.016254968516173952, "5": 0.03119236406631207, "6": 0.03931835786341899, "7": 0.03707810908817533, "8": 0.16082517620585313, "9": 0.010751050878902175, "10": 0.023685576001439664, "11": 0.0, "12": 0.0}}}