{"morning": {"13": 0.0, "14": 0.0, "15": 0.0, "4": 1.0, "17": 0.0, "18": 0.0, "19": 0.0, "8": 0.0, "9": 0.0, "10": 0.0, "11": 0.0, "12": 0.0, "start": 1.9999999999999991, "end": 4.0}, "noon": {"13": 0.0, "14": 0.0, "15": 0.0, "4": 1.0, "17": 0.0, "18": 0.0, "19": 0.0, "20": 0.0, "9": 0.0, "10": 0.0, "11": 0.0, "12": 0.0, "start": 4.0, "end": 5.0}, "afternoon": {"13": 0.0, "14": 0.0, "15": 0.0, "16": 1.0, "17": 0.0, "18": 0.0, "19": 0.0, "20": 0.0, "21": 0.0, "10": 0.0, "11": 0.0, "12": 0.0, "start": 5.0, "end": 16.0}, "evening": {"13": 0.0, "14": 0.0, "15": 1.0, "17": 0.0, "18": 0.0, "19": 0.0, "20": 0.0, "21": 0.0, "22": 0.0, "11": 0.0, "12": 0.0, "start": 16.0, "end": 17.0}, "night": {"13": 0.0, "2": 0.4109254720060073, "15": 0.0, "4": 0.5890745279939927, "17": 0.0, "18": 0.0, "19": 0.0, "20": 0.0, "21": 0.0, "22": 0.0, "23": 0.0, "12": 0.0, "start": 17.0, "end": 1.9999999999999991}}