{"morning": {"13": 0.0, "2": 0.24991767871585205, "3": 0.05406297724521973, "4": 0.6960193440389283, "17": 0.0, "18": 0.0, "19": 0.0, "8": 0.0, "9": 0.0, "10": 0.0, "11": 0.0, "12": 0.0, "start": 2.0, "end": 4.0}, "noon": {"13": 0.0, "14": 0.03157708456472061, "15": 0.13849445058904153, "4": 0.7184229154352794, "17": 0.0, "18": 0.0, "19": 0.0, "20": 0.0, "9": 0.0, "10": 0.11150554941095848, "11": 0.0, "12": 0.0, "start": 4.0, "end": 15.0}, "afternoon": {"13": 0.0, "14": 0.06300510579240973, "15": 0.0, "16": 0.9369948942075903, "17": 0.0, "18": 0.0, "19": 0.0, "20": 0.0, "21": 0.0, "10": 0.0, "11": 0.0, "12": 0.0, "start": 15.0, "end": 16.0}, "evening": {"13": 0.0, "14": 0.1564067120965193, "15": 0.08405516319766052, "16": 0.7595381247058202, "17": 0.0, "18": 0.0, "19": 0.0, "20": 0.0, "21": 0.0, "22": 0.0, "11": 0.0, "12": 0.0, "start": 16.0, "end": 17.0}, "night": {"13": 0.0, "2": 0.5086320347181299, "15": 0.022758046155594115, "16": 0.4686099191262761, "17": 0.0, "18": 0.0, "19": 0.0, "20": 0.0, "21": 0.0, "22": 0.0, "23": 0.0, "12": 0.0, "start": 17.0, "end": 2.0}}