{"morning": {"1": 0.13636094036812269, "2": 0.05068321171823546, "3": 0.06788355953880128, "4": 0.09481380973218473, "5": 0.17218381701314606, "6": 0.2151616287127939, "7": 0.0783468101551547, "8": 0.06440769426731466, "9": 0.032000524995105716, "10": 0.01062666362719401, "11": 0.024660903783208753, "12": 0.05287043608873821}, "noon": {"1": 0.13227699652262276, "2": 0.056335801457412724, "3": 0.08244877042699303, "4": 0.10896300583368648, "5": 0.17604521086298514, "6": 0.2092943539648985, "7": 0.0703056982188073, "8": 0.06388492971749235, "9": 0.021880175688215413, "10": 0.013541876775242212, "11": 0.018033091370526347, "12": 0.04699008916111765}, "afternoon": {"1": 0.11411172680214446, "2": 0.058386661495254163, "3": 0.09167454333025495, "4": 0.11826665925223752, "5": 0.18421660288943723, "6": 0.1974127175734035, "7": 0.05859280263996921, "8": 0.07005591328639507, "9": 0.02395735398055538, "10": 0.011910687600363937, "11": 0.021513954340738783, "12": 0.04990037680924584}, "evening": {"1": 0.12913098440042517, "2": 0.05338022856853643, "3": 0.07978001671782742, "4": 0.1039494303081655, "5": 0.184174956180737, "6": 0.19481395321889522, "7": 0.08030963651020151, "8": 0.06151434283480291, "9": 0.029480941531067617, "10": 0.011513396458984937, "11": 0.023156832088498808, "12": 0.04879528118185753}, "night": {"1": 0.1381117773541667, "2": 0.04667031678982829, "3": 0.0653189248981148, "4": 0.06941838883535408, "5": 0.18956563689153935, "6": 0.19884167812816633, "7": 0.08931301825408641, "8": 0.07695732328615426, "9": 0.0385811599772304, "10": 0.0136068471104752, "11": 0.02650574657117501, "12": 0.047109181903709205}}