{"start": {"morning": {"1": 0.03596571355587172, "2": 0.06835891388324279, "3": 0.04651293575535474, "4": 0.1348176058354132, "5": 0.24768130154356738, "6": 0.24159438712303488, "7": 0.05598288823873671, "8": 0.06233229796406872, "9": 0.026305347328070983, "10": 0.01141730935340498, "11": 0.018306058461444504, "12": 0.05072524095778939}, "noon": {"1": 0.028642841759816236, "2": 0.06799109873795278, "3": 0.03695011882944255, "4": 0.11211323932459173, "5": 0.2588137783566608, "6": 0.2668415403462769, "7": 0.06339891536404756, "8": 0.056447027164949766, "9": 0.021103336069966325, "10": 0.01953775994594754, "11": 0.011464716420774278, "12": 0.05669562767957372}, "afternoon": {"1": 0.020647420934822684, "2": 0.07149191048473619, "3": 0.034386285528350345, "4": 0.11386631630544389, "5": 0.2556980885147177, "6": 0.29296673196044315, "7": 0.04572491637738898, "8": 0.0610283373401583, "9": 0.023242054201059854, "10": 0.00869946477060484, "11": 0.014809575560829869, "12": 0.05743889802144421}, "evening": {"1": 0.03838084936192951, "2": 0.05277930754885585, "3": 0.04320719028651501, "4": 0.09846157138835306, "5": 0.2725253825433387, "6": 0.21458761218097558, "7": 0.08635933757194432, "8": 0.051132098488009405, "9": 0.034319659610778326, "10": 0.01906861364131789, "11": 0.0226322768557088, "12": 0.06654610052227357}, "night": {"1": 0.04763257447193919, "2": 0.0462449356006041, "3": 0.05058294926468464, "4": 0.0660218188746129, "5": 0.277023845196926, "6": 0.20913708972411182, "7": 0.09209244500183204, "8": 0.05353283650995514, "9": 0.035765830197715495, "10": 0.03436315611232643, "11": 0.02298875227975324, "12": 0.06461376676553877}}, "end": {"morning": {"1": 0.06704347292450659, "2": 0.10089034254383987, "3": 0.06192435323012417, "4": 0.12001859467921445, "5": 0.24453374403354897, "6": 0.16566484578360527, "7": 0.050515715002426076, "8": 0.07437398005070137, "9": 0.02683998022205756, "10": 0.019196535273905416, "11": 0.018729179123635097, "12": 0.050269257132435165}, "noon": {"1": 0.04531065263519855, "2": 0.09223058640738588, "3": 0.0497055809957001, "4": 0.0979688831475588, "5": 0.2657972805490494, "6": 0.22293031032503366, "7": 0.05270222373768091, "8": 0.07502871624796802, "9": 0.018251966219415813, "10": 0.02653491027854499, "11": 0.011464316347259659, "12": 0.04207457310920422}, "afternoon": {"1": 0.027985544750946504, "2": 0.11097098612114309, "3": 0.047479875159741045, "4": 0.10660775234783895, "5": 0.268133543400078, "6": 0.20865520872623508, "7": 0.033504789234105554, "8": 0.08260815799516434, "9": 0.02223308862648075, "10": 0.014220548198332544, "11": 0.01729941831181545, "12": 0.060301087128118686}, "evening": {"1": 0.049733822434236394, "2": 0.06766948204085686, "3": 0.04970689032621216, "4": 0.09633323232438855, "5": 0.276215387941654, "6": 0.18434090778020365, "7": 0.07005919320220337, "8": 0.06822331250647014, "9": 0.03374391664551562, "10": 0.02225965699305565, "11": 0.02536565076895385, "12": 0.05634854703624995}, "night": {"1": 0.0636924492720227, "2": 0.05565323245309663, "3": 0.0586494957987046, "4": 0.05962452751855279, "5": 0.265423164037675, "6": 0.2004398330863236, "7": 0.08654699783317242, "8": 0.0726382689150744, "9": 0.03795108446570193, "10": 0.03176600923209327, "11": 0.0248500570944149, "12": 0.042764880293167745}}}