{"morning": {"1": 0.29347487858422366, "2": 0.510902221451958, "3": 0.10470287439477137, "4": 0.07302189436394294, "5": 0.01789813120510422, "6": 0.0, "7": 0.0, "8": 0.0, "9": 0.0, "10": 0.0, "11": 0.0, "12": 0.0}, "noon": {"1": 0.35789626276461683, "2": 0.5723431573160678, "3": 0.022030470099918282, "4": 0.018362365357827613, "5": 0.0, "6": 0.015520843899071915, "7": 0.0, "8": 0.0, "9": 0.0, "10": 0.013846900562497558, "11": 0.0, "12": 0.0}, "afternoon": {"1": 0.2649509950506236, "2": 0.6458496104317701, "3": 0.04627607116299741, "4": 0.04292332335460893, "5": 0.0, "6": 0.0, "7": 0.0, "8": 0.0, "9": 0.0, "10": 0.0, "11": 0.0, "12": 0.0}, "evening": {"1": 0.2363090303580575, "2": 0.5392970734352666, "3": 0.15336081913350394, "4": 0.07103307707317202, "5": 0.0, "6": 0.0, "7": 0.0, "8": 0.0, "9": 0.0, "10": 0.0, "11": 0.0, "12": 0.0}, "night": {"1": 0.20390196668501764, "2": 0.43621698494012834, "3": 0.2428907111051282, "4": 0.08227613681056506, "5": 0.017496670553602954, "6": 0.011198627587149224, "7": 0.0, "8": 0.0, "9": 0.0, "10": 0.006018902318408578, "11": 0.0, "12": 0.0}}