{"morning": {"1": 0.23351380562134666, "2": 0.4885876069224526, "3": 0.1290357196261199, "4": 0.055870689312897216, "17": 0.030453727493358246, "18": 0.011004439149320195, "19": 0.0, "8": 0.008514290892680871, "9": 0.01366122492995435, "10": 0.021509676909480593, "11": 0.0, "12": 0.007848819142389125, "start": 1.0, "end": 2.0}, "noon": {"13": 0.32430006310770954, "2": 0.4811972061090006, "3": 0.06294179631192776, "4": 0.023450436151119025, "5": 0.013779096108805228, "6": 0.016417984986160414, "19": 0.0, "8": 0.0026006274967156563, "9": 0.028007380610025074, "10": 0.044875406637678264, "11": 0.0, "12": 0.002430002480858348, "start": 2.0, "end": 13.0}, "afternoon": {"13": 0.2932932108682451, "14": 0.4811139816551878, "15": 0.09782424176671929, "16": 0.04958171699376519, "17": 0.019426060839537497, "18": 0.009852870340797844, "19": 0.0, "20": 0.006181978205498717, "21": 0.011364416463203016, "22": 0.027136989463132394, "11": 0.0, "12": 0.0042245334039131615, "start": 13.0, "end": 14.0}, "evening": {"13": 0.24717598977885036, "14": 0.4348949770788213, "15": 0.1396326037414385, "16": 0.06334655798912224, "17": 0.03664597831111759, "18": 0.014987273445367452, "19": 0.0, "20": 0.01541225185905148, "21": 0.02435496504342436, "22": 0.019214842776866657, "11": 0.0, "24": 0.00433455997594023, "start": 14.0, "end": 15.0}, "night": {"1": 0.17037277902436143, "2": 0.4702020578776862, "15": 0.16783783908307476, "16": 0.0768486857722938, "17": 0.03184573816394927, "18": 0.018273650363147098, "19": 0.0, "20": 0.01392622472708944, "21": 0.016345342480549162, "22": 0.026017271894711397, "23": 0.0, "24": 0.008330410613137395, "start": 15.0, "end": 1.0}}