{"morning": {"1": 0.29347487858422366, "2": 0.510902221451958, "3": 0.10470287439477137, "4": 0.07302189436394294, "5": 0.01789813120510422, "18": 0.0, "19": 0.0, "8": 0.0, "9": 0.0, "10": 0.0, "11": 0.0, "12": 0.0, "start": 1.0, "end": 2.0}, "noon": {"13": 0.35789626276461683, "2": 0.5723431573160678, "3": 0.022030470099918282, "4": 0.018362365357827613, "17": 0.0, "6": 0.015520843899071915, "19": 0.0, "20": 0.0, "9": 0.0, "10": 0.013846900562497558, "11": 0.0, "12": 0.0, "start": 2.0, "end": 13.0}, "afternoon": {"13": 0.2649509950506236, "14": 0.6458496104317701, "3": 0.04627607116299741, "16": 0.04292332335460893, "17": 0.0, "18": 0.0, "19": 0.0, "20": 0.0, "21": 0.0, "10": 0.0, "11": 0.0, "12": 0.0, "start": 13.0, "end": 14.0}, "evening": {"13": 0.2363090303580575, "14": 0.5392970734352666, "15": 0.15336081913350394, "16": 0.07103307707317202, "17": 0.0, "18": 0.0, "19": 0.0, "20": 0.0, "21": 0.0, "22": 0.0, "11": 0.0, "12": 0.0, "start": 14.0, "end": 15.0}, "night": {"1": 0.20390196668501764, "2": 0.43621698494012834, "15": 0.2428907111051282, "16": 0.08227613681056506, "17": 0.017496670553602954, "18": 0.011198627587149224, "19": 0.0, "20": 0.0, "21": 0.0, "22": 0.006018902318408578, "23": 0.0, "12": 0.0, "start": 15.0, "end": 1.0}}