{"morning": {"1": 0.09591311369031881, "2": 0.8343716636703462, "3": 0.06971522263933505, "4": 0.0, "5": 0.0, "6": 0.0, "7": 0.0, "8": 0.0, "9": 0.0, "10": 0.0, "11": 0.0, "12": 0.0}, "noon": {"1": 0.0, "2": 1.0, "3": 0.0, "4": 0.0, "5": 0.0, "6": 0.0, "7": 0.0, "8": 0.0, "9": 0.0, "10": 0.0, "11": 0.0, "12": 0.0}, "afternoon": {"1": 0.0, "2": 0.7262377308355757, "3": 0.27376226916442425, "4": 0.0, "5": 0.0, "6": 0.0, "7": 0.0, "8": 0.0, "9": 0.0, "10": 0.0, "11": 0.0, "12": 0.0}, "evening": {"1": 0.07963975871242653, "2": 0.869702540982875, "3": 0.050657700304698516, "4": 0.0, "5": 0.0, "6": 0.0, "7": 0.0, "8": 0.0, "9": 0.0, "10": 0.0, "11": 0.0, "12": 0.0}, "night": {"1": 0.0, "2": 1.0, "3": 0.0, "4": 0.0, "5": 0.0, "6": 0.0, "7": 0.0, "8": 0.0, "9": 0.0, "10": 0.0, "11": 0.0, "12": 0.0}}