{"morning": {"1": 0.09591311369031881, "2": 0.8343716636703462, "3": 0.06971522263933505, "16": 0.0, "17": 0.0, "18": 0.0, "19": 0.0, "8": 0.0, "9": 0.0, "10": 0.0, "11": 0.0, "12": 0.0, "start": 1.0, "end": 2.0}, "noon": {"13": 0.0, "2": 1.0, "15": 0.0, "16": 0.0, "17": 0.0, "18": 0.0, "19": 0.0, "20": 0.0, "9": 0.0, "10": 0.0, "11": 0.0, "12": 0.0, "start": 2.0, "end": 3.0}, "afternoon": {"13": 0.0, "14": 0.7262377308355757, "3": 0.27376226916442425, "16": 0.0, "17": 0.0, "18": 0.0, "19": 0.0, "20": 0.0, "21": 0.0, "10": 0.0, "11": 0.0, "12": 0.0, "start": 3.0, "end": 4.0}, "evening": {"13": 0.07963975871242653, "14": 0.869702540982875, "15": 0.050657700304698516, "16": 0.0, "17": 0.0, "18": 0.0, "19": 0.0, "20": 0.0, "21": 0.0, "22": 0.0, "11": 0.0, "12": 0.0, "start": 4.0, "end": 14.0}, "night": {"13": 0.0, "14": 1.0, "15": 0.0, "16": 0.0, "17": 0.0, "18": 0.0, "19": 0.0, "20": 0.0, "21": 0.0, "22": 0.0, "23": 0.0, "12": 0.0, "start": 14.0, "end": 1.0}}