{"morning": {"1": 0.12278293659903808, "2": 0.10322289706640939, "3": 0.17616460779281154, "4": 0.01816829599421343, "5": 0.03763635209443709, "6": 0.23120930367753562, "7": 0.1764629192365514, "8": 0.03317314654616368, "9": 0.048252353724866345, "10": 0.04004204733881792, "11": 0.012885139929155473, "12": 0.0}, "noon": {"1": 0.0, "2": 0.207463402698419, "3": 0.14059502427962467, "4": 0.06620407054592993, "5": 0.06957595226615142, "6": 0.1922801455235205, "7": 0.2517629950086306, "8": 0.05923421670565831, "9": 0.0, "10": 0.0, "11": 0.006355014320132297, "12": 0.006529178651933282}, "afternoon": {"1": 0.07001887688659009, "2": 0.08680469260052585, "3": 0.14354979086328673, "4": 0.04932434338776185, "5": 0.10408947624501597, "6": 0.2833665541695458, "7": 0.14299403846189168, "8": 0.03117926895622707, "9": 0.03053835509446825, "10": 0.03865500350096414, "11": 0.019479599833722546, "12": 0.0}, "night": {"1": 0.0, "2": 0.19375741256881904, "3": 0.09562495760251868, "4": 0.02550549825761183, "5": 0.08589201691376473, "6": 0.22499409013331337, "7": 0.2988812466937647, "8": 0.026017734942368472, "9": 0.03638983609181685, "10": 0.0, "11": 0.012937206796022224, "12": 0.0}}