{"morning": {"13": 0.12278293659903808, "14": 0.10322289706640939, "15": 0.17616460779281154, "16": 0.01816829599421343, "17": 0.03763635209443709, "6": 0.23120930367753562, "7": 0.1764629192365514, "8": 0.03317314654616368, "9": 0.048252353724866345, "10": 0.04004204733881792, "11": 0.012885139929155473, "12": 0.0, "start": 6.0, "end": 14.0}, "noon": {"13": 0.0, "14": 0.207463402698419, "15": 0.14059502427962467, "16": 0.06620407054592993, "17": 0.06957595226615142, "18": 0.1922801455235205, "19": 0.2517629950086306, "20": 0.05923421670565831, "21": 0.0, "10": 0.0, "11": 0.006355014320132297, "12": 0.006529178651933282, "start": 14.0, "end": 18.0}, "afternoon": {"13": 0.07001887688659009, "14": 0.08680469260052585, "15": 0.14354979086328673, "16": 0.04932434338776185, "17": 0.10408947624501597, "18": 0.2833665541695458, "19": 0.14299403846189168, "20": 0.03117926895622707, "9": 0.03053835509446825, "10": 0.03865500350096414, "11": 0.019479599833722546, "12": 0.0, "start": 18.0, "end": 19.0}, "night": {"13": 0.0, "2": 0.19375741256881904, "3": 0.09562495760251868, "4": 0.02550549825761183, "5": 0.08589201691376473, "6": 0.22499409013331337, "19": 0.2988812466937647, "20": 0.026017734942368472, "21": 0.03638983609181685, "22": 0.0, "23": 0.012937206796022224, "12": 0.0, "start": 19.0, "end": 6.0}}