{"start": {"morning": {"1": 0.0, "2": 0.12003541388614968, "3": 0.09767832555681977, "4": 0.0, "5": 0.07904161203094909, "6": 0.45644980209638725, "7": 0.0, "8": 0.08762285848616554, "9": 0.0, "10": 0.07828161433625637, "11": 0.08089037360727247, "12": 0.0}, "noon": {"1": 0.0, "2": 0.11404845674343753, "3": 0.1102423598486419, "4": 0.0, "5": 0.08787255335893808, "6": 0.49511271444821525, "7": 0.0, "8": 0.11449724190625647, "9": 0.0, "10": 0.07822667369451089, "11": 0.0, "12": 0.0}, "afternoon": {"1": 0.0, "2": 0.1282640649070206, "3": 0.13337421769898405, "4": 0.049546690400822026, "5": 0.08465436242595156, "6": 0.39854010625190556, "7": 0.046094107465762806, "8": 0.08876398387064625, "9": 0.0, "10": 0.035974449262628376, "11": 0.03478801771627878, "12": 0.0}, "night": {"1": 0.044147773821010455, "2": 0.1396714073099966, "3": 0.14510597614679493, "4": 0.05821437698010901, "5": 0.10003325993727491, "6": 0.26897451055144983, "7": 0.0, "8": 0.07386746423400883, "9": 0.0, "10": 0.06073448719339807, "11": 0.10925074382595751, "12": 0.0}}, "end": {"morning": {"1": 0.0, "2": 0.13580732164693343, "3": 0.07935127347598349, "4": 0.0, "5": 0.08109754424205495, "6": 0.5075274025694309, "7": 0.028318068309869476, "8": 0.09181404242934203, "9": 0.0, "10": 0.036486047922757094, "11": 0.03959829940362872, "12": 0.0}, "noon": {"1": 0.0, "2": 0.21493043568744818, "3": 0.0, "4": 0.0, "5": 0.13384750835110046, "6": 0.4792255633594335, "7": 0.0, "8": 0.17199649260201788, "9": 0.0, "10": 0.0, "11": 0.0, "12": 0.0}, "afternoon": {"1": 0.0, "2": 0.11525491568445671, "3": 0.10471501748856452, "4": 0.028216434196445428, "5": 0.07797674794576184, "6": 0.4773676721722819, "7": 0.033933227311955735, "8": 0.10668133432073704, "9": 0.0, "10": 0.032398708942934853, "11": 0.023455941936861985, "12": 0.0}, "night": {"1": 0.027779705501670728, "2": 0.1594806368937488, "3": 0.12856811258415346, "4": 0.04067367051066729, "5": 0.13340683886408308, "6": 0.31160865875847693, "7": 0.027696577108706266, "8": 0.07708082711638953, "9": 0.0, "10": 0.03531269510446929, "11": 0.058392277557634646, "12": 0.0}}}