{"morning": {"1": 0.3744656331114113, "2": 0.22029514153715266, "3": 0.3327417599549595, "4": 0.02035374472433397, "5": 0.028585213617284437, "6": 0.021423549522861945, "7": 0.0, "8": 0.0012235595957330943, "9": 0.0, "10": 0.000911397936263125, "11": 0.0, "12": 0.0}, "noon": {"1": 0.46443551397378896, "2": 0.06465764910108052, "3": 0.34270040508077637, "4": 0.008283227540413461, "5": 0.11351146007338102, "6": 0.0023320164764273213, "7": 0.0, "8": 0.001169984759749696, "9": 0.0, "10": 0.002909742994382602, "11": 0.0, "12": 0.0}, "afternoon": {"1": 0.232369956902933, "2": 0.19983638171842105, "3": 0.3928091086257776, "4": 0.0174667234959773, "5": 0.12975801092523995, "6": 0.011211281876840663, "7": 0.0, "8": 0.008120859960971361, "9": 0.0, "10": 0.008427676493839076, "11": 0.0, "12": 0.0}, "evening": {"1": 0.5485558248896922, "2": 0.15555727430256167, "3": 0.1828803149932968, "4": 0.018716014682120214, "5": 0.048614356231393305, "6": 0.027973595173601273, "7": 0.0, "8": 0.0009719562930669695, "9": 0.0, "10": 0.016730663434267594, "11": 0.0, "12": 0.0}, "night": {"1": 0.255348334484255, "2": 0.1950706173597643, "3": 0.3310808978693665, "4": 0.0719945262594279, "5": 0.09285072128152935, "6": 0.037513716500995144, "7": 0.0, "8": 0.0009211492296098769, "9": 0.0, "10": 0.015220037015051938, "11": 0.0, "12": 0.0}}