{"morning": {"1": 0.6463588440068083, "2": 0.1268018606254139, "3": 0.20263721230836118, "4": 0.024202083059416568, "5": 0.0, "6": 0.0, "7": 0.0, "8": 0.0, "9": 0.0, "10": 0.0, "11": 0.0, "12": 0.0}, "noon": {"1": 0.8045411114987905, "2": 0.09415271443529843, "3": 0.08100063267203791, "4": 0.007714079727315261, "5": 0.008654537522839855, "6": 0.003936924143718002, "7": 0.0, "8": 0.0, "9": 0.0, "10": 0.0, "11": 0.0, "12": 0.0}, "afternoon": {"1": 0.3333333333333333, "2": 0.07489377309436103, "3": 0.4865698623595704, "4": 0.0, "5": 0.10520303121273526, "6": 0.0, "7": 0.0, "8": 0.0, "9": 0.0, "10": 0.0, "11": 0.0, "12": 0.0}, "evening": {"1": 0.951014314694131, "2": 0.017839175316243672, "3": 0.030727420545652293, "4": 0.0, "5": 0.0004190894439729936, "6": 0.0, "7": 0.0, "8": 0.0, "9": 0.0, "10": 0.0, "11": 0.0, "12": 0.0}, "night": {"1": 0.3793590736329043, "2": 0.19000651337375296, "3": 0.3872452050686918, "4": 0.04338920792465096, "5": 0.0, "6": 0.0, "7": 0.0, "8": 0.0, "9": 0.0, "10": 0.0, "11": 0.0, "12": 0.0}}