{"morning": {"1": 0.506609674057155, "2": 0.08523711281863947, "3": 0.19491427296671854, "4": 0.04058843521289622, "5": 0.05898535809676349, "6": 0.010134241954938667, "7": 0.04666883129418022, "8": 0.028505696755527714, "9": 0.0, "10": 0.0027389145255783936, "11": 0.0, "12": 0.025617462317602327}, "noon": {"1": 0.3673221784195712, "2": 0.11368301086397185, "3": 0.18756246648020106, "4": 0.052911792846944576, "5": 0.1128834976333067, "6": 0.014091240010631327, "7": 0.053624740723675755, "8": 0.05421658890683175, "9": 0.0, "10": 0.007964049858045955, "11": 0.0, "12": 0.03574043425681981}, "afternoon": {"1": 0.5148519752780576, "2": 0.09008732014546272, "3": 0.16701110724171245, "4": 0.03103378780049546, "5": 0.09886408447639526, "6": 0.016984043198778942, "7": 0.021501394818929813, "8": 0.028901191212062364, "9": 0.0, "10": 0.011805728265554602, "11": 0.0, "12": 0.01895936756255083}, "evening": {"1": 0.5270556039770271, "2": 0.06564588056263934, "3": 0.047682083675433765, "4": 0.056384461353639004, "5": 0.062005462405531855, "6": 0.13340883476498783, "7": 0.03489529878965846, "8": 0.040743860320100925, "9": 0.0, "10": 0.004064884863998747, "11": 0.0, "12": 0.028113629286982744}, "night": {"1": 0.6547045264916732, "2": 0.0717714525988846, "3": 0.14860086264092598, "4": 0.024525359417395996, "5": 0.049435356558659486, "6": 0.004146557989244691, "7": 0.02225989699581389, "8": 0.015837012869873053, "9": 0.0, "10": 0.0025922723315706785, "11": 0.0, "12": 0.006126702105958258}}