{"morning": {"1": 0.0316345729084264, "2": 0.17236257103517605, "3": 0.533559636701585, "4": 0.08207606776258161, "5": 0.041970616675939404, "6": 0.020492998191555346, "7": 0.039905765511757535, "8": 0.0576429095197767, "9": 0.0, "10": 0.0, "11": 0.0, "12": 0.020354861693201918}, "noon": {"1": 0.0185013634714285, "2": 0.17469843749495545, "3": 0.5204511252123357, "4": 0.08131036876282663, "5": 0.04759872327761952, "6": 0.021654226023000718, "7": 0.03398907978366462, "8": 0.08331546900761706, "9": 0.0, "10": 0.0, "11": 0.0, "12": 0.018481206966551925}, "afternoon": {"1": 0.0, "2": 0.1977881240011095, "3": 0.5216352276830827, "4": 0.0681351677438888, "5": 0.09864506283287083, "6": 0.0, "7": 0.02442373771769013, "8": 0.06345301849362504, "9": 0.0, "10": 0.02591966152773301, "11": 0.0, "12": 0.0}, "evening": {"1": 0.40058033799426895, "2": 0.0880967905555798, "3": 0.09905787479537409, "4": 0.0695530589683303, "5": 0.12497457701719157, "6": 0.05864068602785999, "7": 0.07078749640320127, "8": 0.05992058105288439, "9": 0.0, "10": 0.00677480810666458, "11": 0.0, "12": 0.02161378907864503}, "night": {"1": 0.3952772784596546, "2": 0.13445557612666534, "3": 0.36442086197698775, "4": 0.04594544503103402, "5": 0.030232013093666788, "6": 0.0, "7": 0.0, "8": 0.029668825311991637, "9": 0.0, "10": 0.0, "11": 0.0, "12": 0.0}}