{"morning": {"13": 0.0316345729084264, "14": 0.17236257103517605, "3": 0.533559636701585, "4": 0.08207606776258161, "5": 0.041970616675939404, "6": 0.020492998191555346, "7": 0.039905765511757535, "8": 0.0576429095197767, "9": 0.0, "10": 0.0, "11": 0.0, "12": 0.020354861693201918, "start": 3.0, "end": 14.0}, "noon": {"13": 0.0185013634714285, "14": 0.17469843749495545, "15": 0.5204511252123357, "16": 0.08131036876282663, "17": 0.04759872327761952, "18": 0.021654226023000718, "19": 0.03398907978366462, "8": 0.08331546900761706, "9": 0.0, "10": 0.0, "11": 0.0, "12": 0.018481206966551925, "start": 14.0, "end": 15.0}, "afternoon": {"13": 0.0, "14": 0.1977881240011095, "15": 0.5216352276830827, "16": 0.0681351677438888, "17": 0.09864506283287083, "18": 0.0, "19": 0.02442373771769013, "20": 0.06345301849362504, "21": 0.0, "22": 0.02591966152773301, "11": 0.0, "12": 0.0, "start": 15.0, "end": 17.0}, "evening": {"13": 0.40058033799426895, "14": 0.0880967905555798, "15": 0.09905787479537409, "16": 0.0695530589683303, "17": 0.12497457701719157, "18": 0.05864068602785999, "19": 0.07078749640320127, "20": 0.05992058105288439, "21": 0.0, "22": 0.00677480810666458, "11": 0.0, "24": 0.02161378907864503, "start": 17.0, "end": 20.0}, "night": {"1": 0.3952772784596546, "2": 0.13445557612666534, "3": 0.36442086197698775, "16": 0.04594544503103402, "17": 0.030232013093666788, "18": 0.0, "19": 0.0, "20": 0.029668825311991637, "21": 0.0, "22": 0.0, "23": 0.0, "12": 0.0, "start": 20.0, "end": 3.0}}