{"morning": {"1": 0.4789525545034364, "2": 0.17023701557702714, "3": 0.1360749514675495, "4": 0.01246091322708322, "5": 0.06316243738035801, "6": 0.0360301656427887, "7": 0.0, "8": 0.0, "9": 0.0, "10": 0.10308196220175707, "11": 0.0, "12": 0.0}, "noon": {"1": 0.4898880203355226, "2": 0.10159975282984854, "3": 0.18356389425356023, "4": 0.021558474223997922, "5": 0.05910967299401275, "6": 0.05097096363301662, "7": 0.0, "8": 0.0, "9": 0.0, "10": 0.09330922173004133, "11": 0.0, "12": 0.0}, "afternoon": {"1": 0.41626688116646704, "2": 0.11294995550887021, "3": 0.15909102189980776, "4": 0.01707147624058136, "5": 0.07588833695699157, "6": 0.037715050902426966, "7": 0.0, "8": 0.0, "9": 0.0, "10": 0.18101727732485512, "11": 0.0, "12": 0.0}, "evening": {"1": 0.4848573191071165, "2": 0.091104950549512, "3": 0.19547819659804214, "4": 0.015599299590979637, "5": 0.057191058670536386, "6": 0.03854101404262808, "7": 0.0, "8": 0.0, "9": 0.0, "10": 0.11722816144118535, "11": 0.0, "12": 0.0}, "night": {"1": 0.37867826971675445, "2": 0.057468248821255195, "3": 0.1083259314617073, "4": 0.009785447788721906, "5": 0.048871924358125714, "6": 0.03991911480364654, "7": 0.0, "8": 0.0, "9": 0.0, "10": 0.35695106304978885, "11": 0.0, "12": 0.0}}