{"morning": {"1": 0.5910882845996039, "2": 0.07983475670092846, "3": 0.1837392558342771, "4": 0.0, "5": 0.11048887490324578, "6": 0.0, "7": 0.0, "8": 0.0, "9": 0.0, "10": 0.03484882796194477, "11": 0.0, "12": 0.0}, "noon": {"1": 0.5547160821340271, "2": 0.08117270262718787, "3": 0.2208464781122694, "4": 0.015486823805640725, "5": 0.0768244341677389, "6": 0.0224340469820925, "7": 0.0, "8": 0.0, "9": 0.0, "10": 0.028519432171043475, "11": 0.0, "12": 0.0}, "afternoon": {"1": 0.5106057978730885, "2": 0.03586930875985761, "3": 0.12453249700148997, "4": 0.017164569895918847, "5": 0.05280311805460096, "6": 0.0, "7": 0.0, "8": 0.0, "9": 0.0, "10": 0.2590247084150442, "11": 0.0, "12": 0.0}, "evening": {"1": 0.47939451533834365, "2": 0.032998049778791186, "3": 0.14868363708432025, "4": 0.0, "5": 0.07967439064516516, "6": 0.0, "7": 0.0, "8": 0.0, "9": 0.0, "10": 0.25924940715337974, "11": 0.0, "12": 0.0}, "night": {"1": 0.4659319107473244, "2": 0.022123602964612528, "3": 0.17554863603837617, "4": 0.0, "5": 0.02787253396421319, "6": 0.0, "7": 0.0, "8": 0.0, "9": 0.0, "10": 0.3085233162854737, "11": 0.0, "12": 0.0}}