{"morning": {"1": 0.8496001163288847, "2": 0.10166024348218108, "3": 0.04873964018893407, "4": 0.0, "5": 0.0, "6": 0.0, "7": 0.0, "8": 0.0, "9": 0.0, "10": 0.0, "11": 0.0, "12": 0.0}, "noon": {"1": 0.9255172357583622, "2": 0.02701299390893605, "3": 0.04746977033270178, "4": 0.0, "5": 0.0, "6": 0.0, "7": 0.0, "8": 0.0, "9": 0.0, "10": 0.0, "11": 0.0, "12": 0.0}, "afternoon": {"1": 0.45863342789835115, "2": 0.18627669930484828, "3": 0.35508987279680054, "4": 0.0, "5": 0.0, "6": 0.0, "7": 0.0, "8": 0.0, "9": 0.0, "10": 0.0, "11": 0.0, "12": 0.0}, "evening": {"1": 0.6644521520368681, "2": 0.14656326837286635, "3": 0.1830260570958071, "4": 0.0, "5": 0.0, "6": 0.0, "7": 0.005958522494458457, "8": 0.0, "9": 0.0, "10": 0.0, "11": 0.0, "12": 0.0}, "night": {"1": 0.02452977536612329, "2": 0.24217598750213554, "3": 0.7332942371317411, "4": 0.0, "5": 0.0, "6": 0.0, "7": 0.0, "8": 0.0, "9": 0.0, "10": 0.0, "11": 0.0, "12": 0.0}}