{"morning": {"1": 0.30982258523324535, "2": 0.2630495342249551, "15": 0.31714240115137404, "16": 0.0, "17": 0.0, "18": 0.0, "7": 0.08902818661851586, "8": 0.0, "9": 0.0, "10": 0.020957292771909507, "11": 0.0, "12": 0.0, "start": 1.0, "end": 1.9999999999999996}, "noon": {"13": 0.42391797170846146, "2": 0.1239115004720468, "3": 0.38109004391582507, "16": 0.0, "17": 0.0, "18": 0.0, "7": 0.03627690353601196, "20": 0.0, "9": 0.0, "10": 0.03480358036765475, "11": 0.0, "12": 0.0, "start": 1.9999999999999996, "end": 2.9999999999999996}, "afternoon": {"13": 0.3790854254643636, "14": 0.23490229293982584, "3": 0.3082195405300527, "16": 0.0, "17": 0.0, "18": 0.0, "7": 0.04619754294331883, "20": 0.0, "21": 0.0, "10": 0.03159519812243908, "11": 0.0, "12": 0.0, "start": 2.9999999999999996, "end": 13.0}, "evening": {"13": 0.4156690961671491, "14": 0.339230975977095, "15": 0.1609913965124689, "16": 0.0018152297865521676, "17": 0.0, "18": 0.0, "19": 0.05797824760571777, "20": 0.0, "21": 0.0, "22": 0.024315053951017216, "11": 0.0, "12": 0.0, "start": 13.0, "end": 14.0}, "night": {"1": 0.05923335304302629, "14": 0.3015984162990429, "15": 0.5286144671861946, "16": 0.004217326761100694, "17": 0.0, "18": 0.0, "19": 0.046836925052249234, "20": 0.0, "21": 0.0, "22": 0.059499511658386114, "23": 0.0, "12": 0.0, "start": 14.0, "end": 1.0}}