{"morning": {"1": 0.8496001163288847, "2": 0.10166024348218108, "3": 0.04873964018893407, "16": 0.0, "17": 0.0, "18": 0.0, "19": 0.0, "8": 0.0, "9": 0.0, "10": 0.0, "11": 0.0, "12": 0.0, "start": 1.0, "end": 3.0}, "noon": {"13": 0.9255172357583622, "2": 0.02701299390893605, "3": 0.04746977033270178, "16": 0.0, "17": 0.0, "18": 0.0, "19": 0.0, "20": 0.0, "9": 0.0, "10": 0.0, "11": 0.0, "12": 0.0, "start": 3.0, "end": 13.0}, "afternoon": {"13": 0.45863342789835115, "14": 0.18627669930484828, "15": 0.35508987279680054, "16": 0.0, "17": 0.0, "18": 0.0, "19": 0.0, "20": 0.0, "21": 0.0, "10": 0.0, "11": 0.0, "12": 0.0, "start": 13.0, "end": 14.0}, "evening": {"13": 0.6644521520368681, "14": 0.14656326837286635, "15": 0.1830260570958071, "16": 0.0, "17": 0.0, "18": 0.0, "19": 0.005958522494458457, "20": 0.0, "21": 0.0, "22": 0.0, "11": 0.0, "12": 0.0, "start": 14.0, "end": 15.0}, "night": {"1": 0.02452977536612329, "2": 0.24217598750213554, "15": 0.7332942371317411, "16": 0.0, "17": 0.0, "18": 0.0, "19": 0.0, "20": 0.0, "21": 0.0, "22": 0.0, "23": 0.0, "12": 0.0, "start": 15.0, "end": 1.0}}