{"morning": {"1": 0.45882004249599523, "2": 0.36474172800631427, "3": 0.0, "4": 0.015350763065542084, "5": 0.1476127033825882, "6": 0.01347476304956018, "7": 0.0, "8": 0.0, "9": 0.0, "10": 0.0, "11": 0.0, "12": 0.0}, "noon": {"1": 0.5238712918556498, "2": 0.41958685635558934, "3": 0.0, "4": 0.00893774987720008, "5": 0.03935601314759214, "6": 0.00824808876396878, "7": 0.0, "8": 0.0, "9": 0.0, "10": 0.0, "11": 0.0, "12": 0.0}, "afternoon": {"1": 0.438295020794341, "2": 0.40170064031337055, "3": 0.0, "4": 0.028284952653471397, "5": 0.1104369658755601, "6": 0.021282420363256976, "7": 0.0, "8": 0.0, "9": 0.0, "10": 0.0, "11": 0.0, "12": 0.0}, "evening": {"1": 0.5129255971325063, "2": 0.3116198356569607, "3": 0.0, "4": 0.017109740510465078, "5": 0.13547561974683486, "6": 0.02286920695323289, "7": 0.0, "8": 0.0, "9": 0.0, "10": 0.0, "11": 0.0, "12": 0.0}, "night": {"1": 0.4565952078107934, "2": 0.2990879676964894, "3": 0.0, "4": 0.016515158211383118, "5": 0.21153775719065604, "6": 0.016263909090678028, "7": 0.0, "8": 0.0, "9": 0.0, "10": 0.0, "11": 0.0, "12": 0.0}}