{"morning": {"1": 0.45882004249599523, "2": 0.36474172800631427, "15": 0.0, "4": 0.015350763065542084, "5": 0.1476127033825882, "6": 0.01347476304956018, "19": 0.0, "8": 0.0, "9": 0.0, "10": 0.0, "11": 0.0, "12": 0.0, "start": 1.0, "end": 2.0}, "noon": {"13": 0.5238712918556498, "2": 0.41958685635558934, "15": 0.0, "4": 0.00893774987720008, "5": 0.03935601314759214, "6": 0.00824808876396878, "19": 0.0, "20": 0.0, "9": 0.0, "10": 0.0, "11": 0.0, "12": 0.0, "start": 2.0, "end": 13.0}, "afternoon": {"13": 0.438295020794341, "14": 0.40170064031337055, "15": 0.0, "16": 0.028284952653471397, "17": 0.1104369658755601, "18": 0.021282420363256976, "19": 0.0, "20": 0.0, "21": 0.0, "10": 0.0, "11": 0.0, "12": 0.0, "start": 13.0, "end": 14.0}, "evening": {"13": 0.5129255971325063, "14": 0.3116198356569607, "15": 0.0, "16": 0.017109740510465078, "17": 0.13547561974683486, "18": 0.02286920695323289, "19": 0.0, "20": 0.0, "21": 0.0, "22": 0.0, "11": 0.0, "12": 0.0, "start": 14.0, "end": 17.0}, "night": {"1": 0.4565952078107934, "2": 0.2990879676964894, "15": 0.0, "16": 0.016515158211383118, "17": 0.21153775719065604, "18": 0.016263909090678028, "19": 0.0, "20": 0.0, "21": 0.0, "22": 0.0, "23": 0.0, "12": 0.0, "start": 17.0, "end": 1.0}}