{"start": {"morning": {"1": 0.2180757607235585, "2": 0.5950955739836267, "3": 0.0, "4": 0.02117514935231789, "5": 0.03513909080497678, "6": 0.13051442513552014, "7": 0.0, "8": 0.0, "9": 0.0, "10": 0.0, "11": 0.0, "12": 0.0}, "noon": {"1": 0.6998674235197244, "2": 0.23306690811884764, "3": 0.0, "4": 0.022753262818316456, "5": 0.012557500775808108, "6": 0.03175490476730329, "7": 0.0, "8": 0.0, "9": 0.0, "10": 0.0, "11": 0.0, "12": 0.0}, "afternoon": {"1": 0.08146221726098597, "2": 0.6745052241988593, "3": 0.0, "4": 0.02241513426527303, "5": 0.02672932546006343, "6": 0.1948880988148183, "7": 0.0, "8": 0.0, "9": 0.0, "10": 0.0, "11": 0.0, "12": 0.0}, "evening": {"1": 0.2110974221244641, "2": 0.4932714477910038, "3": 0.0, "4": 0.024570878773152567, "5": 0.05048484885355211, "6": 0.2205754024578275, "7": 0.0, "8": 0.0, "9": 0.0, "10": 0.0, "11": 0.0, "12": 0.0}, "night": {"1": 0.2544933499575323, "2": 0.4051805203526693, "3": 0.0, "4": 0.06287506018539778, "5": 0.10963158009139821, "6": 0.1678194894130024, "7": 0.0, "8": 0.0, "9": 0.0, "10": 0.0, "11": 0.0, "12": 0.0}}, "end": {"morning": {"1": 0.3109554647146074, "2": 0.45251443978906314, "3": 0.0, "4": 0.03122436691550785, "5": 0.08125361177637558, "6": 0.12405211680444604, "7": 0.0, "8": 0.0, "9": 0.0, "10": 0.0, "11": 0.0, "12": 0.0}, "noon": {"1": 0.8145629878809449, "2": 0.10808869704318645, "3": 0.0, "4": 0.01140810053334157, "5": 0.022613418013100264, "6": 0.043326796529426836, "7": 0.0, "8": 0.0, "9": 0.0, "10": 0.0, "11": 0.0, "12": 0.0}, "afternoon": {"1": 0.21519193422713806, "2": 0.6039075430494334, "3": 0.0, "4": 0.00549503815333105, "5": 0.026745953588288955, "6": 0.14865953098180854, "7": 0.0, "8": 0.0, "9": 0.0, "10": 0.0, "11": 0.0, "12": 0.0}, "evening": {"1": 0.28932195696615076, "2": 0.44798473655610416, "3": 0.0, "4": 0.006928070342590472, "5": 0.057196913281893275, "6": 0.19856832285326134, "7": 0.0, "8": 0.0, "9": 0.0, "10": 0.0, "11": 0.0, "12": 0.0}, "night": {"1": 0.3650086167241897, "2": 0.26961991714455136, "3": 0.0, "4": 0.04446916906821665, "5": 0.11828273911704826, "6": 0.202619557945994, "7": 0.0, "8": 0.0, "9": 0.0, "10": 0.0, "11": 0.0, "12": 0.0}}}