{"morning": {"1": 0.6213558212455683, "2": 0.04259589668373419, "3": 0.09417227916039639, "4": 0.05549309213258455, "5": 0.05293745980751384, "6": 0.034565262519152616, "7": 0.030290293292593883, "8": 0.02567112719037454, "9": 0.01685713194422525, "10": 0.02606163602385633, "11": 0.0, "12": 0.0, "start": 1.0, "end": 3.0}, "noon": {"13": 0.5263664918254529, "14": 0.052127283121416804, "3": 0.1033706105774292, "4": 0.06880627985834709, "5": 0.06816775373226472, "6": 0.04309023741974899, "19": 0.03439831232624186, "20": 0.0404737796063163, "21": 0.025193713844512352, "22": 0.03800553768826956, "11": 0.0, "12": 0.0, "start": 3.0, "end": 4.0}, "afternoon": {"13": 0.5324428051267309, "14": 0.05382307632733461, "3": 0.10865281210940458, "4": 0.07287643938099388, "5": 0.06688040667019135, "6": 0.049342974908005946, "7": 0.0334383090031761, "8": 0.03086114680470161, "9": 0.01930699991742269, "10": 0.03237502975203833, "11": 0.0, "12": 0.0, "start": 4.0, "end": 13.0}, "evening": {"13": 0.6391255217566663, "14": 0.04222810260838484, "15": 0.0927838851174195, "16": 0.0521596111651345, "17": 0.04731604926408993, "18": 0.02958667938626512, "19": 0.027270164752114915, "20": 0.02645788732544415, "21": 0.013667266467614412, "22": 0.029404832156866394, "11": 0.0, "12": 0.0, "start": 13.0, "end": 15.0}, "night": {"1": 0.6019007999320816, "14": 0.04739714939580444, "15": 0.10821563915434619, "16": 0.05941272090591316, "17": 0.05607115686662114, "18": 0.030942985015245093, "19": 0.027023718602978402, "20": 0.027288920926981854, "21": 0.011811855955987488, "22": 0.02993505324404065, "23": 0.0, "12": 0.0, "start": 15.0, "end": 1.0}}