{"morning": {"1": 0.6211849851186774, "2": 0.04259464625411891, "3": 0.09416960594075857, "4": 0.05548939865020181, "5": 0.05293662267867009, "6": 0.034679932847947764, "7": 0.03035962617173272, "8": 0.02567063051441919, "9": 0.01685667548676956, "10": 0.026057876336704096, "11": 0.0, "12": 0.0, "start": 1.0, "end": 3.0}, "noon": {"13": 0.5263664918254529, "14": 0.052127283121416804, "3": 0.1033706105774292, "4": 0.06880627985834709, "5": 0.06816775373226472, "6": 0.04309023741974899, "7": 0.03439831232624186, "8": 0.0404737796063163, "9": 0.025193713844512352, "10": 0.03800553768826956, "11": 0.0, "12": 0.0, "start": 3.0, "end": 4.0}, "afternoon": {"13": 0.5324428051267309, "14": 0.05382307632733461, "15": 0.10865281210940458, "4": 0.07287643938099388, "5": 0.06688040667019135, "6": 0.049342974908005946, "7": 0.0334383090031761, "8": 0.03086114680470161, "9": 0.01930699991742269, "10": 0.03237502975203833, "11": 0.0, "12": 0.0, "start": 4.0, "end": 13.0}, "evening": {"13": 0.6355979215700387, "14": 0.04166295607742277, "15": 0.09189570566359541, "16": 0.05194546868469101, "17": 0.047109384846039215, "18": 0.03136740635004551, "19": 0.029226587884080057, "20": 0.027743460276407114, "21": 0.014500024254403245, "22": 0.028951084393276972, "11": 0.0, "12": 0.0, "start": 13.0, "end": 15.0}, "night": {"1": 0.5983427565225523, "2": 0.046831426260420424, "15": 0.10732587610304027, "16": 0.05919746518600432, "17": 0.055864041836417445, "18": 0.03275028587989773, "19": 0.028987754680842418, "20": 0.028574365539958846, "21": 0.012644511307365706, "22": 0.02948151668350053, "23": 0.0, "12": 0.0, "start": 15.0, "end": 1.0}}