{"start": {"morning": {"1": 0.5849571932165551, "2": 0.06000590265497108, "3": 0.11017534864565642, "4": 0.023611712628118526, "5": 0.06385889679900957, "6": 0.04339624769555114, "7": 0.029406153032684627, "8": 0.02804933693210686, "9": 0.04193019893498782, "10": 0.014609009460358877, "11": 0.0, "12": 0.0}, "noon": {"1": 0.5542184950133693, "2": 0.0686336052907888, "3": 0.12345996291910286, "4": 0.031985043305715166, "5": 0.05946797407554828, "6": 0.052376421363305906, "7": 0.0288159030028601, "8": 0.03108670864915746, "9": 0.02809603376666798, "10": 0.021859852613484162, "11": 0.0, "12": 0.0}, "afternoon": {"1": 0.5510057083175325, "2": 0.0783593025285844, "3": 0.12355978850368021, "4": 0.03149661672216915, "5": 0.06775536679364359, "6": 0.05462327582157281, "7": 0.029050706358768788, "8": 0.025762131938531958, "9": 0.021456263935046453, "10": 0.016930839080470193, "11": 0.0, "12": 0.0}, "evening": {"1": 0.5755641257565046, "2": 0.037557876805353343, "3": 0.12708936524853784, "4": 0.019529751904894525, "5": 0.038538790568286595, "6": 0.031087621459517947, "7": 0.02794119844392579, "8": 0.03656110738903712, "9": 0.06288938712605387, "10": 0.0432407752978884, "11": 0.0, "12": 0.0}, "night": {"1": 0.43912770263102613, "2": 0.05649548726219061, "3": 0.1784694037999475, "4": 0.04128720488193046, "5": 0.07400470491341513, "6": 0.04067345121802657, "7": 0.03394782827595265, "8": 0.039313856215547255, "9": 0.03990740077913591, "10": 0.05677296002282772, "11": 0.0, "12": 0.0}}, "end": {"morning": {"1": 0.6721443669385194, "2": 0.0692350501353948, "3": 0.09799088619798171, "4": 0.01174118743824231, "5": 0.03396461132443678, "6": 0.035755693454263084, "7": 0.020624479576781676, "8": 0.011771081154937087, "9": 0.04029099715689494, "10": 0.006481646622548109, "11": 0.0, "12": 0.0}, "noon": {"1": 0.5987359168974274, "2": 0.08802876780761662, "3": 0.11778218129301696, "4": 0.020200151497385126, "5": 0.040801519481795515, "6": 0.0426833918904693, "7": 0.022065930893445856, "8": 0.021770665493521423, "9": 0.03238284860716307, "10": 0.015548626138158685, "11": 0.0, "12": 0.0}, "afternoon": {"1": 0.6185456004072175, "2": 0.09185858845857704, "3": 0.12165328545158383, "4": 0.017889924765924426, "5": 0.03856862197902169, "6": 0.04282516297085244, "7": 0.019899802898605806, "8": 0.016282057980823467, "9": 0.022397015298541618, "10": 0.010079939788852237, "11": 0.0, "12": 0.0}, "evening": {"1": 0.6514359852928143, "2": 0.05899901752657291, "3": 0.11302895878512388, "4": 0.01222930178615151, "5": 0.02989407759199283, "6": 0.031140459070785262, "7": 0.021961846910860155, "8": 0.020169939230208152, "9": 0.036928167115850986, "10": 0.02421224668963994, "11": 0.0, "12": 0.0}, "night": {"1": 0.5396562768740448, "2": 0.08202147665828359, "3": 0.1548681756491292, "4": 0.01876975489730477, "5": 0.05016113896143622, "6": 0.03957668213498625, "7": 0.027640483615441, "8": 0.02340157573385356, "9": 0.03293665105720208, "10": 0.030967784418318507, "11": 0.0, "12": 0.0}}}