{"morning": {"0": 0.0660719718701122, "1": 0.03105664631377765, "2": 0.023366523359443683, "3": 0.0315364165178502, "4": 0.02775028375598422, "5": 0.04038403997817191, "6": 0.04432346087431821, "7": 0.04699737891139485, "8": 0.03396607313893801, "9": 0.03813840659811791, "10": 0.060414615894842816, "11": 0.05879825499504462, "12": 0.05535743418382325, "13": 0.02305822898517056, "14": 0.040220805972271415, "15": 0.0727305123666673, "16": 0.0387774674696827, "17": 0.03642973370803479, "18": 0.03157241901868176, "19": 0.038535845045239416, "20": 0.044517799764737236, "21": 0.030459965433652897, "22": 0.043472121529308565, "23": 0.042063594314733804, "start": 10.0, "end": 15.0}, "noon": {"0": 0.08015931361331127, "1": 0.024554094928066632, "2": 0.01785772851675946, "3": 0.023619582028346242, "4": 0.023076698251040643, "5": 0.030096853071715845, "6": 0.04052543113243324, "7": 0.04050654109643984, "8": 0.03267527774267069, "9": 0.04134719164252363, "10": 0.0466075920105683, "11": 0.05363830612491696, "12": 0.04646776913668573, "13": 0.026429083420020028, "14": 0.04025869720636375, "15": 0.06490450955415503, "16": 0.049434482779173866, "17": 0.04611037236576839, "18": 0.03037777818131719, "19": 0.049978902797585, "20": 0.052354493974800936, "21": 0.039922024879505906, "22": 0.04759460941623348, "23": 0.051502666129597884, "start": 15.0, "end": 20.0}, "afternoon": {"0": 0.08069139748242908, "1": 0.033718057888861765, "2": 0.02486214627608674, "3": 0.03423673757944159, "4": 0.0273697522154211, "5": 0.03913142316183812, "6": 0.04391301582283289, "7": 0.04503566722591823, "8": 0.03492024871969424, "9": 0.040577867227664634, "10": 0.057449827765945004, "11": 0.05683808474112895, "12": 0.05088234380273202, "13": 0.023482337390309596, "14": 0.03751085549281568, "15": 0.0686495346176003, "16": 0.04072074516264274, "17": 0.037703688436472794, "18": 0.028650196863722405, "19": 0.035830651702511734, "20": 0.041850790078635604, "21": 0.03207494426737297, "22": 0.0417019336651393, "23": 0.0421977524127825, "start": 20.0, "end": 22.0}, "evening": {"0": 0.061160489649831146, "1": 0.027752487942020374, "2": 0.02195810303554421, "3": 0.02802042905300847, "4": 0.025278407198609285, "5": 0.0348954233973488, "6": 0.0413742754043993, "7": 0.04533237601931745, "8": 0.03270445012523884, "9": 0.040970102076737534, "10": 0.0579540521749935, "11": 0.05885634460144682, "12": 0.05666144833596492, "13": 0.024361068912008937, "14": 0.045104189442702274, "15": 0.07653084367172333, "16": 0.04199278272190234, "17": 0.04114493490978168, "18": 0.03250165085018523, "19": 0.04178229815281706, "20": 0.043699100159670635, "21": 0.03247511954989483, "22": 0.043690585765685304, "23": 0.043799036849167715, "start": 22.0, "end": 23.0}, "night": {"0": 0.0602363140824358, "1": 0.04208337605163471, "2": 0.02768457915461497, "3": 0.03677239223001174, "4": 0.03425876961796558, "5": 0.04006523752934996, "6": 0.04537210619085944, "7": 0.04521778499265163, "8": 0.03545258291837736, "9": 0.04113997821579657, "10": 0.055111082972618075, "11": 0.05634790631001734, "12": 0.05522386807627058, "13": 0.021831398417540098, "14": 0.03706714300844911, "15": 0.06166146855952861, "16": 0.037189357437717924, "17": 0.035186127388325945, "18": 0.031170152308420202, "19": 0.03960702606827122, "20": 0.0406458148153653, "21": 0.029888901750855, "22": 0.04498882535848354, "23": 0.04579780654443933, "start": 23.0, "end": 10.0}}