{"morning": {"0": 0.0660719718701122, "1": 0.03105664631377765, "2": 0.023366523359443683, "3": 0.0315364165178502, "4": 0.02775028375598422, "5": 0.04038403997817191, "6": 0.04432346087431821, "7": 0.04699737891139485, "8": 0.03396607313893801, "9": 0.03813840659811791, "10": 0.060414615894842816, "11": 0.05879825499504462, "12": 0.05535743418382325, "13": 0.02305822898517056, "14": 0.040220805972271415, "15": 0.0727305123666673, "16": 0.0387774674696827, "17": 0.03642973370803479, "18": 0.03157241901868176, "19": 0.038535845045239416, "20": 0.044517799764737236, "21": 0.030459965433652897, "22": 0.043472121529308565, "23": 0.042063594314733804, "start": 10.0, "end": 11.0}, "noon": {"0": 0.07088710148603322, "1": 0.02589226003151393, "2": 0.020024795667430654, "3": 0.026328864674742006, "4": 0.02348431847937892, "5": 0.03325606553611588, "6": 0.04005611621637755, "7": 0.04095290659145553, "8": 0.032533923661694386, "9": 0.04022849635993412, "10": 0.051475271156878936, "11": 0.05435893878779618, "12": 0.04724608212774457, "13": 0.026632527549010594, "14": 0.042719149194262396, "15": 0.07006875065589813, "16": 0.04542703649330071, "17": 0.04286984251467008, "18": 0.03044234052273424, "19": 0.046513663835124126, "20": 0.052149525557450664, "21": 0.03998322383224148, "22": 0.048077257532984675, "23": 0.04839154153522702, "start": 11.0, "end": 12.0}, "afternoon": {"0": 0.0672082568978437, "1": 0.040785209345177945, "2": 0.025683690667972017, "3": 0.03652342049081035, "4": 0.031929393474297144, "5": 0.04017101818211811, "6": 0.043813371416567846, "7": 0.04752893948991565, "8": 0.034546901733921304, "9": 0.0414915253428715, "10": 0.053033129559400725, "11": 0.052502711857953265, "12": 0.052263928884053755, "13": 0.024167075548876104, "14": 0.03874992656964892, "15": 0.06722850711424437, "16": 0.04441002061553548, "17": 0.03897162864804085, "18": 0.029765766209894597, "19": 0.038230484492984926, "20": 0.04034537438165862, "21": 0.030569097743522008, "22": 0.03982462263976073, "23": 0.04025599869293009, "start": 12.0, "end": 15.0}, "evening": {"0": 0.061160489649831146, "1": 0.027752487942020374, "2": 0.02195810303554421, "3": 0.02802042905300847, "4": 0.025278407198609285, "5": 0.0348954233973488, "6": 0.0413742754043993, "7": 0.04533237601931745, "8": 0.03270445012523884, "9": 0.040970102076737534, "10": 0.0579540521749935, "11": 0.05885634460144682, "12": 0.05666144833596492, "13": 0.024361068912008937, "14": 0.045104189442702274, "15": 0.07653084367172333, "16": 0.04199278272190234, "17": 0.04114493490978168, "18": 0.03250165085018523, "19": 0.04178229815281706, "20": 0.043699100159670635, "21": 0.03247511954989483, "22": 0.043690585765685304, "23": 0.043799036849167715, "start": 15.0, "end": 22.0}, "night": {"0": 0.0602363140824358, "1": 0.04208337605163471, "2": 0.02768457915461497, "3": 0.03677239223001174, "4": 0.03425876961796558, "5": 0.04006523752934996, "6": 0.04537210619085944, "7": 0.04521778499265163, "8": 0.03545258291837736, "9": 0.04113997821579657, "10": 0.055111082972618075, "11": 0.05634790631001734, "12": 0.05522386807627058, "13": 0.021831398417540098, "14": 0.03706714300844911, "15": 0.06166146855952861, "16": 0.037189357437717924, "17": 0.035186127388325945, "18": 0.031170152308420202, "19": 0.03960702606827122, "20": 0.0406458148153653, "21": 0.029888901750855, "22": 0.04498882535848354, "23": 0.04579780654443933, "start": 22.0, "end": 10.0}}