{"morning": {"0": 0.06952972480971549, "1": 0.03757609430175927, "2": 0.02867511188437481, "3": 0.03872012314037763, "4": 0.033189744079007606, "5": 0.041454946972876515, "6": 0.04335285354689559, "7": 0.04577803060398381, "8": 0.03417129322335808, "9": 0.035205122965339126, "10": 0.056606692120465284, "11": 0.054385310952453365, "12": 0.052358408386719936, "13": 0.023178136476104505, "14": 0.039287582064274004, "15": 0.07062352336844492, "16": 0.03818630011941856, "17": 0.03626339708292745, "18": 0.030945161068988744, "19": 0.03570759897768337, "20": 0.04183208191260499, "21": 0.02891816225153616, "22": 0.0418746423493112, "23": 0.04217995734137961, "start": 10.0, "end": 12.0}, "noon": {"0": 0.06796091086298783, "1": 0.02927299992390458, "2": 0.02426406051750739, "3": 0.03044555498185171, "4": 0.025835492002963027, "5": 0.03277728991759416, "6": 0.03615681854587247, "7": 0.03696592094159069, "8": 0.030881366283058258, "9": 0.0361585663603094, "10": 0.048368748029481316, "11": 0.05145424914963097, "12": 0.046444381002290994, "13": 0.027762737857888978, "14": 0.04345148721316221, "15": 0.07427432385514388, "16": 0.04841454776936079, "17": 0.045238601773791076, "18": 0.031193219105054352, "19": 0.04523475393319911, "20": 0.050493911873700635, "21": 0.03916204212559744, "22": 0.047087480685664825, "23": 0.05070053528839399, "start": 12.0, "end": 15.0}, "afternoon": {"0": 0.07341539602479231, "1": 0.04457627877633252, "2": 0.028994028092156517, "3": 0.04071878120096016, "4": 0.03300921818901629, "5": 0.039143492485057316, "6": 0.042061289280219, "7": 0.04171962042746116, "8": 0.03231935467831381, "9": 0.03837720845737043, "10": 0.05068220123778885, "11": 0.050769146117717906, "12": 0.04974470088363793, "13": 0.024530731702735162, "14": 0.03945532827793651, "15": 0.07028786251392435, "16": 0.04510606512867365, "17": 0.04060182479679112, "18": 0.029172269448138784, "19": 0.03778307196734572, "20": 0.03995124578484028, "21": 0.02955217775631037, "22": 0.037906877642153496, "23": 0.04012182913032631, "start": 15.0, "end": 16.0}, "evening": {"0": 0.06252787329596583, "1": 0.030803904974505983, "2": 0.025781926518140014, "3": 0.03374017732870737, "4": 0.030348431615212956, "5": 0.036635818741902075, "6": 0.0422356138551979, "7": 0.04494637757355907, "8": 0.032900524760959005, "9": 0.0378108371104777, "10": 0.055487190325358086, "11": 0.053846326317750444, "12": 0.05429520203455055, "13": 0.024728160890885382, "14": 0.043940469724971044, "15": 0.07518743337073668, "16": 0.043189250574838786, "17": 0.04115832706164951, "18": 0.03276219559412901, "19": 0.039255807685438064, "20": 0.042541140411286316, "21": 0.03140980933872493, "22": 0.04177636217459722, "23": 0.04269083872045621, "start": 16.0, "end": 23.0}, "night": {"0": 0.06515445246123418, "1": 0.051686855842944905, "2": 0.03420195159658598, "3": 0.04374864055516392, "4": 0.036891265176002795, "5": 0.04181669229435067, "6": 0.04366397588978821, "7": 0.04275674201809594, "8": 0.03568767980209007, "9": 0.03897577524187471, "10": 0.05421417570438607, "11": 0.05393733777403909, "12": 0.05207263500691408, "13": 0.02381386800517109, "14": 0.0362053516730065, "15": 0.06009832285466883, "16": 0.038576487874089835, "17": 0.035152040931531715, "18": 0.02817535054572972, "19": 0.03487958769245632, "20": 0.037203407086842145, "21": 0.02758554233208005, "22": 0.039939225622105765, "23": 0.04356263601884742, "start": 23.0, "end": 10.0}}