{"start": {"morning": {"1": 0.004117275260859996, "2": 0.0030403043513220823, "3": 0.004378848044950853, "4": 0.0049765376715116315, "5": 0.011737172060893189, "6": 0.02344366121488907, "7": 0.015204073547104577, "8": 0.011627410285320723, "9": 0.01448247620677937, "10": 0.07397160744274252, "11": 0.07034362884299959, "12": 0.07440666343564595, "13": 0.027988875470750862, "14": 0.046825630708810004, "15": 0.10010458445808613, "16": 0.07174799795137134, "17": 0.0593333664093599, "18": 0.07861121193698903, "19": 0.07022712956335928, "20": 0.0808226876535924, "21": 0.04976322259404829, "22": 0.050065298432244575, "23": 0.044006318057775086, "24": 0.008774018398593727}, "noon": {"1": 0.005237915866123336, "2": 0.004399500222835965, "3": 0.005836561984220349, "4": 0.006779091472066366, "5": 0.010526963526438999, "6": 0.017821324884513268, "7": 0.012815217456220308, "8": 0.011424197984568164, "9": 0.017626253009256687, "10": 0.04649411562178644, "11": 0.04853281957652396, "12": 0.042427141823504544, "13": 0.024206739103120208, "14": 0.04470485642005208, "15": 0.0749895900914056, "16": 0.07566630484609972, "17": 0.07109045278902298, "18": 0.06372896221604224, "19": 0.0941060221105001, "20": 0.08334039786671182, "21": 0.07254867855684392, "22": 0.07447352736955658, "23": 0.07584901924914118, "24": 0.015374345953445166}, "afternoon": {"1": 0.009126544969997956, "2": 0.006788918209533125, "3": 0.009343535167033304, "4": 0.009503381657960467, "5": 0.012921788104554247, "6": 0.021869340132857178, "7": 0.01736314516953401, "8": 0.013972983685371454, "9": 0.018957821775965524, "10": 0.0602124544871748, "11": 0.0684192595975233, "12": 0.0619203273025924, "13": 0.031461619914081064, "14": 0.049560977864009176, "15": 0.0900258683634549, "16": 0.07257040095017624, "17": 0.06259922234877693, "18": 0.06460321439350492, "19": 0.08157971346869776, "20": 0.06632022536405299, "21": 0.055775536146665035, "22": 0.04996945877372681, "23": 0.05346154562759908, "24": 0.011672716525157329}, "evening": {"1": 0.003756560873198033, "2": 0.003065097780648321, "3": 0.00454522196616569, "4": 0.005582503205098219, "5": 0.010537565306894212, "6": 0.022582161437994967, "7": 0.016167533689518617, "8": 0.011544106329802661, "9": 0.01450603560447665, "10": 0.054954594906839634, "11": 0.061749234029917825, "12": 0.060172077022919136, "13": 0.027518613577654165, "14": 0.0495258976526615, "15": 0.09371209978954385, "16": 0.06849091607291147, "17": 0.06736755194999064, "18": 0.08303223342291613, "19": 0.09241473926446031, "20": 0.0796953622221557, "21": 0.05582282768459773, "22": 0.054131761381562234, "23": 0.050844662515921214, "24": 0.008280642312151084}, "night": {"1": 0.005405054862070475, "2": 0.004318155061734835, "3": 0.005619446210444764, "4": 0.007303316426766692, "5": 0.013443940049187503, "6": 0.0275082010443225, "7": 0.01741748978407053, "8": 0.014738394247753436, "9": 0.014909922378107702, "10": 0.0576984749479138, "11": 0.06177940107586602, "12": 0.06698223002356535, "13": 0.024671954348658334, "14": 0.04433359833686133, "15": 0.08780012629223022, "16": 0.0756109529247104, "17": 0.06683852632952346, "18": 0.07395395057242656, "19": 0.07395726193648992, "20": 0.07309061405758929, "21": 0.052043320006697175, "22": 0.0621380740886246, "23": 0.05778657730087253, "24": 0.01065101769351271}}, "end": {"morning": {"1": 0.006087964707422818, "2": 0.004205652182692143, "3": 0.0068783932319730415, "4": 0.006797875064253245, "5": 0.012493872667316223, "6": 0.019059475877888275, "7": 0.015944741235749037, "8": 0.011060251837584786, "9": 0.016921613489558427, "10": 0.06658459724175768, "11": 0.06261364404431136, "12": 0.060633714826228105, "13": 0.02690276312162023, "14": 0.044782063665159445, "15": 0.10050935094778897, "16": 0.07734872682568468, "17": 0.06720404905192136, "18": 0.07333811949685366, "19": 0.07156262089554223, "20": 0.07961817415663748, "21": 0.04961713915403356, "22": 0.05697009579034092, "23": 0.052224481271434656, "24": 0.010640619216247834}, "noon": {"1": 0.004746215230900757, "2": 0.00433117845833439, "3": 0.005402110859177981, "4": 0.005884102656370742, "5": 0.007912762254889408, "6": 0.012581263397769176, "7": 0.010609987066529806, "8": 0.009280789568192385, "9": 0.0153996347186518, "10": 0.040741181413520594, "11": 0.042943902232987885, "12": 0.04028700812520776, "13": 0.02513618104884738, "14": 0.04722428415993599, "15": 0.07886962884418884, "16": 0.08432114456125842, "17": 0.08008192576897302, "18": 0.06222415341114894, "19": 0.09741031283039502, "20": 0.08001650424825121, "21": 0.0694889870767784, "22": 0.0780353404822756, "23": 0.08030371741115958, "24": 0.01676768417425506}, "afternoon": {"1": 0.013370893276293809, "2": 0.009080833686694913, "3": 0.013048955864196531, "4": 0.011978746766535976, "5": 0.014137596904375624, "6": 0.02117596017983954, "7": 0.01964698810163114, "8": 0.014222874534908595, "9": 0.02142269668571813, "10": 0.061533330419169543, "11": 0.0670505551262891, "12": 0.057792211162431044, "13": 0.029283475995015566, "14": 0.04526638026714186, "15": 0.0829676689542226, "16": 0.07539753638375074, "17": 0.06416987879064057, "18": 0.06211076299227774, "19": 0.08274286916704228, "20": 0.06284056593977204, "21": 0.05304069660353133, "22": 0.05146025937739383, "23": 0.053460013439877045, "24": 0.01279824938125046}, "evening": {"1": 0.00552752036011056, "2": 0.004164500344776071, "3": 0.006347646348098951, "4": 0.007218774617785185, "5": 0.010021195957420443, "6": 0.017957568824024616, "7": 0.01743073493938358, "8": 0.01144096436047594, "9": 0.01649336520165478, "10": 0.05133713302499621, "11": 0.06184584523663903, "12": 0.05319753430635831, "13": 0.02523986604362674, "14": 0.047838373558028335, "15": 0.0859158055063471, "16": 0.07031852447073439, "17": 0.07289716781902172, "18": 0.0763510742322553, "19": 0.09930535775076314, "20": 0.07360678484192038, "21": 0.05522285659877452, "22": 0.06106088148633788, "23": 0.05962053208985323, "24": 0.009639992080613573}, "night": {"1": 0.006219961450219624, "2": 0.005151824954728162, "3": 0.006514144401602655, "4": 0.007702912140123809, "5": 0.01122000222460196, "6": 0.021552542905117614, "7": 0.018386670811864982, "8": 0.013597309848504324, "9": 0.015197347469197786, "10": 0.05240008400001127, "11": 0.05265455945047321, "12": 0.05802113787788527, "13": 0.023121091473642098, "14": 0.04746059047685511, "15": 0.08507466235041149, "16": 0.07928129107359694, "17": 0.07795440027226964, "18": 0.07674524282486622, "19": 0.08300854043167485, "20": 0.06996836172290721, "21": 0.05093161709077912, "22": 0.06832402240220853, "23": 0.058930173715410136, "24": 0.010581508631047988}}}