{"start": {"morning": {"1": 0.02143831911905836, "2": 0.01704593634809653, "3": 0.03078036960564931, "4": 0.0329874833446151, "5": 0.05255817281831939, "6": 0.08085962880042713, "7": 0.07525059287603798, "8": 0.05252556493915647, "9": 0.05854259951409626, "10": 0.2191446213989353, "11": 0.17314595158212884, "12": 0.1857207596534793}, "noon": {"1": 0.04554421104227094, "2": 0.026421305449875566, "3": 0.05254093345816757, "4": 0.05124141593859034, "5": 0.0773560522697614, "6": 0.08409270971049315, "7": 0.06905190179102186, "8": 0.05453715152916203, "9": 0.0985039171383204, "10": 0.17984759793469457, "11": 0.1432522616431491, "12": 0.11761054209449305}, "afternoon": {"1": 0.05514888177547654, "2": 0.028946682962126945, "3": 0.04808217239844973, "4": 0.03780958422579242, "5": 0.054180963448575405, "6": 0.06983136345618363, "7": 0.07739792433722356, "8": 0.05436543442465849, "9": 0.10633439943471532, "10": 0.18868299101157604, "11": 0.15432349914424673, "12": 0.12489610338097543}, "evening": {"1": 0.025041918325710465, "2": 0.02314342811548231, "3": 0.04338623468918922, "4": 0.04440888291725884, "5": 0.058391018480336454, "6": 0.09415375507241272, "7": 0.095998601967196, "8": 0.05833686612498628, "9": 0.06925890398341226, "10": 0.18366722875176106, "11": 0.13893806786152813, "12": 0.16527509371072638}, "night": {"1": 0.028595499056087617, "2": 0.022126665497981264, "3": 0.041566267699353183, "4": 0.044291978779113804, "5": 0.06832433083213163, "6": 0.09940950631096755, "7": 0.10365164907487966, "8": 0.06582985912731233, "9": 0.07304616412304989, "10": 0.1735095888997518, "11": 0.12831193862150617, "12": 0.1513365519778651}}, "end": {"morning": {"1": 0.06074341443352134, "2": 0.029116165377547278, "3": 0.06318193765585485, "4": 0.06007323253863689, "5": 0.07032465620428896, "6": 0.0748202643002702, "7": 0.08486125286982941, "8": 0.06366260459046125, "9": 0.08675619416088377, "10": 0.14816601691453973, "11": 0.1366846393727203, "12": 0.12160962158144618}, "noon": {"1": 0.07860016731295266, "2": 0.040287928186183354, "3": 0.07643716383149046, "4": 0.06927196679399454, "5": 0.07381517899827242, "6": 0.08136623381070332, "7": 0.07495587481368987, "8": 0.058807177464304076, "9": 0.10501543834128613, "10": 0.11958361281415061, "11": 0.11300225488680976, "12": 0.10885700274616279}, "afternoon": {"1": 0.11599193275430467, "2": 0.045039175132224045, "3": 0.08972284371294255, "4": 0.0625306447092235, "5": 0.07142358575510378, "6": 0.07684690799246842, "7": 0.08944057854394574, "8": 0.060033020081338866, "9": 0.11810774465285528, "10": 0.10181449528459763, "11": 0.0922487545438805, "12": 0.07680031683711505}, "evening": {"1": 0.04539187769418637, "2": 0.03375120453037235, "3": 0.06624981279013677, "4": 0.06280385377471602, "5": 0.0553122076414718, "6": 0.07944066118989374, "7": 0.09736123659873903, "8": 0.05846520288961273, "9": 0.08571040549657132, "10": 0.14357846753848374, "11": 0.1274792536595136, "12": 0.14445581619630252}, "night": {"1": 0.07530743341869357, "2": 0.03962502566274443, "3": 0.0761529684510282, "4": 0.06930349397903658, "5": 0.07247858803753988, "6": 0.08173847536260194, "7": 0.09557498881299777, "8": 0.07070064702563147, "9": 0.08960074811647914, "10": 0.10488565646073425, "11": 0.10552545480964132, "12": 0.11910651986287157}}}