{"morning": {"start": 11.999999999999996, "end": 15.0}, "noon": {"start": 15.0, "end": 16.0}, "afternoon": {"start": 16.0, "end": 18.99999999999993}, "evening": {"start": 18.99999999999993, "end": 19.99999999999993}, "night": {"start": 19.99999999999993, "end": 6.0}}