{"morning": {"start": 12.0, "end": 15.000000000000018}, "noon": {"start": 15.000000000000018, "end": 16.0}, "afternoon": {"start": 16.0, "end": 18.99999999999993}, "evening": {"start": 18.99999999999993, "end": 19.99999999999993}, "night": {"start": 20.0, "end": 6.0}}