{"morning": {"1": 0.09688409377965339, "2": 0.063750034708443, "3": 0.21754324218611823, "4": 0.02623254136352874, "5": 0.12966451551341834, "6": 0.01565405722669168, "7": 0.12488272042026241, "8": 0.03242331834359399, "9": 0.03811795708655924, "10": 0.22450756033126215, "11": 0.01597613485244818, "12": 0.014363824188020591}, "noon": {"1": 0.04428741955562475, "2": 0.13806277126493738, "3": 0.21326867002286015, "4": 0.17742325157186395, "5": 0.07213862408221587, "6": 0.01176615260163574, "7": 0.014007801361364026, "8": 0.01766496789390345, "9": 0.012328885130560633, "10": 0.2726491546251696, "11": 0.015158867173330209, "12": 0.01124343471653428}, "afternoon": {"1": 0.1243748923869239, "2": 0.02517375744429601, "3": 0.21044296193834922, "4": 0.10380346153841988, "5": 0.1665197215098926, "6": 0.023539602740506115, "7": 0.10670367742232902, "8": 0.03367279952546395, "9": 0.04497585063713918, "10": 0.11211078798937961, "11": 0.02406462404129604, "12": 0.024617862826004616}, "evening": {"1": 0.026006489258279402, "2": 0.11885054461245309, "3": 0.42925633908751154, "4": 0.0688742728580742, "5": 0.045948765942870035, "6": 0.014956632412226126, "7": 0.08815094709308992, "8": 0.03019443685837105, "9": 0.07861405169343577, "10": 0.07473487471745258, "11": 0.014372299243937424, "12": 0.010040346222298827}, "night": {"1": 0.028215586651282386, "2": 0.034787678858951745, "3": 0.2240950011931014, "4": 0.028062499956393584, "5": 0.034782534473584904, "6": 0.022467938504677876, "7": 0.32640456453364586, "8": 0.03314468756809345, "9": 0.07174084872009341, "10": 0.16797409107686795, "11": 0.015067248941647368, "12": 0.01325731952166001}}