{"morning": {"0": 0.061975015913510206, "1": 0.06571115674771681, "2": 0.030975399099090455, "3": 0.030152425510483857, "4": 0.031989730721511477, "5": 0.034522724500272606, "6": 0.03419277868989158, "7": 0.043774693211854086, "8": 0.03948461121588506, "9": 0.03214609693220985, "10": 0.1169935251520518, "11": 0.04172440987923507, "12": 0.05916524144786974, "13": 0.016565988656496458, "14": 0.029847051535153376, "15": 0.07805532316024476, "16": 0.035105431064516926, "17": 0.024215108881602693, "18": 0.030682487733219087, "19": 0.030568337239679902, "20": 0.05771991144583897, "21": 0.022403737897394797, "22": 0.027799338022858305, "23": 0.024229475341412197, "start": 1.0, "end": 2.0}, "noon": {"0": 0.05488288299679837, "1": 0.08109718838389596, "2": 0.054340467352626716, "3": 0.041682177842331136, "4": 0.053682426993828226, "5": 0.05834644777898519, "6": 0.035244340402118664, "7": 0.030884444451876273, "8": 0.035812315970170615, "9": 0.024302314548021134, "10": 0.06512854497269534, "11": 0.03429246879374378, "12": 0.05349421247608224, "13": 0.017104920024628274, "14": 0.027732101355557655, "15": 0.06319561735674488, "16": 0.03714378197834238, "17": 0.027599117383838474, "18": 0.03494306983745832, "19": 0.03840371185923555, "20": 0.06355133914791365, "21": 0.022633303079876297, "22": 0.02091635891033799, "23": 0.02358644610289287, "start": 2.0, "end": 5.0}, "afternoon": {"0": 0.04828375239515571, "1": 0.05899933437043556, "2": 0.037852983077776695, "3": 0.03561886740072132, "4": 0.03253945319161765, "5": 0.0414961491140155, "6": 0.040361007077536454, "7": 0.04190014705224576, "8": 0.039066983233803206, "9": 0.028213814324871606, "10": 0.08305868585360668, "11": 0.044957690012403614, "12": 0.06302762776494815, "13": 0.02002293175472502, "14": 0.031981809153589495, "15": 0.07989313162732362, "16": 0.038013838326618254, "17": 0.029079181289592686, "18": 0.03287137374663262, "19": 0.03492769578358868, "20": 0.062219278652636656, "21": 0.026237568413454617, "22": 0.024744136260591774, "23": 0.024632560122108658, "start": 5.0, "end": 8.0}, "evening": {"0": 0.053350853919866145, "1": 0.08074346596440204, "2": 0.055630236228919036, "3": 0.03217879996643486, "4": 0.03559993279996449, "5": 0.04300563923284205, "6": 0.030238464508677933, "7": 0.035861226198932776, "8": 0.03490381135830893, "9": 0.02418556274035929, "10": 0.08175467893709165, "11": 0.037328701600056316, "12": 0.056071008097518193, "13": 0.016431510211994405, "14": 0.025929326425277767, "15": 0.083694147098343, "16": 0.03831161250265899, "17": 0.027022393333168526, "18": 0.03766532757489843, "19": 0.03698511823848488, "20": 0.06529346131393633, "21": 0.023345019782662818, "22": 0.02346925941799369, "23": 0.021000442547207458, "start": 8.0, "end": 10.0}, "night": {"0": 0.058801969769786425, "1": 0.0560044225867317, "2": 0.025439643282895993, "3": 0.023028062570229952, "4": 0.020731087013601133, "5": 0.026218183051624537, "6": 0.032263902876086895, "7": 0.030629036532790737, "8": 0.03853160047280506, "9": 0.021285596064989785, "10": 0.12548406088622235, "11": 0.04662361661353301, "12": 0.06017087975063178, "13": 0.01808231149744369, "14": 0.02960644560090797, "15": 0.09498979073168913, "16": 0.04117965726737721, "17": 0.02720923935141288, "18": 0.038884217757820715, "19": 0.035743789947388346, "20": 0.06780144401375661, "21": 0.025385085966043105, "22": 0.02957472556243628, "23": 0.02633123083179469, "start": 10.0, "end": 1.0}}