{"morning": {"0": 0.07716472194353828, "1": 0.053159392392639705, "2": 0.028180414921709942, "3": 0.029429022569021926, "4": 0.024651083990759444, "5": 0.036817113687269115, "6": 0.03413807413171876, "7": 0.04276815119947612, "8": 0.043600186006113206, "9": 0.030749259909167673, "10": 0.09014698467408674, "11": 0.04964451466621911, "12": 0.06586444794678117, "13": 0.0190593295632034, "14": 0.028698934264026213, "15": 0.0847107242196934, "16": 0.03852780538755245, "17": 0.024302152081785454, "18": 0.02907328310623281, "19": 0.027804176919124703, "20": 0.061521820872216304, "21": 0.022449210840102714, "22": 0.02891663031644205, "23": 0.028622564391119407, "start": 1.0, "end": 2.0}, "noon": {"0": 0.0523067721688526, "1": 0.048164094262070044, "2": 0.04530657039041953, "3": 0.03749699277371337, "4": 0.04696490376698622, "5": 0.05962927024303057, "6": 0.03733771704339548, "7": 0.0337470299002696, "8": 0.03942790096325111, "9": 0.02613751793304613, "10": 0.07842607348720625, "11": 0.0413449755577267, "12": 0.06231281795020387, "13": 0.019429392712956534, "14": 0.028836643663869368, "15": 0.06388329639083092, "16": 0.038981702825645975, "17": 0.02789088245252083, "18": 0.033671616539200006, "19": 0.03602331545354411, "20": 0.07323348408048728, "21": 0.022151569682018674, "22": 0.02192942212913065, "23": 0.025366037629624142, "start": 2.0, "end": 5.0}, "afternoon": {"0": 0.04932694746883238, "1": 0.045225941752852605, "2": 0.03323467688539605, "3": 0.032427634600968806, "4": 0.02922649604756557, "5": 0.04563942508999055, "6": 0.041025320907511514, "7": 0.042417720379215824, "8": 0.04305462542720186, "9": 0.03072285248548091, "10": 0.08898003683320123, "11": 0.04800604503628824, "12": 0.06745016675485688, "13": 0.021246359720799492, "14": 0.029504870656241338, "15": 0.08402032909597305, "16": 0.039490865012563776, "17": 0.027508602995824093, "18": 0.0298497957309732, "19": 0.02964426197057413, "20": 0.06386179359238205, "21": 0.025817978587335963, "22": 0.026056727970260332, "23": 0.026260524997710196, "start": 5.0, "end": 8.0}, "evening": {"0": 0.05514187420055899, "1": 0.07088782637403306, "2": 0.053733057638865926, "3": 0.0300505334239477, "4": 0.031836902599470696, "5": 0.04803839556388964, "6": 0.031226421086986034, "7": 0.03369705576297585, "8": 0.0383628871540179, "9": 0.027234793908240757, "10": 0.08500297159343606, "11": 0.04415262454221105, "12": 0.06222986990241825, "13": 0.01770753932220616, "14": 0.023431839514824065, "15": 0.08320271576032232, "16": 0.038477001467695386, "17": 0.02548985778283183, "18": 0.03434393875515618, "19": 0.0312398106164575, "20": 0.06577049732351636, "21": 0.021671755225212506, "22": 0.023667188453834836, "23": 0.023402642026890935, "start": 8.0, "end": 10.0}, "night": {"0": 0.0622173299630439, "1": 0.05002880220316986, "2": 0.017098523830927553, "3": 0.01950762817932094, "4": 0.017548652283918626, "5": 0.02592704096263589, "6": 0.029755308833413582, "7": 0.028140639278815913, "8": 0.03981206910795686, "9": 0.021543105372721864, "10": 0.15006641062979026, "11": 0.05289873626936915, "12": 0.06492969591527824, "13": 0.018537676382139906, "14": 0.026916844349363363, "15": 0.09658930870079006, "16": 0.04200898774777597, "17": 0.025668813743103716, "18": 0.033980499093893, "19": 0.028842513347895476, "20": 0.06812791652633675, "21": 0.02475827445145456, "22": 0.02836682958041861, "23": 0.026728393246465976, "start": 10.0, "end": 1.0}}