{"morning": {"1": 0.01078411033081831, "2": 0.00805982842131842, "3": 0.009202536345643633, "4": 0.007401973548722997, "5": 0.015566602331452451, "6": 0.019587289484771703, "7": 0.02176446274692547, "8": 0.018360151990584026, "9": 0.017205763339254793, "10": 0.10925312982334648, "11": 0.06854167235559634, "12": 0.09311067403119713, "13": 0.025532384159252658, "14": 0.045362740293498606, "15": 0.12092746792977964, "16": 0.05686969409025191, "17": 0.04234922018393612, "18": 0.06434367330267991, "19": 0.04421306803044635, "20": 0.07223813423742724, "21": 0.03778372329145192, "22": 0.04733108259354537, "23": 0.035393899086425755, "24": 0.008816718051672773, "start": 10.0, "end": 11.0}, "noon": {"1": 0.009453710619957426, "2": 0.011633033967746393, "3": 0.012784124227200239, "4": 0.010873945502064376, "5": 0.016315149869013373, "6": 0.022222882688128186, "7": 0.02215220006987193, "8": 0.020927652979090078, "9": 0.019207453845241074, "10": 0.090311992698303, "11": 0.06618826857271584, "12": 0.09348090958665063, "13": 0.0271186204629039, "14": 0.044505958421596534, "15": 0.10650724273881314, "16": 0.06380669726638348, "17": 0.042511955894026184, "18": 0.06847099952876197, "19": 0.061158357612892435, "20": 0.06989987800114836, "21": 0.03512325459069589, "22": 0.04011885455078562, "23": 0.037781260104159185, "24": 0.0074455962018507935, "start": 11.0, "end": 12.0}, "afternoon": {"1": 0.012298132420789771, "2": 0.011595519690184292, "3": 0.011620948261234528, "4": 0.00961223904732563, "5": 0.01875732422861942, "6": 0.022825256171144122, "7": 0.0229155516999425, "8": 0.020415707842833787, "9": 0.018802723317259587, "10": 0.09855429379151034, "11": 0.070719103142146, "12": 0.09477885008139715, "13": 0.028138694734732368, "14": 0.04578497832819487, "15": 0.11911624165057219, "16": 0.05848983261068073, "17": 0.04161092389294608, "18": 0.05810993721756447, "19": 0.04593022260517611, "20": 0.06827622732256028, "21": 0.038418362533592, "22": 0.039903508948152144, "23": 0.03496740449862726, "24": 0.008358015962814373, "start": 12.0, "end": 15.0}, "evening": {"1": 0.013829450633607127, "2": 0.012176257357189694, "3": 0.013554847301227826, "4": 0.012384705564433721, "5": 0.02099747449922986, "6": 0.025976967534115776, "7": 0.026947281071413937, "8": 0.025951423488433538, "9": 0.021403462014149093, "10": 0.09078690884621123, "11": 0.0637314331674274, "12": 0.08069677404392546, "13": 0.022938927762249064, "14": 0.03991624708382141, "15": 0.11380362493218081, "16": 0.06320971903343658, "17": 0.04434358663579533, "18": 0.06569299012850344, "19": 0.05151080711965622, "20": 0.0691508886633361, "21": 0.03597877560202113, "22": 0.04144589343018645, "23": 0.03402719910588932, "24": 0.009544354981559467, "start": 15.0, "end": 20.0}, "night": {"1": 0.008129254899580845, "2": 0.006934554215725398, "3": 0.00822859288462683, "4": 0.006367941358825954, "5": 0.014175865701068362, "6": 0.018619035578905818, "7": 0.018896950031845015, "8": 0.016954670358965123, "9": 0.015058332046307266, "10": 0.09624376057117694, "11": 0.06393307810913193, "12": 0.08252638985678182, "13": 0.02549560489153252, "14": 0.041776504895673035, "15": 0.13592744650393007, "16": 0.06326984630220985, "17": 0.04497764690303483, "18": 0.06555579645466258, "19": 0.048049809032105616, "20": 0.0792023188887444, "21": 0.04215805291204284, "22": 0.048917504226865305, "23": 0.03855155615485951, "24": 0.010049487221398156, "start": 20.0, "end": 10.0}}