{"start": {"morning": {"1": 0.05187354478698974, "2": 0.03259097598977207, "3": 0.040754310529928894, "4": 0.036296014418288745, "5": 0.06007289370099917, "6": 0.048477824528349076, "7": 0.0647087474911865, "8": 0.05570683049654984, "9": 0.025342870365013183, "10": 0.3122673125133432, "11": 0.09753710609716405, "12": 0.1743715690824155}, "noon": {"1": 0.042862465834819945, "2": 0.022498680928352936, "3": 0.0355235423147729, "4": 0.03244120793575177, "5": 0.06741979278184534, "6": 0.04469696047535571, "7": 0.05196106836465447, "8": 0.058045994947779865, "9": 0.04192205943715216, "10": 0.35352736436563537, "11": 0.11025480182162928, "12": 0.13884606079225026}, "afternoon": {"1": 0.052940717288637446, "2": 0.03229016763440818, "3": 0.04012792556887999, "4": 0.029715129117211622, "5": 0.056756740102155694, "6": 0.054523312762983986, "7": 0.058293064418128156, "8": 0.06415301346100143, "9": 0.031276845298743194, "10": 0.30534826168997475, "11": 0.12255181288951028, "12": 0.15202300976836527}, "evening": {"1": 0.05886400935408091, "2": 0.021135256669515063, "3": 0.02484122662411446, "4": 0.022372918861912536, "5": 0.049447149943674766, "6": 0.04382112698535225, "7": 0.04916023535495391, "8": 0.04592466076858735, "9": 0.03580382115846215, "10": 0.3422153945999489, "11": 0.16372793832054183, "12": 0.14268626135885604}, "night": {"1": 0.0488551499882971, "2": 0.029175705286402637, "3": 0.03514268937519819, "4": 0.027234633767251756, "5": 0.051570602429635896, "6": 0.050064919424574, "7": 0.06470501727102414, "8": 0.05634815462562428, "9": 0.02820404981261851, "10": 0.3262958944400833, "11": 0.12239958762652837, "12": 0.16000359595276184}}, "end": {"morning": {"1": 0.03977974684417873, "2": 0.031173400560352883, "3": 0.04918018199892556, "4": 0.05603125608992063, "5": 0.0811585697635212, "6": 0.05583564921037937, "7": 0.055497571206001794, "8": 0.05710076818155404, "9": 0.026742975426496805, "10": 0.32648739041334873, "11": 0.07810935186139711, "12": 0.14290313844392316}, "noon": {"1": 0.05762489447900243, "2": 0.0571791442380671, "3": 0.09235389343296353, "4": 0.08658773327803833, "5": 0.09557175695748535, "6": 0.06399193739554886, "7": 0.04977387245137357, "8": 0.06770017779633913, "9": 0.04193253563649848, "10": 0.1928220586367911, "11": 0.0698703953710554, "12": 0.12459160032683672}, "afternoon": {"1": 0.05943985366207803, "2": 0.051666263270568766, "3": 0.07097992666515587, "4": 0.061742154502613035, "5": 0.08242654856206175, "6": 0.055921561490259994, "7": 0.05366393420573909, "8": 0.05551177640781644, "9": 0.03423027536146604, "10": 0.25111480303878647, "11": 0.07872869338323601, "12": 0.14457420945021848}, "evening": {"1": 0.05518163481680826, "2": 0.05961748191523763, "3": 0.12380803518420025, "4": 0.0, "5": 0.09342406870163987, "6": 0.06460695805259214, "7": 0.05861706266102117, "8": 0.04677591020148318, "9": 0.0, "10": 0.2800882238921271, "11": 0.09681851412036224, "12": 0.12106211045452815}, "night": {"1": 0.04059835924765831, "2": 0.0576390399966684, "3": 0.167081569416881, "4": 0.07727920869572406, "5": 0.09378343734890285, "6": 0.0853183347995849, "7": 0.0787581762790608, "8": 0.07554846637639683, "9": 0.0, "10": 0.17255602096581527, "11": 0.06076744413214086, "12": 0.09066994274116674}}}