{"morning": {"1": 0.1497372703442398, "2": 0.09692092256391813, "3": 0.12413368620029984, "16": 0.04300219732536861, "17": 0.10844600838885697, "6": 0.06031680897575363, "7": 0.04281662740733201, "8": 0.03337885768020933, "9": 0.03753872871982705, "10": 0.16259926635148103, "11": 0.07129479557129237, "12": 0.06981483047142137, "start": 1.0, "end": 3.0}, "noon": {"13": 0.14773847255147926, "14": 0.11515440710931868, "3": 0.13448245810596074, "4": 0.06599449263003992, "5": 0.13220791208215388, "6": 0.07347988594306658, "19": 0.044854260004216315, "20": 0.03560898929814486, "21": 0.05453960372202457, "10": 0.10763243216465934, "11": 0.045306069511204174, "12": 0.043001016877731696, "start": 3.0, "end": 5.0}, "afternoon": {"13": 0.19641119135338314, "14": 0.09989220144452515, "15": 0.12132377755501911, "16": 0.055271905877985264, "5": 0.18398756208792827, "6": 0.06115938863594309, "7": 0.04524370227124472, "8": 0.02384567036512216, "9": 0.04889827606777836, "10": 0.08968618308600405, "11": 0.034950756729788, "12": 0.039329384525278475, "start": 5.0, "end": 13.0}, "evening": {"13": 0.19226964905633614, "14": 0.12884845166098952, "15": 0.1167803022403405, "16": 0.0423656618389653, "17": 0.1299954803950239, "18": 0.06113650493386738, "19": 0.06770564676221369, "20": 0.03297490098498954, "21": 0.03935864254890871, "22": 0.10768741687267461, "23": 0.03998914034793938, "24": 0.04088820235775134, "start": 13.0, "end": 17.0}, "night": {"1": 0.17473813110795666, "2": 0.12278170065296445, "3": 0.11249649599821085, "16": 0.05169561408587704, "17": 0.11959468143943028, "18": 0.07078944550783414, "19": 0.06844593798538999, "20": 0.026618669396215513, "21": 0.04869666588142466, "22": 0.10481364247647627, "23": 0.05279144403503701, "24": 0.04653757143318314, "start": 17.0, "end": 1.0}}