{"morning": {"0": 0.058859166343346675, "1": 0.09181851203443768, "2": 0.04945238270249934, "3": 0.055399316420928595, "4": 0.028924611644059822, "5": 0.054332243915842966, "6": 0.04443685119363756, "7": 0.030364097004389395, "8": 0.021304728266200265, "9": 0.027383450841094958, "10": 0.0802124977988466, "11": 0.04020065250707474, "12": 0.048351077386643376, "13": 0.015387482156518278, "14": 0.029924174969468347, "15": 0.07158851830056516, "16": 0.027727909914533326, "17": 0.025569910146894952, "18": 0.03959184473913986, "19": 0.041431816190425214, "20": 0.05017921210975471, "21": 0.02009394230655532, "22": 0.026427261593001277, "23": 0.02103833951414154, "start": 1.0, "end": 10.0}, "noon": {"0": 0.07334121856380331, "1": 0.11415600627445888, "2": 0.06565598695454035, "3": 0.05132284545235606, "4": 0.028913420866682252, "5": 0.04273336854994248, "6": 0.03824451690413692, "7": 0.023308452199022545, "8": 0.01584014768139527, "9": 0.020746807801076225, "10": 0.06340647162150526, "11": 0.036195152826349844, "12": 0.05202280966272105, "13": 0.010180024003628933, "14": 0.026687425421462397, "15": 0.07165004850550587, "16": 0.02639722966559216, "17": 0.028849423414881007, "18": 0.04237485169632627, "19": 0.04630049876695372, "20": 0.05513822865869378, "21": 0.023168315905115977, "22": 0.024128069510528812, "23": 0.01923867909332061, "start": 10.0, "end": 12.0}, "afternoon": {"0": 0.08580630042378269, "1": 0.10223003984747216, "2": 0.05732432721186378, "3": 0.04660483510406775, "4": 0.026578587122798206, "5": 0.052272159976305216, "6": 0.04365930190893394, "7": 0.023392233144987406, "8": 0.015966784660228647, "9": 0.02056874173460352, "10": 0.06518561954889578, "11": 0.038826324842693515, "12": 0.05148599851577639, "13": 0.01044710548077571, "14": 0.02687994046351882, "15": 0.07927734500395124, "16": 0.02762229341163651, "17": 0.02716161589447192, "18": 0.040792470012188546, "19": 0.04409229888615124, "20": 0.05213104819439564, "21": 0.019621800915325872, "22": 0.023735651109435162, "23": 0.0183371765857404, "start": 12.0, "end": 15.0}, "evening": {"0": 0.043214098678582606, "1": 0.10665670266996567, "2": 0.07145449138913224, "3": 0.05120962129096779, "4": 0.02517648300351947, "5": 0.04212450610905908, "6": 0.03973376156221366, "7": 0.029956290704598126, "8": 0.01688792940596668, "9": 0.02103144664729958, "10": 0.06056904773567142, "11": 0.03782189401577739, "12": 0.053899058162882846, "13": 0.014840125247236212, "14": 0.03301326122648431, "15": 0.0922390576009159, "16": 0.028167904469957424, "17": 0.02736901587347244, "18": 0.03864491153232617, "19": 0.04453094337717701, "20": 0.050813547408883476, "21": 0.02388055948226269, "22": 0.02619540597382453, "23": 0.02056993643182324, "start": 15.0, "end": 20.0}, "night": {"0": 0.05585476140512431, "1": 0.09585923570928694, "2": 0.05814447958747269, "3": 0.05366676920585779, "4": 0.029625446400166826, "5": 0.044947296620859695, "6": 0.044264514981722555, "7": 0.04641475638728416, "8": 0.022834290361693946, "9": 0.025589828473460738, "10": 0.07375983369800175, "11": 0.041826144141399485, "12": 0.046147466601102506, "13": 0.013314862454774187, "14": 0.0312618375528926, "15": 0.06978476914806407, "16": 0.025559526151022374, "17": 0.024534391812140992, "18": 0.034915136234193185, "19": 0.042156017721381195, "20": 0.04942884772376193, "21": 0.023418747534481168, "22": 0.0250499629751779, "23": 0.02164107711867696, "start": 20.0, "end": 1.0}}