{"morning": {"0": 0.06858737607323004, "1": 0.11161476882255109, "2": 0.048136447406319, "3": 0.055129347727014597, "4": 0.03126261892441305, "5": 0.048890370328651254, "6": 0.04481847223023223, "7": 0.03152840565159871, "8": 0.02254921150677674, "9": 0.027364510511632335, "10": 0.08634331173452418, "11": 0.040577947191293366, "12": 0.04628045095026148, "13": 0.013019609471648057, "14": 0.025261008544424042, "15": 0.06882988907393478, "16": 0.02778612553410085, "17": 0.021988170836036373, "18": 0.041282207378496374, "19": 0.03809592299653738, "20": 0.041195618152441243, "21": 0.015591405729748434, "22": 0.02551756517296922, "23": 0.01834923805116518, "start": 10.0, "end": 11.0}, "noon": {"0": 0.06013120773193321, "1": 0.1617890408709273, "2": 0.0711608911845123, "3": 0.05785565790287123, "4": 0.03295139583444354, "5": 0.04289788370762812, "6": 0.03419937924517004, "7": 0.02118702518064675, "8": 0.015669504387857712, "9": 0.021490716436429563, "10": 0.0634280943901379, "11": 0.03810092283706882, "12": 0.04453228357719976, "13": 0.010067681721503975, "14": 0.02509482712935893, "15": 0.06108594057267405, "16": 0.026516215545942048, "17": 0.026687065917382527, "18": 0.043678602673763285, "19": 0.04190294806606253, "20": 0.04641046861412435, "21": 0.01662970582727078, "22": 0.022012170477500398, "23": 0.014520370167590836, "start": 11.0, "end": 12.0}, "afternoon": {"0": 0.07704943256742222, "1": 0.13763217558921415, "2": 0.06401892485840967, "3": 0.05155871575212817, "4": 0.026066304372169394, "5": 0.05157497813323757, "6": 0.03923270880466557, "7": 0.022695914442258935, "8": 0.016158056448766854, "9": 0.021195806772546243, "10": 0.07014124030098111, "11": 0.04209161572610408, "12": 0.04506157012524634, "13": 0.01074620900126042, "14": 0.024702995322255162, "15": 0.07086637828008845, "16": 0.026834528010865187, "17": 0.023742825054025054, "18": 0.040746904813996544, "19": 0.03959958206846852, "20": 0.044489200430255116, "21": 0.01654921082706614, "22": 0.02237649731686907, "23": 0.014868224981700063, "start": 12.0, "end": 15.0}, "evening": {"0": 0.043571717096760144, "1": 0.1174810733810401, "2": 0.0760445222169225, "3": 0.06468139918195119, "4": 0.02914781698383635, "5": 0.0491224574933406, "6": 0.04379400672051926, "7": 0.032898891668077045, "8": 0.019153751850503466, "9": 0.023119502500711302, "10": 0.06386756228286657, "11": 0.03930085847152521, "12": 0.045549078040467865, "13": 0.015600526020905267, "14": 0.03460806838556448, "15": 0.06931982398647848, "16": 0.028504667083866893, "17": 0.024898692488830948, "18": 0.03852205941467135, "19": 0.03904740194647745, "20": 0.044136680811191265, "21": 0.01827260472668724, "22": 0.022998072078885587, "23": 0.016358765167919422, "start": 15.0, "end": 20.0}, "night": {"0": 0.07512965541952081, "1": 0.11228329629978503, "2": 0.06149857520733739, "3": 0.07861941438835049, "4": 0.032484296533076114, "5": 0.04223144137074406, "6": 0.040168709508660715, "7": 0.0767556124765915, "8": 0.028241219111897736, "9": 0.022027271053283146, "10": 0.06741605172704307, "11": 0.034825104328704885, "12": 0.0412397250903461, "13": 0.010245794205640209, "14": 0.023798550672587526, "15": 0.05770492469014861, "16": 0.021904133440215735, "17": 0.01828842362937211, "18": 0.030044986878210528, "19": 0.03362718333373621, "20": 0.04025270846201879, "21": 0.014093236347065854, "22": 0.020761435660971737, "23": 0.01635825016469165, "start": 20.0, "end": 10.0}}