{"start": {"morning": {"1": 0.21005504963207317, "2": 0.03794287677652984, "3": 0.05552897527513514, "4": 0.05549154815599556, "5": 0.043640054070101256, "6": 0.07510552259476207, "7": 0.06074494373725668, "8": 0.08226404835566915, "9": 0.04225942798414064, "10": 0.17722173111728298, "11": 0.10681071697135099, "12": 0.05293510532970254}, "noon": {"1": 0.22134220754505463, "2": 0.05182842332696856, "3": 0.0748384052906587, "4": 0.05885042266718291, "5": 0.04704369531734725, "6": 0.1212037114370557, "7": 0.030304758083202092, "8": 0.03974482466946219, "9": 0.03118699752550887, "10": 0.20525535461947994, "11": 0.08102721775529556, "12": 0.03737398176278372}, "afternoon": {"1": 0.3927551118306592, "2": 0.0, "3": 0.0, "4": 0.0, "5": 0.0, "6": 0.32882827232158807, "7": 0.0, "8": 0.0, "9": 0.0, "10": 0.27841661584775274, "11": 0.0, "12": 0.0}, "evening": {"1": 0.9844582918742522, "2": 0.0025615210758157553, "3": 0.003911138639815967, "4": 0.000802255233927577, "5": 0.0007622159268159076, "6": 0.002111028397370777, "7": 0.0011269494913363379, "8": 0.0, "9": 0.0, "10": 0.0015566747648606252, "11": 0.001189232651156673, "12": 0.0015206919446482654}, "night": {"1": 0.5506815506305013, "2": 0.0544472626063262, "3": 0.06069497212322901, "4": 0.04479548895783514, "5": 0.02256912884028687, "6": 0.03584766863020109, "7": 0.022214631099180558, "8": 0.019799154816446972, "9": 0.013503640068624603, "10": 0.10111464708996498, "11": 0.05617035345748585, "12": 0.018161501679917594}}, "end": {"morning": {"1": 0.4419704911731013, "2": 0.1324202063032475, "3": 0.1501478652107136, "4": 0.0, "5": 0.0, "6": 0.0, "7": 0.11119853154907666, "8": 0.0, "9": 0.0, "10": 0.1642629057638611, "11": 0.0, "12": 0.0}, "noon": {"1": 1.0, "2": 0.0, "3": 0.0, "4": 0.0, "5": 0.0, "6": 0.0, "7": 0.0, "8": 0.0, "9": 0.0, "10": 0.0, "11": 0.0, "12": 0.0}, "afternoon": {"1": 1.0, "2": 0.0, "3": 0.0, "4": 0.0, "5": 0.0, "6": 0.0, "7": 0.0, "8": 0.0, "9": 0.0, "10": 0.0, "11": 0.0, "12": 0.0}, "evening": {"1": 0.9870389232550226, "2": 0.0, "3": 0.006924522228363508, "4": 0.0, "5": 0.0, "6": 0.006036554516613874, "7": 0.0, "8": 0.0, "9": 0.0, "10": 0.0, "11": 0.0, "12": 0.0}, "night": {"1": 0.709966999275787, "2": 0.09707456464113022, "3": 0.0851238261364859, "4": 0.0, "5": 0.0, "6": 0.0, "7": 0.0, "8": 0.0, "9": 0.0, "10": 0.10783460994659691, "11": 0.0, "12": 0.0}}}