{"morning": {"start": 1.0, "end": 10.0}, "noon": {"start": 10.0, "end": 12.0}, "afternoon": {"start": 11.999999999999998, "end": 15.000000000000057}, "evening": {"start": 15.0, "end": 20.0}, "night": {"start": 20.0, "end": 1.0}}