{"morning": {"start": 1.0, "end": 3.0}, "noon": {"start": 6.0, "end": 10.0}, "afternoon": {"start": 10.0, "end": 11.0}, "evening": {"start": 12.0, "end": 15.000000000000021}, "night": {"start": 15.000000000000021, "end": 1.0}}