{"start": {"morning": {"1": 0.01909961099651953, "2": 0.01746038928981974, "3": 0.020412523955706613, "4": 0.014631615971033242, "5": 0.02235391235656956, "6": 0.028427712489124565, "7": 0.015039642364686684, "8": 0.013669207455441857, "9": 0.01146353260012935, "10": 0.05684818603253655, "11": 0.050814886163728396, "12": 0.0416200247510819, "13": 0.023419437733991414, "14": 0.027845719887624944, "15": 0.08279159625060925, "16": 0.061669589267478675, "17": 0.05803197952068379, "18": 0.08377326956575984, "19": 0.07252281860771025, "20": 0.10259906828769164, "21": 0.05522756564948236, "22": 0.05704135069235057, "23": 0.054252781190626126, "24": 0.008983578919613286}, "noon": {"1": 0.015756246779999823, "2": 0.009451209895241876, "3": 0.010321162935882122, "4": 0.010066010410128633, "5": 0.011537336776694228, "6": 0.02165477932388519, "7": 0.009745115672763219, "8": 0.007492174852211452, "9": 0.007298650277136553, "10": 0.07940116896179822, "11": 0.06126408625900144, "12": 0.04266708851264195, "13": 0.015740911487149487, "14": 0.03550260936483282, "15": 0.09337879939041041, "16": 0.06358681520421175, "17": 0.05801644834452706, "18": 0.10780838832303075, "19": 0.07877094225841796, "20": 0.08936700109928838, "21": 0.046946244007309255, "22": 0.07259535979418667, "23": 0.04282125597884677, "24": 0.008810194090403976}, "afternoon": {"1": 0.008755519402527922, "2": 0.005514953015394226, "3": 0.005702744471262283, "4": 0.00622391786374376, "5": 0.008736035459558594, "6": 0.016392334468765566, "7": 0.00793283507676901, "8": 0.006867718700966476, "9": 0.005988554592005313, "10": 0.07521584818592258, "11": 0.06255226489137236, "12": 0.04111717121401299, "13": 0.020704114769284607, "14": 0.02522694885419456, "15": 0.07495834566258827, "16": 0.07631614092243869, "17": 0.055308101170219476, "18": 0.11066192839744689, "19": 0.07293334124064167, "20": 0.10887181458405368, "21": 0.06183948734832691, "22": 0.07795542298609999, "23": 0.056105451479240516, "24": 0.008119005243163654}, "evening": {"1": 0.018911387261300636, "2": 0.015873145049877566, "3": 0.019027839284288722, "4": 0.01662912457283363, "5": 0.021202424509473145, "6": 0.03246275210133194, "7": 0.01822028885770544, "8": 0.013361213497925269, "9": 0.013486531724727186, "10": 0.06516404072463139, "11": 0.04861024033550309, "12": 0.045183510020858846, "13": 0.015717418435130723, "14": 0.03526450741854366, "15": 0.1093050510091798, "16": 0.06267033762222644, "17": 0.056615879788083995, "18": 0.07214763016907492, "19": 0.0683225330981989, "20": 0.0824727732754777, "21": 0.04424606934473585, "22": 0.0673588094736742, "23": 0.04927756072965762, "24": 0.00846893169555934}, "night": {"1": 0.015065912557223591, "2": 0.015823896624955553, "3": 0.01562484460785822, "4": 0.01229992192173762, "5": 0.016093379387417135, "6": 0.02301412935920648, "7": 0.011392026544878166, "8": 0.00939905470759088, "9": 0.008851431372127891, "10": 0.06024859091707674, "11": 0.04791198197599097, "12": 0.048566249561722605, "13": 0.01937627443226663, "14": 0.03720114994612797, "15": 0.10295436697188524, "16": 0.06641302964675098, "17": 0.0646620922592515, "18": 0.09794319725131542, "19": 0.0788701286074415, "20": 0.08479973004812187, "21": 0.047901657808610845, "22": 0.06161655603249659, "23": 0.04577796881598699, "24": 0.008192428641958753}}, "end": {"morning": {"1": 0.11826949471437206, "2": 0.054102296020257776, "3": 0.06042959810864976, "4": 0.04136848750748826, "5": 0.03388271126098984, "6": 0.06060626549830231, "7": 0.03248158422170697, "8": 0.02993151307623498, "9": 0.019618468630112545, "10": 0.051253372272699944, "11": 0.0550928737386698, "12": 0.04211293900021565, "13": 0.0119302225747149, "14": 0.021336791557550715, "15": 0.049098283824102855, "16": 0.04904530776960367, "17": 0.034607047558565314, "18": 0.030556489572012017, "19": 0.035468533646188585, "20": 0.05107697872354195, "21": 0.03181344160444177, "22": 0.03706185845552508, "23": 0.03511018516959336, "24": 0.01374525549446002}, "noon": {"1": 0.0229923914736795, "2": 0.01717045682963536, "3": 0.02009251067969237, "4": 0.013346386523300623, "5": 0.012677023940396886, "6": 0.0260514321889448, "7": 0.013740518118606571, "8": 0.01265158800259484, "9": 0.011195032038052556, "10": 0.07705957337464986, "11": 0.0637543826932277, "12": 0.044759165313086886, "13": 0.010611350391678554, "14": 0.02960813577964173, "15": 0.09058991857567016, "16": 0.0622542382494162, "17": 0.051956115951256265, "18": 0.0759369710033837, "19": 0.07567851199763859, "20": 0.09810540287564438, "21": 0.05026278724188297, "22": 0.07097388413480599, "23": 0.03998545102560095, "24": 0.008546771597512562}, "afternoon": {"1": 0.022050432914572957, "2": 0.017795545419232867, "3": 0.0351492306714709, "4": 0.021931311716104667, "5": 0.020845397251088634, "6": 0.04097050505300866, "7": 0.0186813451290206, "8": 0.01714105397768301, "9": 0.012268502713122733, "10": 0.0756240332416953, "11": 0.07326832191743678, "12": 0.04718312486223641, "13": 0.012789310135521656, "14": 0.020843369643982628, "15": 0.09548456851468513, "16": 0.07235293640013203, "17": 0.0406417077094909, "18": 0.06491876240059251, "19": 0.05640987610579283, "20": 0.0850735969359135, "21": 0.04595560289214455, "22": 0.054262660312800776, "23": 0.04172151922091978, "24": 0.006637284861350188}, "evening": {"1": 0.036255929025775194, "2": 0.025154832338629755, "3": 0.03130339656494253, "4": 0.02378667584201352, "5": 0.021785270590217155, "6": 0.03896261161507707, "7": 0.024034404905460133, "8": 0.021797552394026986, "9": 0.018540052441189957, "10": 0.05269193148161962, "11": 0.04878550055581065, "12": 0.04309141553320277, "13": 0.010671256333675732, "14": 0.02986301820221793, "15": 0.0903325731406216, "16": 0.06465944481554127, "17": 0.04498996481988714, "18": 0.04879033817277891, "19": 0.061979134417828353, "20": 0.08301835583711914, "21": 0.04995260878376648, "22": 0.07064892820487205, "23": 0.046988287195344994, "24": 0.011916516788381229}, "night": {"1": 0.10613036892143214, "2": 0.054331073786665685, "3": 0.06899845736526616, "4": 0.043876665304155286, "5": 0.027689219545381356, "6": 0.04609382462857843, "7": 0.0255414870928509, "8": 0.02425834852316077, "9": 0.020924312525765, "10": 0.06583427364516022, "11": 0.058596054552135686, "12": 0.04944796646069855, "13": 0.009354486796241289, "14": 0.024892968301761804, "15": 0.06052722271985592, "16": 0.04387273397084489, "17": 0.028237895515534468, "18": 0.030885989452828656, "19": 0.037559098653724546, "20": 0.04847768612347216, "21": 0.03308372929521323, "22": 0.04767370177823708, "23": 0.03306622507812076, "24": 0.010646209962915031}}}