{"morning": {"0": 0.05857472310019196, "1": 0.04249153186059509, "2": 0.03224330551920334, "3": 0.03409475113588923, "4": 0.027910979565393557, "5": 0.041270966844085905, "6": 0.05772315258460157, "7": 0.04348767103803574, "8": 0.038970819398538886, "9": 0.025790898673470643, "10": 0.07049454071884431, "11": 0.048694032738896, "12": 0.0576871549601029, "13": 0.02337416994162726, "14": 0.03817204352369603, "15": 0.08843679598050187, "16": 0.03695311245999866, "17": 0.03213931283010787, "18": 0.03629062802547333, "19": 0.03188517212532886, "20": 0.056534512655682066, "21": 0.024649872302946966, "22": 0.028526267903383792, "23": 0.023603584113404182, "start": 6.0, "end": 10.0}, "noon": {"0": 0.07836518416927017, "1": 0.0412059289787873, "2": 0.03111064973366451, "3": 0.027297741017620145, "4": 0.029967150284518587, "5": 0.04091128131443152, "6": 0.057706913562621365, "7": 0.04065550714462657, "8": 0.03540479390729484, "9": 0.022250180245987433, "10": 0.06422177322033472, "11": 0.044272473664724095, "12": 0.051599774020586964, "13": 0.021287605916590596, "14": 0.03343085545725708, "15": 0.08438550847254052, "16": 0.03753797829488971, "17": 0.033628000500787084, "18": 0.03732433755566171, "19": 0.040474339710102614, "20": 0.06734803859438013, "21": 0.026393729274426844, "22": 0.027659533811857775, "23": 0.02556072114703771, "start": 10.0, "end": 12.0}, "afternoon": {"0": 0.08561108824186607, "1": 0.036766280276797236, "2": 0.02933192152461955, "3": 0.02668458468023885, "4": 0.027872006587233007, "5": 0.04205216102881291, "6": 0.059431707525224205, "7": 0.04792488949716576, "8": 0.034527176525251495, "9": 0.027546281317019066, "10": 0.06465239579912511, "11": 0.04605823619184904, "12": 0.04986163678124635, "13": 0.0226192785009046, "14": 0.03524793869594223, "15": 0.08776093040978224, "16": 0.03259974855732098, "17": 0.03375206188286337, "18": 0.036685612017674875, "19": 0.039322749661401486, "20": 0.057146713123367034, "21": 0.026532809471547455, "22": 0.02673018323989014, "23": 0.02328160846285697, "start": 12.0, "end": 15.0}, "evening": {"0": 0.08061227683814162, "1": 0.04251982697503579, "2": 0.029083756612514042, "3": 0.02269981156400731, "4": 0.030214264904185936, "5": 0.04136804811415718, "6": 0.058667866029121975, "7": 0.0426806669687372, "8": 0.03486561706608134, "9": 0.023237596759829823, "10": 0.062248296381766516, "11": 0.04343846480054848, "12": 0.05196728435353634, "13": 0.023250355802674757, "14": 0.035827801451386226, "15": 0.08173006151836512, "16": 0.03922657647612104, "17": 0.03724408661218381, "18": 0.037588223821275024, "19": 0.03887574363751339, "20": 0.06222037689936702, "21": 0.02567384304642364, "22": 0.029709741058498464, "23": 0.02504941230852792, "start": 15.0, "end": 20.0}, "night": {"0": 0.05704824907767889, "1": 0.04901844056476784, "2": 0.02641332680198169, "3": 0.026511771523866853, "4": 0.028331280837962547, "5": 0.03856762868248465, "6": 0.06320154465547086, "7": 0.04542236836727558, "8": 0.03592150569492011, "9": 0.021946222194272395, "10": 0.06153107867968019, "11": 0.04299389893065917, "12": 0.0674935691679014, "13": 0.02153244288488459, "14": 0.037418924262165275, "15": 0.09936710640141046, "16": 0.039193535732540564, "17": 0.031187231886947126, "18": 0.038356213737005616, "19": 0.03566239292902077, "20": 0.06767002698385495, "21": 0.02124805724343846, "22": 0.023997417228148927, "23": 0.019965765531661017, "start": 20.0, "end": 6.0}}