{"morning": {"0": 0.054266857894793824, "1": 0.06704661382504766, "2": 0.041224232095339756, "3": 0.04450324701631146, "4": 0.03767687068829705, "5": 0.04836680860075775, "6": 0.04912476988230656, "7": 0.03660011157991757, "8": 0.038256957867275024, "9": 0.02376982640263022, "10": 0.06283465477546159, "11": 0.03231327202622449, "12": 0.04567795572521585, "13": 0.020273374527126038, "14": 0.028828077083278725, "15": 0.09110707700000555, "16": 0.042153953717110275, "17": 0.03249787804075199, "18": 0.03428008095804298, "19": 0.03138523840533524, "20": 0.0685575101923055, "21": 0.022363009027848567, "22": 0.023992809190512197, "23": 0.022898813478104074, "start": 1.0, "end": 6.0}, "noon": {"0": 0.06465679336114935, "1": 0.04657538626740624, "2": 0.03343398922577265, "3": 0.0367860483393832, "4": 0.028363585686805595, "5": 0.04113384824730256, "6": 0.0515692638585595, "7": 0.03850961226026768, "8": 0.038025320072561035, "9": 0.02389938642956344, "10": 0.062080452230258806, "11": 0.03720035494331886, "12": 0.0505608310596999, "13": 0.022715188561289748, "14": 0.032088538055799726, "15": 0.09590424423768952, "16": 0.04282961772274615, "17": 0.03848946700858471, "18": 0.03808320470006736, "19": 0.03799885350814888, "20": 0.06529589589719047, "21": 0.02337702846357662, "22": 0.025732122908081436, "23": 0.024690966954776596, "start": 6.0, "end": 10.0}, "afternoon": {"0": 0.06581783956748624, "1": 0.04443886460577039, "2": 0.03612309495087566, "3": 0.04028284888785336, "4": 0.028644747843318434, "5": 0.043971838011786724, "6": 0.05497473972087447, "7": 0.044783366816731236, "8": 0.03914636295789902, "9": 0.02901449943679826, "10": 0.06086913624082994, "11": 0.03753167621399305, "12": 0.04713735124611074, "13": 0.023478314616701138, "14": 0.03274264923299679, "15": 0.09974611267511214, "16": 0.038222719641676194, "17": 0.03606782093681033, "18": 0.03549538724463576, "19": 0.03434400088226748, "20": 0.05610321111580025, "21": 0.023058120201417235, "22": 0.024651245564646, "23": 0.02335405138760916, "start": 10.0, "end": 15.0}, "evening": {"0": 0.05763526684999093, "1": 0.05507638083278164, "2": 0.03576232805786968, "3": 0.034657863822244395, "4": 0.030354646442944666, "5": 0.04178284726044393, "6": 0.051930079242360636, "7": 0.04113246681432862, "8": 0.03848303022865504, "9": 0.024871286980965385, "10": 0.05840204973925815, "11": 0.036844702929113016, "12": 0.0476324577696455, "13": 0.023286725822533647, "14": 0.03127036450517885, "15": 0.09511646751635697, "16": 0.05060513276828764, "17": 0.039851771259135256, "18": 0.035828588681650654, "19": 0.03550127308998014, "20": 0.06554279682473606, "21": 0.022653248546609755, "22": 0.024716151087013756, "23": 0.02106207292791562, "start": 15.0, "end": 20.0}, "night": {"0": 0.05067217730637836, "1": 0.06857482971418001, "2": 0.04285130136873993, "3": 0.03953768920431275, "4": 0.038688584050060516, "5": 0.04444362994174166, "6": 0.05213075880541309, "7": 0.035512267880396374, "8": 0.036889196034357266, "9": 0.0219311340477831, "10": 0.05929312405652032, "11": 0.03224362530053997, "12": 0.04455417727627062, "13": 0.022552089903749715, "14": 0.030424265037187842, "15": 0.098113065616282, "16": 0.05303115561733311, "17": 0.033124946631444094, "18": 0.033032365884666966, "19": 0.034247887392729486, "20": 0.07166326565961495, "21": 0.020070251181985216, "22": 0.019069864266795, "23": 0.01734834782151768, "start": 20.0, "end": 1.0}}