{"morning": {"1": 0.011810651658833002, "2": 0.009564547411953266, "3": 0.011046832602712482, "4": 0.014683456329089989, "5": 0.02498618657577619, "6": 0.02684925621603257, "7": 0.030991618861743907, "8": 0.018918641251754357, "9": 0.01939737406100383, "10": 0.08842499427837505, "11": 0.05959876130304045, "12": 0.06179478690304056, "13": 0.032248525895846966, "14": 0.06740055806369633, "15": 0.13834306189172135, "16": 0.058574265728551844, "17": 0.049397577770408964, "18": 0.054213491690478885, "19": 0.0440346153912987, "20": 0.054158676590373246, "21": 0.036562256104024804, "22": 0.047702644935545505, "23": 0.030547254256211707, "24": 0.008749964228486048, "start": 10.0, "end": 11.000000000000004}, "noon": {"1": 0.012094774566322594, "2": 0.009679028806490846, "3": 0.011244006327040751, "4": 0.01669560782139269, "5": 0.0248152225482594, "6": 0.02646363026367074, "7": 0.029326798784542918, "8": 0.019753792686929793, "9": 0.01992498865427792, "10": 0.08529054944333714, "11": 0.05886684365159045, "12": 0.06290779152627565, "13": 0.02906479848532708, "14": 0.056487257780154454, "15": 0.1211641323325405, "16": 0.06101638460952258, "17": 0.0516317726327923, "18": 0.057977033215917885, "19": 0.05512303170424593, "20": 0.06025438525542788, "21": 0.038732954252878905, "22": 0.04919425618737179, "23": 0.03388690973862174, "24": 0.008404048725068083, "start": 11.000000000000004, "end": 12.000000000000004}, "afternoon": {"1": 0.012202900117488787, "2": 0.01036673254022436, "3": 0.010034374402484848, "4": 0.015127840084996822, "5": 0.025110022658465063, "6": 0.02967085849013203, "7": 0.03193115899288312, "8": 0.0199736034730121, "9": 0.023668001911318164, "10": 0.09257414066151393, "11": 0.07225951284545605, "12": 0.06751189307034887, "13": 0.03214696029733795, "14": 0.06429324797919359, "15": 0.11462404887895154, "16": 0.05027633697713123, "17": 0.04959782607296623, "18": 0.05220350713523518, "19": 0.049721454169303514, "20": 0.05372408000940203, "21": 0.04002117411191874, "22": 0.04597032173850177, "23": 0.029510172112088878, "24": 0.007479831269645365, "start": 12.000000000000004, "end": 13.999999999999998}, "evening": {"1": 0.013577703875114566, "2": 0.010579652352133043, "3": 0.009726948944281185, "4": 0.015199212328528864, "5": 0.02475886816334761, "6": 0.029875812184110867, "7": 0.03348856006531391, "8": 0.01892483042298152, "9": 0.02110088653364463, "10": 0.08863194021949541, "11": 0.068085895962802, "12": 0.06582353580827023, "13": 0.02807938710155448, "14": 0.059008435788100465, "15": 0.12274902435259367, "16": 0.058325940500175824, "17": 0.051482251708275625, "18": 0.05108466657065608, "19": 0.04445614446435846, "20": 0.05467887048049251, "21": 0.037554712454738834, "22": 0.05156664232023987, "23": 0.03281029944470901, "24": 0.008429777954081345, "start": 13.999999999999998, "end": 14.999999999999998}, "night": {"1": 0.01038671901026062, "2": 0.008577770248918204, "3": 0.010719604387230023, "4": 0.01368249100508619, "5": 0.02102388232736394, "6": 0.025685621915029815, "7": 0.02957495731101828, "8": 0.0178630099658807, "9": 0.01765915549515539, "10": 0.07990534215593556, "11": 0.05754213771839615, "12": 0.06304217911832204, "13": 0.03181461083043286, "14": 0.05688655967676113, "15": 0.12787364522535713, "16": 0.06289369383531372, "17": 0.05327178748056229, "18": 0.06661352646950709, "19": 0.053614256335863676, "20": 0.058023558551267104, "21": 0.038571887854276087, "22": 0.0485944292080759, "23": 0.03587701068703328, "24": 0.010302163186952843, "start": 14.999999999999998, "end": 10.0}}