{"morning": {"0": 0.062396075798134804, "1": 0.04539123051053538, "2": 0.029131973219904725, "3": 0.03006945968928819, "4": 0.02987369391410239, "5": 0.0404809911368592, "6": 0.05426266226760691, "7": 0.03758670100459045, "8": 0.03360945358696596, "9": 0.022624814214363857, "10": 0.062300398044031265, "11": 0.045354260576735785, "12": 0.05246784636516064, "13": 0.024028556761456158, "14": 0.03609365657423288, "15": 0.09235150858670906, "16": 0.043708105344702874, "17": 0.03454606280744197, "18": 0.03802695699010203, "19": 0.03563210694797642, "20": 0.06576680241188261, "21": 0.0291214469771757, "22": 0.028769442727406516, "23": 0.026405793542634212, "start": 0.9999999999999999, "end": 5.0}, "noon": {"0": 0.0719009938876111, "1": 0.041953202252196765, "2": 0.03107531857437619, "3": 0.02853399164464916, "4": 0.03130847844609733, "5": 0.042368218992124805, "6": 0.054698460683023, "7": 0.0401006139492841, "8": 0.034985064232739865, "9": 0.023151122796406017, "10": 0.06636824207131788, "11": 0.04347543299874449, "12": 0.05220059676925598, "13": 0.020709104605155917, "14": 0.03459293991958708, "15": 0.08309242501160455, "16": 0.038290769613397994, "17": 0.034894810689742047, "18": 0.037096643932230784, "19": 0.04099133703010054, "20": 0.0671055959014966, "21": 0.026976991629404316, "22": 0.02850317551289368, "23": 0.025626468856559805, "start": 5.0, "end": 6.0}, "afternoon": {"0": 0.07870777591238544, "1": 0.037932692092601465, "2": 0.03141011658726258, "3": 0.029894313760994357, "4": 0.030187643188031466, "5": 0.04465055267876083, "6": 0.05803489755709921, "7": 0.04816766627643294, "8": 0.03505079862477765, "9": 0.028964583696815958, "10": 0.06626919365574648, "11": 0.04593418554105802, "12": 0.05075676121378608, "13": 0.02253062225803794, "14": 0.036827296316243444, "15": 0.0849521440171696, "16": 0.03239021559193125, "17": 0.03353819560379919, "18": 0.036151282563515984, "19": 0.03838778404925496, "20": 0.05453714891552067, "21": 0.025923670767655144, "22": 0.026322364431082105, "23": 0.022478094700037258, "start": 6.0, "end": 10.0}, "evening": {"0": 0.07458787181006114, "1": 0.03996082141999346, "2": 0.02867145886716817, "3": 0.023959644840620516, "4": 0.02831491386685098, "5": 0.042387577184289475, "6": 0.05865663068279378, "7": 0.04471347761777398, "8": 0.03475116077855405, "9": 0.02365542120430041, "10": 0.06277345669415975, "11": 0.043812290963675914, "12": 0.0494907287669111, "13": 0.022431262787297606, "14": 0.03382367641903583, "15": 0.0826320744908474, "16": 0.04045593281908657, "17": 0.03822462137777256, "18": 0.039372189914170734, "19": 0.03904768435207866, "20": 0.06623716111969456, "21": 0.027128764152557633, "22": 0.02915436820079718, "23": 0.02575680966950854, "start": 10.0, "end": 15.000000000000002}, "night": {"0": 0.05184107126868031, "1": 0.043932933584517504, "2": 0.027362288631600538, "3": 0.030139068326898402, "4": 0.03179762771771359, "5": 0.038273985000739995, "6": 0.0531205397916064, "7": 0.038770174419660866, "8": 0.03276704048757121, "9": 0.022288484827193037, "10": 0.06558105477958213, "11": 0.041312264719128154, "12": 0.05729877458617708, "13": 0.024799235235383466, "14": 0.03415963353981673, "15": 0.10003968705856911, "16": 0.04683410966555945, "17": 0.03381875569408978, "18": 0.03985376002495525, "19": 0.03843426386183063, "20": 0.0751400374425174, "21": 0.026176087085319696, "22": 0.023545860943392578, "23": 0.02271326130749672, "start": 15.000000000000002, "end": 0.9999999999999999}}