{"morning": {"start": 1.0, "end": 6.000000000000025}, "noon": {"start": 6.0, "end": 10.0}, "afternoon": {"start": 12.0, "end": 15.0}, "evening": {"start": 15.0, "end": 20.0}, "night": {"start": 20.0, "end": 0.9999999999999964}}