{"start": {"morning": {"1": 0.009205230753057323, "2": 0.009953160634620865, "3": 0.00870702112093977, "4": 0.008939117217659043, "5": 0.015153862780421442, "6": 0.02644345332054392, "7": 0.016222300933862784, "8": 0.009726389042764582, "9": 0.010519983804124541, "10": 0.049224307828140475, "11": 0.050594646933754685, "12": 0.060993586716459124, "13": 0.025221331667214304, "14": 0.042752465835166065, "15": 0.12395471744102292, "16": 0.05520257918293973, "17": 0.0725209107786347, "18": 0.07894896055777897, "19": 0.06389519624850347, "20": 0.08988385886647325, "21": 0.05702337944847169, "22": 0.059523201871308266, "23": 0.04399127287980988, "24": 0.011399064136328184}, "noon": {"1": 0.006626553882759068, "2": 0.007696443521272901, "3": 0.00611670723095972, "4": 0.007485995788602595, "5": 0.010683945362839653, "6": 0.02024091227633192, "7": 0.011863802109164398, "8": 0.009118057325331235, "9": 0.009140755053452366, "10": 0.04014838703726484, "11": 0.04284155137183289, "12": 0.05355980452663769, "13": 0.0237126172144273, "14": 0.03534251091955523, "15": 0.10586734266290052, "16": 0.06298129137694006, "17": 0.0796461893812465, "18": 0.09020544116583122, "19": 0.0877659364699452, "20": 0.10688047798622184, "21": 0.06537293254516059, "22": 0.06048239837926973, "23": 0.04549785721859128, "24": 0.010722089193461251}, "afternoon": {"1": 0.008219339304891023, "2": 0.009618576713364545, "3": 0.006832604493771011, "4": 0.007768847962710479, "5": 0.01267538670897794, "6": 0.026880561422614607, "7": 0.015309745161590413, "8": 0.010053933403291871, "9": 0.01119439807921546, "10": 0.04688898502149659, "11": 0.05619164985039386, "12": 0.06135361168594248, "13": 0.023809862120416653, "14": 0.035924880975448215, "15": 0.10078082473338677, "16": 0.05495822180320447, "17": 0.07456433547408657, "18": 0.08037062973436163, "19": 0.07303626806593005, "20": 0.0960035441164484, "21": 0.07143057186722776, "22": 0.06318948007588428, "23": 0.04303932402303218, "24": 0.009904417202312726}, "evening": {"1": 0.011473944093273953, "2": 0.015208364797611762, "3": 0.010763580313871052, "4": 0.012236357103993411, "5": 0.01718000368626206, "6": 0.04246621133941175, "7": 0.025950186348815022, "8": 0.016987999795670228, "9": 0.016760598330314676, "10": 0.042301900176025836, "11": 0.04703451374211282, "12": 0.050499563388289356, "13": 0.021295859872138324, "14": 0.02994814792252949, "15": 0.0879287862070315, "16": 0.062424385680228546, "17": 0.0782551666494621, "18": 0.07807342651565347, "19": 0.06995881604321007, "20": 0.08285913041819712, "21": 0.06347318763364387, "22": 0.06615303913075485, "23": 0.0378811200283548, "24": 0.012885710783143918}, "night": {"1": 0.010055205574256383, "2": 0.012071794405294396, "3": 0.010610400802480475, "4": 0.011322386817793583, "5": 0.018167350294034892, "6": 0.036618192923486635, "7": 0.021130401553326697, "8": 0.013003843194576894, "9": 0.011509696592463084, "10": 0.04951938072152827, "11": 0.05017658808734063, "12": 0.0631220632065641, "13": 0.02219316219777623, "14": 0.038426112099253715, "15": 0.10561422943471166, "16": 0.05600951014764318, "17": 0.06708992996236149, "18": 0.08075875283711133, "19": 0.0674485451199568, "20": 0.08522181574668898, "21": 0.05450576582189823, "22": 0.06153993815330577, "23": 0.04208293893817583, "24": 0.01180199536797077}}, "end": {"morning": {"1": 0.009949708517527614, "2": 0.008559044977338877, "3": 0.008815096707391128, "4": 0.00915223926240216, "5": 0.01615614949883089, "6": 0.02147768322721105, "7": 0.012043719509858644, "8": 0.009364204929043706, "9": 0.01107751554522904, "10": 0.059216280748551765, "11": 0.05546887744349764, "12": 0.06533326318656622, "13": 0.03428620588057862, "14": 0.0484973237371524, "15": 0.13214710756902917, "16": 0.05118446138751279, "17": 0.05660759045753547, "18": 0.07467955972561714, "19": 0.06276624317102682, "20": 0.09306039518300602, "21": 0.0619756861501792, "22": 0.048618884082030286, "23": 0.03609769667319364, "24": 0.013465062429689723}, "noon": {"1": 0.007261522977478212, "2": 0.006797061203465364, "3": 0.006748579891566724, "4": 0.007981575088928038, "5": 0.01142817284311238, "6": 0.016325793764166943, "7": 0.008697138984110344, "8": 0.009170928100560674, "9": 0.010229777648005754, "10": 0.05153604906504302, "11": 0.05017565642067546, "12": 0.06342827845627276, "13": 0.032330559998274236, "14": 0.04141017862641917, "15": 0.11031735989980392, "16": 0.058171427994943944, "17": 0.059640212491540334, "18": 0.08206115117192737, "19": 0.0805075708339761, "20": 0.10521908926827883, "21": 0.06754178298144749, "22": 0.054301110464320394, "23": 0.04443930723146937, "24": 0.014279714594213198}, "afternoon": {"1": 0.00842968122725895, "2": 0.008098801456763541, "3": 0.00698978425159443, "4": 0.007663302525650697, "5": 0.012248970111997807, "6": 0.021479066746076247, "7": 0.010324607752019951, "8": 0.010163773388447294, "9": 0.011715558312492975, "10": 0.054493863555473025, "11": 0.06079815896956491, "12": 0.06798455616543964, "13": 0.03323197876991267, "14": 0.03885552862948892, "15": 0.10357107541941107, "16": 0.0552268481994443, "17": 0.060302590381337604, "18": 0.07397184455205076, "19": 0.06901815102038655, "20": 0.10007406498980559, "21": 0.07219167928303248, "22": 0.05636773227970753, "23": 0.04424084087495231, "24": 0.012557541137690751}, "evening": {"1": 0.012132795481940902, "2": 0.010815209991709552, "3": 0.0098717229137815, "4": 0.01127339915810274, "5": 0.015219460044063333, "6": 0.02767328880385367, "7": 0.013278776456282193, "8": 0.01348193168005571, "9": 0.013261298113429878, "10": 0.047340775649374826, "11": 0.05413993616837097, "12": 0.060412146505394164, "13": 0.03184953986254334, "14": 0.03731405378073891, "15": 0.09481080248043343, "16": 0.06412595660204388, "17": 0.06253697712239183, "18": 0.07925993086026807, "19": 0.06817454593536632, "20": 0.08859430826393491, "21": 0.06656429612422105, "22": 0.05877501217598044, "23": 0.041296005157990104, "24": 0.017797830667728286}, "night": {"1": 0.011169182553158564, "2": 0.010225615746977145, "3": 0.011928829726275153, "4": 0.011588587384903789, "5": 0.019627273378311497, "6": 0.02807519625138264, "7": 0.014783544797867695, "8": 0.012307362374022685, "9": 0.013080382767817606, "10": 0.05929105404606948, "11": 0.05906570711418634, "12": 0.06402600535416557, "13": 0.03169157338477888, "14": 0.04447141194221987, "15": 0.10709758395640037, "16": 0.05407379998324533, "17": 0.055240206056899666, "18": 0.0766747863489589, "19": 0.06628900364932928, "20": 0.08281038437383603, "21": 0.05935176045292228, "22": 0.05116031398535099, "23": 0.04125865968544769, "24": 0.014711774685472573}}}