{"morning": {"0": 0.04967598989363065, "1": 0.06373744310677401, "2": 0.06253495387836797, "3": 0.058511108176189826, "4": 0.05194934861225589, "5": 0.06129108839519903, "6": 0.05128398449167608, "7": 0.05604151662228709, "8": 0.03465357307063022, "9": 0.030207982666701716, "10": 0.06139791664687319, "11": 0.03078289263451133, "12": 0.03694684837238592, "13": 0.018282063616969497, "14": 0.029930171256797516, "15": 0.053567581183275655, "16": 0.034406551558340916, "17": 0.03214726738367835, "18": 0.03481828135866179, "19": 0.034619756045768155, "20": 0.043348596344341336, "21": 0.024194136560385732, "22": 0.025089047780969195, "23": 0.020581900343328987, "start": 1.0, "end": 5.0}, "noon": {"0": 0.06809799886294768, "1": 0.059178341781682645, "2": 0.06413281346120482, "3": 0.048646155443979336, "4": 0.04525354356561528, "5": 0.06776997003948639, "6": 0.05650737272951665, "7": 0.0528966290576945, "8": 0.03526744608178856, "9": 0.030456981403966837, "10": 0.0595237095623586, "11": 0.02883368804211606, "12": 0.03489098350691958, "13": 0.016269794744922423, "14": 0.02713408490916739, "15": 0.050914333485088496, "16": 0.0333390624909911, "17": 0.033420048858429544, "18": 0.03889182004703589, "19": 0.03740439836102947, "20": 0.04284629671528198, "21": 0.022080481215149925, "22": 0.02510559814996161, "23": 0.021138447483665234, "start": 5.0, "end": 7.0}, "afternoon": {"0": 0.05492040051617379, "1": 0.0743551330177434, "2": 0.05583167916036612, "3": 0.05216384380883499, "4": 0.04201942457841557, "5": 0.06263796031168703, "6": 0.051660436950533586, "7": 0.04836124724900817, "8": 0.03319163770386448, "9": 0.03019584018910617, "10": 0.06541840939715211, "11": 0.035467997833078004, "12": 0.04682134576021327, "13": 0.023226763407293103, "14": 0.03563494535982643, "15": 0.052270461777317416, "16": 0.035507051310846166, "17": 0.03318281686646872, "18": 0.031073834528229923, "19": 0.030875995188797908, "20": 0.04241226713869803, "21": 0.02397202179486483, "22": 0.020894786285684235, "23": 0.01790369986579658, "start": 7.0, "end": 10.0}, "evening": {"0": 0.05492040051617379, "1": 0.0743551330177434, "2": 0.05583167916036612, "3": 0.05216384380883499, "4": 0.04201942457841557, "5": 0.06263796031168703, "6": 0.051660436950533586, "7": 0.04836124724900817, "8": 0.03319163770386448, "9": 0.03019584018910617, "10": 0.06541840939715211, "11": 0.035467997833078004, "12": 0.04682134576021327, "13": 0.023226763407293103, "14": 0.03563494535982643, "15": 0.052270461777317416, "16": 0.035507051310846166, "17": 0.03318281686646872, "18": 0.031073834528229923, "19": 0.030875995188797908, "20": 0.04241226713869803, "21": 0.02397202179486483, "22": 0.020894786285684235, "23": 0.01790369986579658, "start": 10.0, "end": 15.0}, "night": {"0": 0.054726612457630296, "1": 0.07021461453182941, "2": 0.05600132075759064, "3": 0.0511467551178597, "4": 0.051276907482468055, "5": 0.05670815718525239, "6": 0.05595827740047383, "7": 0.05676493161087291, "8": 0.03740204391422704, "9": 0.032452964859361284, "10": 0.06410221961783649, "11": 0.03160595194362459, "12": 0.04338364165220274, "13": 0.01876903338255932, "14": 0.03552009060857624, "15": 0.05023018065376976, "16": 0.03153500338132017, "17": 0.029287889863602114, "18": 0.031301389076409544, "19": 0.03488098720208678, "20": 0.03987021768948854, "21": 0.02187325011434896, "22": 0.0237148148829216, "23": 0.02127274461368759, "start": 15.0, "end": 1.0}}