{"morning": {"1": 0.02271425110258316, "2": 0.021162009784021954, "3": 0.021653179253948857, "4": 0.01992686222861592, "5": 0.035636028723880775, "6": 0.03563558963460066, "7": 0.033840579246034876, "8": 0.027140451173457335, "9": 0.026125687956406775, "10": 0.08401101843108198, "11": 0.06073953025944727, "12": 0.05920101665689177, "13": 0.028014051242156147, "14": 0.0488051581997214, "15": 0.09441605837107145, "16": 0.05857838386586846, "17": 0.04321259545145102, "18": 0.05587097486516289, "19": 0.046176534958871855, "20": 0.05088517083591032, "21": 0.037478901822890244, "22": 0.043378713926932794, "23": 0.03404104020569536, "24": 0.011356211803296743, "start": 10.0, "end": 11.0}, "noon": {"1": 0.024732046049194777, "2": 0.02117880127596718, "3": 0.019489118586621383, "4": 0.021272871030783323, "5": 0.04135329608384644, "6": 0.04227380070051628, "7": 0.03503831672609155, "8": 0.026808660597679744, "9": 0.026126324646485254, "10": 0.08670660746317807, "11": 0.058784798726013165, "12": 0.05264584557677634, "13": 0.02290306338278477, "14": 0.042221173638814016, "15": 0.0871115192536725, "16": 0.05672308122096019, "17": 0.04639366288344171, "18": 0.06246586860312313, "19": 0.048981372233613436, "20": 0.0545289159365777, "21": 0.03451608194114571, "22": 0.04418214290682759, "23": 0.03211886468047178, "24": 0.01144376585541396, "start": 11.0, "end": 12.0}, "afternoon": {"1": 0.02400179038468453, "2": 0.019364371748374905, "3": 0.020224866865071293, "4": 0.01762498405023204, "5": 0.03094317089140424, "6": 0.029178948656617493, "7": 0.025185588132724084, "8": 0.021860852786414916, "9": 0.022263334823703324, "10": 0.09021915588590268, "11": 0.06831059964163479, "12": 0.07186362370230642, "13": 0.031690745554788916, "14": 0.04918789522656477, "15": 0.08628154120882994, "16": 0.059024301081055185, "17": 0.04605457251093005, "18": 0.058160824013442726, "19": 0.04862334380766026, "20": 0.05925677105035436, "21": 0.03865309729823394, "22": 0.03840744667822496, "23": 0.030676030298344713, "24": 0.012942143702499437, "start": 12.0, "end": 15.0}, "evening": {"1": 0.02400179038468453, "2": 0.019364371748374905, "3": 0.020224866865071293, "4": 0.01762498405023204, "5": 0.03094317089140424, "6": 0.029178948656617493, "7": 0.025185588132724084, "8": 0.021860852786414916, "9": 0.022263334823703324, "10": 0.09021915588590268, "11": 0.06831059964163479, "12": 0.07186362370230642, "13": 0.031690745554788916, "14": 0.04918789522656477, "15": 0.08628154120882994, "16": 0.059024301081055185, "17": 0.04605457251093005, "18": 0.058160824013442726, "19": 0.04862334380766026, "20": 0.05925677105035436, "21": 0.03865309729823394, "22": 0.03840744667822496, "23": 0.030676030298344713, "24": 0.012942143702499437, "start": 15.0, "end": 20.0}, "night": {"1": 0.02674531144147988, "2": 0.02170639979033787, "3": 0.022830617699221595, "4": 0.022414184331116038, "5": 0.03792618813496904, "6": 0.038157264199913644, "7": 0.032142644423065005, "8": 0.024904545717343095, "9": 0.025378345978400697, "10": 0.09055119694856487, "11": 0.05985822296602603, "12": 0.06286803774935751, "13": 0.02746463450538867, "14": 0.04543789580660574, "15": 0.07978182329984135, "16": 0.050239474743636416, "17": 0.04640642711823748, "18": 0.05572696795996225, "19": 0.04751438388512362, "20": 0.050390423883040006, "21": 0.03583258151590775, "22": 0.04398240792554085, "23": 0.03614379332574844, "24": 0.015596226651172152, "start": 20.0, "end": 10.0}}