{"morning": {"0": 0.04680911562351637, "1": 0.07093818897137939, "2": 0.059977962358532276, "3": 0.043721797701559234, "4": 0.04256600001053328, "5": 0.06259540951181994, "6": 0.05438872023999413, "7": 0.048288027915326825, "8": 0.043666741597198376, "9": 0.035928604355746525, "10": 0.06481259621104152, "11": 0.03828477034793119, "12": 0.04293407481235365, "13": 0.019867861143391025, "14": 0.031233730148281586, "15": 0.05232452072638019, "16": 0.032887212826239146, "17": 0.028009542441857466, "18": 0.03497620825820816, "19": 0.031092229000337715, "20": 0.04186121595242093, "21": 0.02407673539242791, "22": 0.027361542002963157, "23": 0.02139719245056, "start": 1.0, "end": 5.0}, "noon": {"0": 0.06472129688288476, "1": 0.06452983212904866, "2": 0.06317827084381493, "3": 0.031070633089418664, "4": 0.037737488253728725, "5": 0.07290575576976865, "6": 0.061438974942739775, "7": 0.04653476538871739, "8": 0.04408494773065724, "9": 0.0383856162033018, "10": 0.06113611951214389, "11": 0.03574488773767221, "12": 0.03843838334649243, "13": 0.01736748282757809, "14": 0.02739043666359857, "15": 0.04741173051832095, "16": 0.03147985792464095, "17": 0.030917015403824893, "18": 0.03920427597449936, "19": 0.03391207413363765, "20": 0.04135224204925861, "21": 0.02250371168691195, "22": 0.027063613100978837, "23": 0.021490587886361056, "start": 5.0, "end": 10.0}, "afternoon": {"0": 0.05465573029269911, "1": 0.07747705545545873, "2": 0.052661281390511024, "3": 0.04458195149417291, "4": 0.035482107907400647, "5": 0.06134180078187571, "6": 0.05189245966896717, "7": 0.043860670966877034, "8": 0.04032635571617755, "9": 0.03537535721665286, "10": 0.06602854151845004, "11": 0.043103650085315796, "12": 0.050778711365486784, "13": 0.02516893399221951, "14": 0.032818300119246586, "15": 0.049030588191992304, "16": 0.0338936572366604, "17": 0.02973280577978817, "18": 0.03337304904574544, "19": 0.028930774292581934, "20": 0.040601023413780385, "21": 0.025151568700918458, "22": 0.02388470074391096, "23": 0.019848924623110432, "start": 10.0, "end": 12.0}, "evening": {"0": 0.05465573029269911, "1": 0.07747705545545873, "2": 0.052661281390511024, "3": 0.04458195149417291, "4": 0.035482107907400647, "5": 0.06134180078187571, "6": 0.05189245966896717, "7": 0.043860670966877034, "8": 0.04032635571617755, "9": 0.03537535721665286, "10": 0.06602854151845004, "11": 0.043103650085315796, "12": 0.050778711365486784, "13": 0.02516893399221951, "14": 0.032818300119246586, "15": 0.049030588191992304, "16": 0.0338936572366604, "17": 0.02973280577978817, "18": 0.03337304904574544, "19": 0.028930774292581934, "20": 0.040601023413780385, "21": 0.025151568700918458, "22": 0.02388470074391096, "23": 0.019848924623110432, "start": 12.0, "end": 20.0}, "night": {"0": 0.051015378902537184, "1": 0.07858969212600253, "2": 0.05527711588696926, "3": 0.04023136863387058, "4": 0.04425587048895626, "5": 0.05688369907271334, "6": 0.05946388143209259, "7": 0.05061654720484251, "8": 0.04582312213160803, "9": 0.038173756800942184, "10": 0.06688285675752369, "11": 0.03951630260329894, "12": 0.048254495183631035, "13": 0.019676945157930326, "14": 0.03561599933567507, "15": 0.046409797039245804, "16": 0.028776373004583963, "17": 0.025778968049073165, "18": 0.031345728079803355, "19": 0.03030130132966267, "20": 0.03717495797974504, "21": 0.02237514601084549, "22": 0.02575037645729825, "23": 0.021810320331148766, "start": 20.0, "end": 1.0}}