{"morning": {"0": 0.04680911562351637, "1": 0.07093818897137939, "2": 0.059977962358532276, "3": 0.043721797701559234, "4": 0.04256600001053328, "5": 0.06259540951181994, "6": 0.05438872023999413, "7": 0.048288027915326825, "8": 0.043666741597198376, "9": 0.035928604355746525, "10": 0.06481259621104152, "11": 0.03828477034793119, "12": 0.04293407481235365, "13": 0.019867861143391025, "14": 0.031233730148281586, "15": 0.05232452072638019, "16": 0.032887212826239146, "17": 0.028009542441857466, "18": 0.03497620825820816, "19": 0.031092229000337715, "20": 0.04186121595242093, "21": 0.02407673539242791, "22": 0.027361542002963157, "23": 0.02139719245056, "start": 1.0, "end": 5.0}, "noon": {"0": 0.06472129688288476, "1": 0.06452983212904866, "2": 0.06317827084381493, "3": 0.031070633089418664, "4": 0.037737488253728725, "5": 0.07290575576976865, "6": 0.061438974942739775, "7": 0.04653476538871739, "8": 0.04408494773065724, "9": 0.0383856162033018, "10": 0.06113611951214389, "11": 0.03574488773767221, "12": 0.03843838334649243, "13": 0.01736748282757809, "14": 0.02739043666359857, "15": 0.04741173051832095, "16": 0.03147985792464095, "17": 0.030917015403824893, "18": 0.03920427597449936, "19": 0.03391207413363765, "20": 0.04135224204925861, "21": 0.02250371168691195, "22": 0.027063613100978837, "23": 0.021490587886361056, "start": 5.0, "end": 10.0}, "afternoon": {"0": 0.05465573029269911, "1": 0.07747705545545873, "2": 0.052661281390511024, "3": 0.04458195149417291, "4": 0.035482107907400647, "5": 0.06134180078187571, "6": 0.05189245966896717, "7": 0.043860670966877034, "8": 0.04032635571617755, "9": 0.03537535721665286, "10": 0.06602854151845004, "11": 0.043103650085315796, "12": 0.050778711365486784, "13": 0.02516893399221951, "14": 0.032818300119246586, "15": 0.049030588191992304, "16": 0.0338936572366604, "17": 0.02973280577978817, "18": 0.03337304904574544, "19": 0.028930774292581934, "20": 0.040601023413780385, "21": 0.025151568700918458, "22": 0.02388470074391096, "23": 0.019848924623110432, "start": 10.0, "end": 12.0}, "evening": {"0": 0.05465573029269911, "1": 0.07747705545545873, "2": 0.052661281390511024, "3": 0.04458195149417291, "4": 0.035482107907400647, "5": 0.06134180078187571, "6": 0.05189245966896717, "7": 0.043860670966877034, "8": 0.04032635571617755, "9": 0.03537535721665286, "10": 0.06602854151845004, "11": 0.043103650085315796, "12": 0.050778711365486784, "13": 0.02516893399221951, "14": 0.032818300119246586, "15": 0.049030588191992304, "16": 0.0338936572366604, "17": 0.02973280577978817, "18": 0.03337304904574544, "19": 0.028930774292581934, "20": 0.040601023413780385, "21": 0.025151568700918458, "22": 0.02388470074391096, "23": 0.019848924623110432, "start": 12.0, "end": 15.0}, "night": {"0": 0.05325896835432952, "1": 0.08258462040034147, "2": 0.05336240862981952, "3": 0.039806987335955495, "4": 0.043057167477341056, "5": 0.05619225426742805, "6": 0.05877005228134346, "7": 0.05027882010368765, "8": 0.04530635281231255, "9": 0.03567958620413228, "10": 0.06680124510260987, "11": 0.03857383401357606, "12": 0.04534161655395318, "13": 0.019592827112283478, "14": 0.03677363396572435, "15": 0.04462745588343863, "16": 0.03029442526491109, "17": 0.03166505747213268, "18": 0.033027429486030144, "19": 0.029204396506963604, "20": 0.035092395523876586, "21": 0.022074683358797628, "22": 0.025759144628914654, "23": 0.02287463726009697, "start": 15.0, "end": 1.0}}