{"morning": {"start": 6.000000000000046, "end": 7.000000000000046}, "noon": {"start": 7.0, "end": 9.999999999999993}, "afternoon": {"start": 9.99999999999999, "end": 10.99999999999999}, "evening": {"start": 10.99999999999999, "end": 11.99999999999999}, "night": {"start": 11.99999999999999, "end": 6.000000000000046}}