{"start": {"morning": {"1": 0.03555805421965812, "2": 0.044848180644558935, "3": 0.07790478954646969, "4": 0.056315846673575226, "5": 0.09183556424106736, "6": 0.06194985379285545, "7": 0.10115712514218048, "8": 0.06345343288368736, "9": 0.09045676077168828, "10": 0.20776651795740145, "11": 0.12306271845610535, "12": 0.04569115567075229}, "noon": {"1": 0.024399721976794665, "2": 0.044311704299424354, "3": 0.056494471381184456, "4": 0.04435938854068388, "5": 0.09364169809752472, "6": 0.06293302668728605, "7": 0.12423362757506333, "8": 0.07502810485920995, "9": 0.09315233761866899, "10": 0.23120423662054446, "11": 0.10605641608392448, "12": 0.04418526625969067}, "afternoon": {"1": 0.025530330998018918, "2": 0.03999132878303261, "3": 0.06617158673673959, "4": 0.04895332071182648, "5": 0.09056195150161589, "6": 0.06035319958542834, "7": 0.08477967959363533, "8": 0.06030125029535146, "9": 0.09955344820395451, "10": 0.2034682178706679, "11": 0.15344707973939217, "12": 0.06688860598033695}, "evening": {"1": 0.025530330998018918, "2": 0.03999132878303261, "3": 0.06617158673673959, "4": 0.04895332071182648, "5": 0.09056195150161589, "6": 0.06035319958542834, "7": 0.08477967959363533, "8": 0.06030125029535146, "9": 0.09955344820395451, "10": 0.2034682178706679, "11": 0.15344707973939217, "12": 0.06688860598033695}, "night": {"1": 0.03662235570283051, "2": 0.041841841882232125, "3": 0.05742010856052746, "4": 0.05766617622350738, "5": 0.09245204799303981, "6": 0.058462338306670386, "7": 0.09365752058889508, "8": 0.06892371493759547, "9": 0.06946773386830989, "10": 0.24559118579087338, "11": 0.11990385842672555, "12": 0.057991117718792964}}, "end": {"morning": {"1": 0.03552114456736544, "2": 0.05279145960024728, "3": 0.08131390668288946, "4": 0.04985849666286545, "5": 0.10295625016158164, "6": 0.06285800966704977, "7": 0.12342662545301562, "8": 0.06104743342902632, "9": 0.0913102328834798, "10": 0.18536201721882467, "11": 0.10464507263976945, "12": 0.04890935103388512}, "noon": {"1": 0.02083822344189545, "2": 0.05751301703054042, "3": 0.06477850040939595, "4": 0.04746116904093363, "5": 0.1228781584226897, "6": 0.07212579724176232, "7": 0.12424756953252938, "8": 0.07159468769239244, "9": 0.09370008415174963, "10": 0.19578154268036946, "11": 0.07950797470091933, "12": 0.04957327565482241}, "afternoon": {"1": 0.02860543804824737, "2": 0.039872678830178775, "3": 0.06939904851925591, "4": 0.04726816625083405, "5": 0.10990859453521197, "6": 0.05346544240985238, "7": 0.08407501611209174, "8": 0.05812404367435331, "9": 0.09654944182523092, "10": 0.20304025904957, "11": 0.1335837858139925, "12": 0.07610808493118112}, "evening": {"1": 0.02860543804824737, "2": 0.039872678830178775, "3": 0.06939904851925591, "4": 0.04726816625083405, "5": 0.10990859453521197, "6": 0.05346544240985238, "7": 0.08407501611209174, "8": 0.05812404367435331, "9": 0.09654944182523092, "10": 0.20304025904957, "11": 0.1335837858139925, "12": 0.07610808493118112}, "night": {"1": 0.04245496287932089, "2": 0.04427236965686717, "3": 0.06497081201418746, "4": 0.05885823536870914, "5": 0.10526915840806432, "6": 0.0779060194570162, "7": 0.11078796138203763, "8": 0.057761938681660414, "9": 0.0703161459642587, "10": 0.19767311101158577, "11": 0.10528559549294474, "12": 0.06444368968334757}}}