{"morning": {"1": 0.11458349714584352, "2": 0.18699432221481888, "3": 0.22761928125745765, "4": 0.03199229282581809, "5": 0.07270584123386954, "6": 0.0597213639076097, "7": 0.08855393356898641, "8": 0.038700745883409916, "9": 0.005206206804200324, "10": 0.08955048245176037, "11": 0.043656837325492324, "12": 0.04071519538073326}, "noon": {"1": 0.10412455057957197, "2": 0.14995378031352252, "3": 0.08018044427332614, "4": 0.03649375268557377, "5": 0.17730720935662792, "6": 0.03938131258515061, "7": 0.050245683890604645, "8": 0.03611980328390555, "9": 0.006762300636496086, "10": 0.2538103974281273, "11": 0.03591004341002787, "12": 0.029710721557065677}, "afternoon": {"1": 0.1641452055782412, "2": 0.17455102059263297, "3": 0.13246858923060584, "4": 0.029476075235377593, "5": 0.06752771026913229, "6": 0.0638925119813882, "7": 0.08068722142411434, "8": 0.04976021219710948, "9": 0.01673498900699544, "10": 0.1180066803049328, "11": 0.05902992796011131, "12": 0.04371985621935853}, "evening": {"1": 0.27071582958743473, "2": 0.23457701678098902, "3": 0.10972604840559642, "4": 0.013478308672088001, "5": 0.06129031519731768, "6": 0.05405838049258553, "7": 0.04933461234447509, "8": 0.018898297279147564, "9": 0.005626468778316513, "10": 0.09228831515314578, "11": 0.054709077790363554, "12": 0.03529732951854025}, "night": {"1": 0.768629506077646, "2": 0.06533946957909897, "3": 0.08031346644358855, "4": 0.013654286117411171, "5": 0.019580728506801738, "6": 0.01569837191176508, "7": 0.010063494586608785, "8": 0.010372532524848264, "9": 0.0, "10": 0.016348144252231387, "11": 0.0, "12": 0.0}}