{"morning": {"0": 0.05245404545046172, "1": 0.08634981582518365, "2": 0.04863611857594821, "3": 0.036178256874897334, "4": 0.0397195783527034, "5": 0.05981728676604474, "6": 0.07195315373121922, "7": 0.09546177777424142, "8": 0.054304350675125575, "9": 0.05135717643818699, "10": 0.06941928196475529, "11": 0.060702317938687175, "12": 0.07412828300576932, "13": 0.015938920558771424, "14": 0.011224862627882281, "15": 0.008807201295140201, "16": 0.008916644142152184, "17": 0.017115727007523486, "18": 0.026218334019122075, "19": 0.02637161978648393, "20": 0.01776801794014292, "21": 0.017594870861254525, "22": 0.026045760830967664, "23": 0.023516597557335213, "start": 7.0, "end": 10.0}, "noon": {"0": 0.04598982191123884, "1": 0.09812709789590558, "2": 0.053893061099636125, "3": 0.03831828889573638, "4": 0.03939968711619693, "5": 0.06260865657996681, "6": 0.049442225501793134, "7": 0.076681968386459, "8": 0.05547988863615926, "9": 0.045142635837945054, "10": 0.06152530922189007, "11": 0.050864088952251835, "12": 0.06657979304853569, "13": 0.020141330834844196, "14": 0.017682611485117027, "15": 0.015292648018055676, "16": 0.014781752463553418, "17": 0.02572639276798448, "18": 0.03054266770926818, "19": 0.0337586252133218, "20": 0.022687528719351816, "21": 0.01931233506219204, "22": 0.029722368441462088, "23": 0.02629921620113451, "start": 10.0, "end": 11.0}, "afternoon": {"0": 0.06303710984272444, "1": 0.0781176138444854, "2": 0.04423066655491513, "3": 0.03152215287085475, "4": 0.03183595660342667, "5": 0.053029894347959704, "6": 0.06520860766214834, "7": 0.08745240088257328, "8": 0.05319509616457204, "9": 0.04668159009329135, "10": 0.06186577165532362, "11": 0.05418047290940002, "12": 0.0780716009179923, "13": 0.0206003335933109, "14": 0.014653104438490602, "15": 0.010770825961539781, "16": 0.011701166470233865, "17": 0.021557952406876725, "18": 0.03590231639861029, "19": 0.0344894256400743, "20": 0.02283864441760188, "21": 0.020252152725378583, "22": 0.0302023562490916, "23": 0.0286027873491244, "start": 11.0, "end": 12.0}, "evening": {"0": 0.0646093661685119, "1": 0.09052264102177322, "2": 0.045873305966340254, "3": 0.033707179422903855, "4": 0.03783341321343035, "5": 0.0551880769407425, "6": 0.06687865917056246, "7": 0.0876033493052334, "8": 0.05536650742298667, "9": 0.044347623954699184, "10": 0.06005796279462585, "11": 0.05541027702697208, "12": 0.08051091847010536, "13": 0.020871190628717326, "14": 0.01257589357461727, "15": 0.009565166298623525, "16": 0.010502067330766987, "17": 0.01889027601546802, "18": 0.030045451316979006, "19": 0.030201367676836205, "20": 0.019921545314845586, "21": 0.01705416283457246, "22": 0.02727098003618722, "23": 0.025192618093499375, "start": 12.0, "end": 23.0}, "night": {"0": 0.04858214059425618, "1": 0.12783886976506012, "2": 0.05402369216336848, "3": 0.042818601165130185, "4": 0.04659870836195024, "5": 0.0587774192791615, "6": 0.0707552776263914, "7": 0.09643919540749585, "8": 0.06159903220043718, "9": 0.05421739106998974, "10": 0.07452516219528589, "11": 0.06681623306685686, "12": 0.07841046496148193, "13": 0.00850480701862015, "14": 0.00693474297926819, "15": 0.006003013839726675, "16": 0.006271851971275606, "17": 0.009776150202905395, "18": 0.015041756577393836, "19": 0.015015403417537158, "20": 0.010002930916754067, "21": 0.009362709912610805, "22": 0.016272436802867687, "23": 0.015412008504174889, "start": 23.0, "end": 7.0}}