{"morning": {"1": 0.11458349714584352, "2": 0.18699432221481888, "3": 0.22761928125745765, "4": 0.03199229282581809, "5": 0.07270584123386954, "6": 0.0597213639076097, "7": 0.08855393356898641, "8": 0.038700745883409916, "9": 0.005206206804200324, "10": 0.08955048245176037, "11": 0.043656837325492324, "12": 0.04071519538073326, "start": 1.0, "end": 3.0}, "noon": {"13": 0.10412455057957197, "2": 0.14995378031352252, "3": 0.08018044427332614, "4": 0.03649375268557377, "5": 0.17730720935662792, "6": 0.03938131258515061, "7": 0.050245683890604645, "8": 0.03611980328390555, "9": 0.006762300636496086, "10": 0.2538103974281273, "11": 0.03591004341002787, "12": 0.029710721557065677, "start": 3.0, "end": 10.0}, "afternoon": {"13": 0.1641452055782412, "14": 0.17455102059263297, "3": 0.13246858923060584, "16": 0.029476075235377593, "17": 0.06752771026913229, "18": 0.0638925119813882, "7": 0.08068722142411434, "20": 0.04976021219710948, "21": 0.01673498900699544, "10": 0.1180066803049328, "11": 0.05902992796011131, "12": 0.04371985621935853, "start": 10.0, "end": 13.0}, "evening": {"13": 0.27071582958743473, "14": 0.23457701678098902, "15": 0.10972604840559642, "16": 0.013478308672088001, "17": 0.06129031519731768, "18": 0.05405838049258553, "19": 0.04933461234447509, "20": 0.018898297279147564, "21": 0.005626468778316513, "22": 0.09228831515314578, "23": 0.054709077790363554, "24": 0.03529732951854025, "start": 13.0, "end": 15.0}, "night": {"1": 0.768629506077646, "2": 0.06533946957909897, "15": 0.08031346644358855, "16": 0.013654286117411171, "17": 0.019580728506801738, "18": 0.01569837191176508, "19": 0.010063494586608785, "20": 0.010372532524848264, "21": 0.0, "22": 0.016348144252231387, "23": 0.0, "12": 0.0, "start": 15.0, "end": 1.0}}