{"morning": {"start": 5.999999999999986, "end": 10.0}, "noon": {"start": 10.0, "end": 11.0}, "afternoon": {"start": 11.0, "end": 12.0}, "evening": {"start": 12.0, "end": 22.00000000000004}, "night": {"start": 22.00000000000004, "end": 1.0}}