{"morning": {"1": 0.019733782425958288, "2": 0.09555462923303067, "3": 0.1354136898198519, "4": 0.07075533906059708, "5": 0.05332581769080484, "6": 0.11362657509827197, "7": 0.07160827311657733, "8": 0.06486174627509435, "9": 0.04570724530020318, "10": 0.15595733545975365, "11": 0.08988829700972051, "12": 0.08356726951013622}, "noon": {"1": 0.027708450806402697, "2": 0.16848226042304879, "3": 0.307822596571149, "4": 0.09339233131387889, "5": 0.037668671727316236, "6": 0.04551856414575606, "7": 0.03302496915471236, "8": 0.028461688412563635, "9": 0.014749785715974411, "10": 0.11777446513955943, "11": 0.05165815536753454, "12": 0.07373806122210388}, "afternoon": {"1": 0.04616800696659561, "2": 0.0994643557416569, "3": 0.1636929282135628, "4": 0.09237770845885743, "5": 0.07290667171580847, "6": 0.0755625371308559, "7": 0.07557397947131095, "8": 0.07563292477943573, "9": 0.04538024678629933, "10": 0.127238279609577, "11": 0.05872030776802715, "12": 0.06728205335801274}, "night": {"1": 0.01284744239711994, "2": 0.1161388878703432, "3": 0.3334450110622352, "4": 0.0856076199813372, "5": 0.048072496811578574, "6": 0.07585804977735246, "7": 0.08894016813462578, "8": 0.03666830436098742, "9": 0.01502261626852735, "10": 0.10198766301878195, "11": 0.03899660110067877, "12": 0.046415139216432096}}