{"morning": {"1": 0.008023752280128417, "2": 0.009406367290421554, "3": 0.010190783180782498, "4": 0.008519422671419943, "5": 0.013861276143112205, "6": 0.017364314493534025, "7": 0.023946641345297826, "8": 0.018278527515561676, "9": 0.018836624721691106, "10": 0.09444764790767465, "11": 0.08159222805418154, "12": 0.10179900726814965, "13": 0.03172274296210633, "14": 0.05334846370523525, "15": 0.12163647784815124, "16": 0.058559527574389356, "17": 0.046202542278803146, "18": 0.054041078603702164, "19": 0.042832471043492096, "20": 0.053302268219788174, "21": 0.03831272701741485, "22": 0.04567721342820007, "23": 0.03955598076163195, "24": 0.00854191368513028, "start": 9.999999999999998, "end": 11.0}, "noon": {"1": 0.008463271699499165, "2": 0.009451668215108983, "3": 0.010026062409126308, "4": 0.008672676903052623, "5": 0.013671172117017622, "6": 0.01710210162425395, "7": 0.020224091080936122, "8": 0.016912575756141933, "9": 0.018029259792021513, "10": 0.1037865183297609, "11": 0.0872388822895632, "12": 0.10634619236294851, "13": 0.02878509286983489, "14": 0.05108654842340218, "15": 0.10790112198196873, "16": 0.050768498545036456, "17": 0.04563835746590294, "18": 0.05943599749163111, "19": 0.04830837771368563, "20": 0.05867967638808726, "21": 0.04007757237178461, "22": 0.04385886751152883, "23": 0.03649919497441137, "24": 0.009036221683295199, "start": 11.0, "end": 12.0}, "afternoon": {"1": 0.010887523483081486, "2": 0.011455458186655429, "3": 0.012211263498015304, "4": 0.010429940086165452, "5": 0.01652244944028148, "6": 0.02161047802670604, "7": 0.026889282253470037, "8": 0.02043351365414416, "9": 0.020830944067278243, "10": 0.09738676496535965, "11": 0.08125715884094767, "12": 0.09963282781174362, "13": 0.03154785768249869, "14": 0.049120712135085634, "15": 0.1104918279287171, "16": 0.05154084099398708, "17": 0.044631454657836224, "18": 0.05235397046477678, "19": 0.04458182544728906, "20": 0.05672306324152458, "21": 0.040839498735937806, "22": 0.04170844336977506, "23": 0.03849901866122727, "24": 0.008413882367496153, "start": 12.0, "end": 15.0}, "night": {"1": 0.007812575579642161, "2": 0.008787018291828527, "3": 0.009589754940134053, "4": 0.008072833103332186, "5": 0.013370391277340157, "6": 0.01811605792650278, "7": 0.02192602212790474, "8": 0.016560363916682634, "9": 0.016572190013115738, "10": 0.09228043868354972, "11": 0.07854686023287522, "12": 0.09872547869779515, "13": 0.030955216170792933, "14": 0.05051131024483344, "15": 0.11153747757765627, "16": 0.05694872420498116, "17": 0.04733933307696804, "18": 0.06057269633108877, "19": 0.04760690061417815, "20": 0.06281217920955193, "21": 0.0421354143013423, "22": 0.04921964217383441, "23": 0.040291992926628696, "24": 0.009709128377440856, "start": 15.0, "end": 9.999999999999998}}