{"morning": {"0": 0.07827228428012029, "1": 0.06086676158213386, "2": 0.030092439444950502, "3": 0.02894491505270747, "4": 0.021427737718454482, "5": 0.026384961044738555, "6": 0.029022853623228248, "7": 0.041928130175252355, "8": 0.03265377077833454, "9": 0.02559557636393804, "10": 0.07520134853651626, "11": 0.056345806348894176, "12": 0.07378565715042244, "13": 0.022429787293858566, "14": 0.04441890762299486, "15": 0.09135361546353488, "16": 0.042277982018735796, "17": 0.03142333166312334, "18": 0.03188208126124183, "19": 0.03088223610368129, "20": 0.0409560259919519, "21": 0.021852901498735266, "22": 0.035254756088336114, "23": 0.026746132894114916, "start": 1.0, "end": 10.0}, "noon": {"0": 0.0978751933007789, "1": 0.07681419192990847, "2": 0.03888873797585217, "3": 0.02484424883024653, "4": 0.027203713328395242, "5": 0.02755655374586111, "6": 0.030027014088358926, "7": 0.03245548770257021, "8": 0.03258682320184199, "9": 0.02242820708190538, "10": 0.07323629913822058, "11": 0.05115870324416222, "12": 0.07173297914918013, "13": 0.01981060276814628, "14": 0.043251975833116144, "15": 0.07828285618926718, "16": 0.036791388846521035, "17": 0.031066634525530074, "18": 0.03199080932172443, "19": 0.033124455548823095, "20": 0.04386207528586903, "21": 0.022319133716189456, "22": 0.03027853908657427, "23": 0.02241337616095713, "start": 10.0, "end": 12.0}, "afternoon": {"0": 0.06898395750271019, "1": 0.061835725310639855, "2": 0.033180151883063565, "3": 0.03134068203936035, "4": 0.025194701216073704, "5": 0.0295139940996427, "6": 0.033185539734446864, "7": 0.0549328329908308, "8": 0.03621930991902475, "9": 0.0276077379544983, "10": 0.07375376331376056, "11": 0.05179345061528851, "12": 0.07366396562812333, "13": 0.023142556522570145, "14": 0.03925357805878369, "15": 0.08086031931601477, "16": 0.035795577558227674, "17": 0.03115100874408378, "18": 0.030869512385474404, "19": 0.031134333883485025, "20": 0.04439461277432644, "21": 0.024281537177906213, "22": 0.0311184406990593, "23": 0.026792710672605066, "start": 12.0, "end": 15.0}, "night": {"0": 0.061617341111576275, "1": 0.06723327370452178, "2": 0.032077963532782375, "3": 0.029781493063314457, "4": 0.025013054632495133, "5": 0.025772056032861916, "6": 0.03214594813680253, "7": 0.039468398049286285, "8": 0.03383485050563151, "9": 0.02394200894774699, "10": 0.06669527158957685, "11": 0.05511325490256597, "12": 0.0725277261094068, "13": 0.024476742006279677, "14": 0.04421472921985176, "15": 0.08148747719500651, "16": 0.04258481651344225, "17": 0.034854358446267095, "18": 0.03708372974827202, "19": 0.03660319614074505, "20": 0.04596392060469131, "21": 0.02494105895825505, "22": 0.03588635759485327, "23": 0.026680973253767108, "start": 15.0, "end": 1.0}}