{"morning": {"0": 0.07629337724931391, "1": 0.03670768211333147, "2": 0.02732509751182939, "3": 0.027982936405286134, "4": 0.021405888132597334, "5": 0.029280692602044685, "6": 0.0325191331220323, "7": 0.04286479896446672, "8": 0.03412049148231473, "9": 0.027445151701437066, "10": 0.07556042888765475, "11": 0.057605252126801544, "12": 0.0742335051129065, "13": 0.023373182836955414, "14": 0.04796299569140078, "15": 0.09497589813694558, "16": 0.044122510041808366, "17": 0.033033657470027684, "18": 0.03140693595146541, "19": 0.031098622977837317, "20": 0.04214889408396076, "21": 0.0232235225144212, "22": 0.03679923448047481, "23": 0.028510110402686212, "start": 9.999999999999991, "end": 11.0}, "noon": {"0": 0.09581147310659248, "1": 0.04295909805383086, "2": 0.033723159080860966, "3": 0.022857114131991763, "4": 0.029653695923560378, "5": 0.03325675335139144, "6": 0.03569620481562661, "7": 0.033323644112135904, "8": 0.032933160908567384, "9": 0.024064573887809113, "10": 0.07591278570617305, "11": 0.055092836913797384, "12": 0.07531335128201945, "13": 0.020771939438385643, "14": 0.047417244272754594, "15": 0.0846043748391604, "16": 0.038476048351017846, "17": 0.031221256713116957, "18": 0.030696849005777054, "19": 0.03259775360114237, "20": 0.04564534802169526, "21": 0.023062911980264084, "22": 0.03105066839286619, "23": 0.02385775410946279, "start": 11.0, "end": 12.000000000000002}, "afternoon": {"0": 0.06793453662155029, "1": 0.04128908102773615, "2": 0.0300940720391243, "3": 0.03055269103667417, "4": 0.025756669111357613, "5": 0.03206179520850622, "6": 0.03671487858802263, "7": 0.04427996734582626, "8": 0.037842269820940605, "9": 0.029062458096007545, "10": 0.07519576615469127, "11": 0.05210952719998849, "12": 0.07537668873681329, "13": 0.02462636490433083, "14": 0.04342736366678319, "15": 0.08456529017833177, "16": 0.03864296857761045, "17": 0.03260605430174674, "18": 0.03105106266048363, "19": 0.031814378842834216, "20": 0.04718737842544363, "21": 0.025790009899246444, "22": 0.03294475655619753, "23": 0.029073970999752684, "start": 12.000000000000002, "end": 15.0}, "night": {"0": 0.05859228016510658, "1": 0.03542705991544086, "2": 0.029297885035623205, "3": 0.02870485567352364, "4": 0.024471812519411332, "5": 0.027870343446735203, "6": 0.03527402648829517, "7": 0.0420396358148408, "8": 0.03507348726235179, "9": 0.02607141182917302, "10": 0.07013761218411235, "11": 0.05811923887734737, "12": 0.07651521917112389, "13": 0.02578762503743396, "14": 0.04831364702792103, "15": 0.08648269351125439, "16": 0.044817298084498795, "17": 0.035977019399714975, "18": 0.03657043476489917, "19": 0.03667550404658857, "20": 0.04652288795592352, "21": 0.026125141402028564, "22": 0.03715203915142222, "23": 0.027980841235229623, "start": 15.0, "end": 9.999999999999991}}