{"morning": {"13": 0.019733782425958288, "14": 0.09555462923303067, "3": 0.1354136898198519, "4": 0.07075533906059708, "5": 0.05332581769080484, "6": 0.11362657509827197, "7": 0.07160827311657733, "8": 0.06486174627509435, "9": 0.04570724530020318, "10": 0.15595733545975365, "11": 0.08988829700972051, "12": 0.08356726951013622, "start": 6.0, "end": 14.0}, "noon": {"13": 0.027708450806402697, "14": 0.16848226042304879, "15": 0.307822596571149, "16": 0.09339233131387889, "17": 0.037668671727316236, "18": 0.04551856414575606, "7": 0.03302496915471236, "8": 0.028461688412563635, "9": 0.014749785715974411, "10": 0.11777446513955943, "11": 0.05165815536753454, "12": 0.07373806122210388, "start": 14.0, "end": 15.0}, "afternoon": {"13": 0.04616800696659561, "14": 0.0994643557416569, "15": 0.1636929282135628, "16": 0.09237770845885743, "17": 0.07290667171580847, "18": 0.0755625371308559, "19": 0.07557397947131095, "20": 0.07563292477943573, "21": 0.04538024678629933, "22": 0.127238279609577, "23": 0.05872030776802715, "24": 0.06728205335801274, "start": 15.0, "end": 22.0}, "night": {"1": 0.01284744239711994, "2": 0.1161388878703432, "3": 0.3334450110622352, "4": 0.0856076199813372, "5": 0.048072496811578574, "6": 0.07585804977735246, "7": 0.08894016813462578, "8": 0.03666830436098742, "9": 0.01502261626852735, "22": 0.10198766301878195, "23": 0.03899660110067877, "24": 0.046415139216432096, "start": 22.0, "end": 6.0}}