{"start": {"morning": {"1": 0.019412081148361838, "2": 0.06833777484629137, "3": 0.044943216290424415, "4": 0.04377413416783536, "5": 0.041533992959831054, "6": 0.08334746628209656, "7": 0.0689429355304029, "8": 0.047067506962760214, "9": 0.034879526894845275, "10": 0.21370050218884684, "11": 0.1438409181988917, "12": 0.19021994452941243}, "noon": {"1": 0.02419189594575015, "2": 0.09392061963129676, "3": 0.0526279368800775, "4": 0.051069445895242926, "5": 0.04334505746899724, "6": 0.0665424225646052, "7": 0.06156648362175879, "8": 0.05963408992437613, "9": 0.036156668112388414, "10": 0.16504931470868262, "11": 0.13544847843035776, "12": 0.21044758681646653}, "afternoon": {"1": 0.0425753819581515, "2": 0.09717531804092529, "3": 0.07286182632897073, "4": 0.05274349662381245, "5": 0.04645651269704726, "6": 0.07315489096454639, "7": 0.08169682781373688, "8": 0.05627211730585217, "9": 0.03154947066904173, "10": 0.17301694411465343, "11": 0.11915441910703811, "12": 0.15334279437622406}, "night": {"1": 0.025459787537317022, "2": 0.0663338070885009, "3": 0.08382758360863844, "4": 0.04912293240498769, "5": 0.058624350996191926, "6": 0.07184956867992652, "7": 0.06645612854210493, "8": 0.04951205642844179, "9": 0.03161210145935533, "10": 0.20646929325868407, "11": 0.12947937733916132, "12": 0.1612530126566901}}, "end": {"morning": {"1": 0.016032756862873674, "2": 0.07044695021933453, "3": 0.06531480864964606, "4": 0.04541734821912539, "5": 0.0467956663594845, "6": 0.07881290643315966, "7": 0.04823810514938651, "8": 0.05816070168189021, "9": 0.04594064822643805, "10": 0.23610882994972018, "11": 0.1337884808602052, "12": 0.15494279738873604}, "noon": {"1": 0.02330650031519832, "2": 0.08911578637336202, "3": 0.056284954335868546, "4": 0.03901710323545335, "5": 0.045149816720961286, "6": 0.049216387289651796, "7": 0.05400597682187877, "8": 0.06522088615780688, "9": 0.041275964556929064, "10": 0.19865450673292886, "11": 0.1364578745889767, "12": 0.2022942428709844}, "afternoon": {"1": 0.028966109300093187, "2": 0.08153361594663291, "3": 0.07640366980555797, "4": 0.038436705459531775, "5": 0.04075865985039239, "6": 0.05455075733034529, "7": 0.056987973557824756, "8": 0.05977470954701206, "9": 0.03328815382880243, "10": 0.2041625115286919, "11": 0.1668608806984833, "12": 0.15827625314663205}, "night": {"1": 0.016777311342729334, "2": 0.07838423722358989, "3": 0.09432392201820528, "4": 0.04857817717420679, "5": 0.05712417865178795, "6": 0.06331733777275747, "7": 0.04890600821656648, "8": 0.0648151999709845, "9": 0.039100949656126184, "10": 0.22957918862710008, "11": 0.11214727081510775, "12": 0.14694621853083828}}}