{"start": {"morning": {"1": 0.01048748074399175, "2": 0.010219151890803043, "3": 0.008706935950234206, "4": 0.008901198685938218, "5": 0.0107607804445377, "6": 0.017395497166038776, "7": 0.01949915482208764, "8": 0.014261273426243243, "9": 0.013020270236453982, "10": 0.09682581493130944, "11": 0.09148295619152054, "12": 0.11301780696264226, "13": 0.02731222572122024, "14": 0.05363611595725263, "15": 0.11741774772008869, "16": 0.06009790876335907, "17": 0.04929255557258269, "18": 0.05649269069497344, "19": 0.041087163975712444, "20": 0.05301436060564657, "21": 0.035583985201049884, "22": 0.050383740423991366, "23": 0.03211456619539323, "24": 0.008988617716928968}, "noon": {"1": 0.01095969390978608, "2": 0.00924139938061072, "3": 0.00741005339016927, "4": 0.008224896349533117, "5": 0.009812850975017783, "6": 0.013850302763639705, "7": 0.014181874002957316, "8": 0.01186975551718906, "9": 0.012881006299567862, "10": 0.09861859290933428, "11": 0.08788201159684184, "12": 0.12127077133725728, "13": 0.022565960989925284, "14": 0.048926773848116015, "15": 0.10622374811182249, "16": 0.053023393665408036, "17": 0.04692907014807082, "18": 0.061254353145541604, "19": 0.050950626314503034, "20": 0.06803896929280888, "21": 0.03948591714723268, "22": 0.05408703681071152, "23": 0.0315075095427236, "24": 0.010803432551231718}, "afternoon": {"1": 0.011471547422597934, "2": 0.010815876261141881, "3": 0.009891700000569499, "4": 0.01004277191104173, "5": 0.012465839181611128, "6": 0.019314613515433503, "7": 0.021777274489468534, "8": 0.013674282748865639, "9": 0.013107242189631317, "10": 0.10176437262452995, "11": 0.0955485977382403, "12": 0.09968819220082392, "13": 0.027217432212822835, "14": 0.04878396527357516, "15": 0.10674496113069129, "16": 0.047910053086855225, "17": 0.04777943299583408, "18": 0.054380053277658186, "19": 0.042099554891741026, "20": 0.0555544834785084, "21": 0.042525991166659664, "22": 0.056394640121941675, "23": 0.04058043455537766, "24": 0.010466687524379485}, "night": {"1": 0.008252909213669913, "2": 0.008031935305096514, "3": 0.007451213850812932, "4": 0.007096157617540852, "5": 0.009297013580187922, "6": 0.015309244117919962, "7": 0.015431569229785076, "8": 0.011209564579421578, "9": 0.01074820803572598, "10": 0.08948425103067591, "11": 0.08095688667298892, "12": 0.10194084593173158, "13": 0.028069075791848048, "14": 0.053739889939802686, "15": 0.1042395235316568, "16": 0.058864671569433175, "17": 0.054077005357691194, "18": 0.06553408006449316, "19": 0.04698274218058723, "20": 0.06156693210056594, "21": 0.0475156193898285, "22": 0.06442802493883801, "23": 0.03935601301601785, "24": 0.01041662295368027}}, "end": {"morning": {"1": 0.007250276251142038, "2": 0.007618802530730131, "3": 0.00797695414223879, "4": 0.0074559809609417126, "5": 0.0097912109631967, "6": 0.016320807463989048, "7": 0.015480299626729891, "8": 0.013408023993733476, "9": 0.011762917911914124, "10": 0.09258306486867902, "11": 0.08812770030067547, "12": 0.10020511611290046, "13": 0.032709973858585865, "14": 0.05685694126760368, "15": 0.12073910201029556, "16": 0.059917435431064946, "17": 0.04719691943928497, "18": 0.061275776859739346, "19": 0.044853407625662076, "20": 0.05785986405203938, "21": 0.04330099442973658, "22": 0.0525853286653911, "23": 0.03471077169848219, "24": 0.010012329535243432}, "noon": {"1": 0.00815383941129709, "2": 0.007102612680986326, "3": 0.006654310012682436, "4": 0.006839256691427564, "5": 0.009056923030594525, "6": 0.012996377680983507, "7": 0.011295324725050552, "8": 0.010344722118904876, "9": 0.011716740193175926, "10": 0.09762121104202473, "11": 0.08463338629360569, "12": 0.1117588047845713, "13": 0.024922875792213084, "14": 0.04764906903413518, "15": 0.10163554121571546, "16": 0.04582060307849724, "17": 0.04528215638150961, "18": 0.06782918115594928, "19": 0.05390255800199929, "20": 0.07592538397508448, "21": 0.04975577011914495, "22": 0.06097460614132284, "23": 0.034796098494071635, "24": 0.013332647945052416}, "afternoon": {"1": 0.008303387901058475, "2": 0.008394433315804046, "3": 0.008118383387914164, "4": 0.007885698262438033, "5": 0.011407081101384248, "6": 0.017271978803403868, "7": 0.015935275711625733, "8": 0.01216683771284539, "9": 0.011731091938869311, "10": 0.10087140297913652, "11": 0.08826902299580763, "12": 0.09746804640635282, "13": 0.031855282261827204, "14": 0.05178854151238051, "15": 0.10611290548858032, "16": 0.046317435867461385, "17": 0.04879482851088334, "18": 0.060147876235247644, "19": 0.04763337392361947, "20": 0.06269982539093162, "21": 0.048669623946996775, "22": 0.05545951413717773, "23": 0.04025617777344274, "24": 0.01244197443481103}, "night": {"1": 0.006360021122407623, "2": 0.006907788424009564, "3": 0.007959175732412008, "4": 0.0066760087369966735, "5": 0.010082915374223698, "6": 0.015825572517896517, "7": 0.012991033566176927, "8": 0.011045690186123686, "9": 0.010685755994422733, "10": 0.09274004010976497, "11": 0.07857650231656857, "12": 0.09300753071515014, "13": 0.03433532399756255, "14": 0.05665852956114373, "15": 0.10376649755181112, "16": 0.054053942020091034, "17": 0.04826653542854817, "18": 0.06393161108982613, "19": 0.04791079386784045, "20": 0.06493244185099292, "21": 0.05640153113013833, "22": 0.06374890064443636, "23": 0.04135304026401777, "24": 0.011782817797438309}}}