{"morning": {"1": 0.024404678844915303, "2": 0.031962998149528875, "3": 0.04484573274664565, "4": 0.026885292649008397, "5": 0.034994261285764314, "6": 0.03424994483688629, "7": 0.03585683434544663, "8": 0.02754490990679146, "9": 0.031021694979589585, "10": 0.0644552631851664, "11": 0.06920227565616369, "12": 0.07049711975496926, "13": 0.03302640972450831, "14": 0.03725010577845537, "15": 0.0671297715968648, "16": 0.04864517199336976, "17": 0.0558447473244784, "18": 0.050316801795994515, "19": 0.03788106125412248, "20": 0.039842447233399594, "21": 0.03540797508026349, "22": 0.04641113734243674, "23": 0.036766886678234294, "24": 0.015556477856996409, "start": 10.0, "end": 11.0}, "noon": {"1": 0.018421490080726795, "2": 0.020878630088322397, "3": 0.02736906309346715, "4": 0.020140518288958107, "5": 0.02906501111344032, "6": 0.027649225869749456, "7": 0.031867656595066005, "8": 0.026143649591295188, "9": 0.029846738476576557, "10": 0.07783039064227115, "11": 0.08037843700795924, "12": 0.07429117421352872, "13": 0.033923458224189317, "14": 0.03980136340854855, "15": 0.07157525731520661, "16": 0.05006995549077422, "17": 0.04945740051472393, "18": 0.04717689028557794, "19": 0.04214097949945707, "20": 0.04558765039231174, "21": 0.03986753175901668, "22": 0.053431692081736724, "23": 0.0468753148896348, "24": 0.016210521077461335, "start": 11.0, "end": 12.0}, "afternoon": {"1": 0.014662493920264055, "2": 0.019777515797081383, "3": 0.025993010798535256, "4": 0.018264253695917193, "5": 0.029800449302344195, "6": 0.03079335000594281, "7": 0.030873755938737573, "8": 0.024718385518126988, "9": 0.030261521147406413, "10": 0.07714891568389225, "11": 0.07749627388383652, "12": 0.07954311214717794, "13": 0.03523397170218186, "14": 0.04108807237297134, "15": 0.07479747111344633, "16": 0.05083561113149555, "17": 0.05164611618555357, "18": 0.05207419445561064, "19": 0.043625372935850795, "20": 0.04810538128063391, "21": 0.03858121106937303, "22": 0.04920221578139182, "23": 0.041796326020402064, "24": 0.013681018111826574, "start": 12.0, "end": 15.0}, "evening": {"1": 0.015486675013862555, "2": 0.02264649760055113, "3": 0.03072841302895967, "4": 0.021574037887091817, "5": 0.03937204297927228, "6": 0.029441644327562615, "7": 0.03334806748599932, "8": 0.027107119672458335, "9": 0.031678676480726094, "10": 0.06968695487346035, "11": 0.06821160343802292, "12": 0.06487898145719903, "13": 0.03542374971420564, "14": 0.040088974472701086, "15": 0.0813583427981869, "16": 0.05055134585257498, "17": 0.05373202992957528, "18": 0.04908055159594118, "19": 0.03445288744686956, "20": 0.04491876388127399, "21": 0.03918570791560459, "22": 0.0546173915391577, "23": 0.04663163350474973, "24": 0.015797907103993213, "start": 15.0, "end": 22.0}, "night": {"1": 0.02378161430723218, "2": 0.027990851706662663, "3": 0.04093301306630712, "4": 0.0267301931822247, "5": 0.029778311211519852, "6": 0.0370078704278713, "7": 0.034755824457082876, "8": 0.02918957776793656, "9": 0.03428098655502275, "10": 0.05896062933984834, "11": 0.07367213006947083, "12": 0.07213013473194194, "13": 0.03464267529736126, "14": 0.03914530029759339, "15": 0.059972838221637015, "16": 0.05134819112024165, "17": 0.055151726312187475, "18": 0.051566839628026995, "19": 0.0366214806178477, "20": 0.03587500879740212, "21": 0.036744884273968714, "22": 0.049491895680625606, "23": 0.040931707596458866, "24": 0.019296315333528075, "start": 22.0, "end": 10.0}}