{"morning": {"0": 0.04635035527158374, "1": 0.06439112701402243, "2": 0.05868291660768152, "3": 0.06874713557352367, "4": 0.04713952669197294, "5": 0.05409133181082842, "6": 0.056151633717834167, "7": 0.049012467733340524, "8": 0.02875174139996702, "9": 0.0314027576897779, "10": 0.04315996056522339, "11": 0.048126808066926825, "12": 0.062349526583585, "13": 0.026681734658921662, "14": 0.030677563000424558, "15": 0.038439611695936945, "16": 0.028159047503335005, "17": 0.05306856458242964, "18": 0.029978121609358425, "19": 0.026411890944273864, "20": 0.0317190138597623, "21": 0.022743187381998733, "22": 0.03049577063943261, "23": 0.023268205397858715, "start": 3.0, "end": 6.0}, "noon": {"0": 0.048336576873607075, "1": 0.0477816612860461, "2": 0.052329997653126736, "3": 0.060565506818365415, "4": 0.04084155457526838, "5": 0.05365230525518865, "6": 0.05760829697065531, "7": 0.05014321493784717, "8": 0.03392202101904015, "9": 0.03692464543691116, "10": 0.05192670893400312, "11": 0.06183376436522082, "12": 0.062328117468136414, "13": 0.02796062795249975, "14": 0.031012874498361223, "15": 0.04059665249372058, "16": 0.02577827234908026, "17": 0.03740707030773943, "18": 0.027183012065089718, "19": 0.02660115054378938, "20": 0.03387176568911394, "21": 0.025541036989595006, "22": 0.03586873490237009, "23": 0.02998443061522411, "start": 6.0, "end": 11.0}, "afternoon": {"0": 0.05092282571240624, "1": 0.05207708828715201, "2": 0.05095758620765237, "3": 0.05639953493860076, "4": 0.03879643838132506, "5": 0.05666714051570059, "6": 0.05458915472989123, "7": 0.04670775510186528, "8": 0.03038136612545063, "9": 0.03979853286659897, "10": 0.049410124784966446, "11": 0.05812813139563838, "12": 0.07359049253688091, "13": 0.033195944738934065, "14": 0.02920572443658199, "15": 0.039383317846013316, "16": 0.025850674666821425, "17": 0.03976661877844453, "18": 0.0277764516696543, "19": 0.027633680567737375, "20": 0.035464240945073146, "21": 0.025583718092524854, "22": 0.03194675922905094, "23": 0.025766697445035208, "start": 11.0, "end": 12.0}, "evening": {"0": 0.04525204447629332, "1": 0.04204342044193198, "2": 0.04992653086087412, "3": 0.06120866617614675, "4": 0.04549841289764097, "5": 0.06184707344755575, "6": 0.05473902538604092, "7": 0.0492990778334782, "8": 0.030286381423750938, "9": 0.03646610677562352, "10": 0.042250589632905004, "11": 0.0523012019672686, "12": 0.059147913030241306, "13": 0.02909588856614542, "14": 0.03371060949682412, "15": 0.04469467525315727, "16": 0.028757267889674597, "17": 0.0543071834543703, "18": 0.02953229973396075, "19": 0.02411032541844768, "20": 0.030703762834471376, "21": 0.02743724832022471, "22": 0.036578528261229974, "23": 0.03080576642174244, "start": 12.0, "end": 23.0}, "night": {"0": 0.03944508415771726, "1": 0.06923508501540966, "2": 0.07049034671948656, "3": 0.07701772422163654, "4": 0.05054368820579861, "5": 0.0456486538460168, "6": 0.06017242883582253, "7": 0.04801814243271444, "8": 0.03149409103032087, "9": 0.035365903017339155, "10": 0.03767231122374592, "11": 0.05469706655396326, "12": 0.067703219464312, "13": 0.028396236577441475, "14": 0.030598874554520122, "15": 0.03020705812951592, "16": 0.026294201601614515, "17": 0.05068999727004913, "18": 0.027289761937791465, "19": 0.020202392609024154, "20": 0.022493009984037193, "21": 0.021940027589651506, "22": 0.030378687939048795, "23": 0.024006007083022102, "start": 23.0, "end": 3.0}}