{"morning": {"0": 0.03150808999990616, "1": 0.05108428135324202, "2": 0.06502899779759932, "3": 0.07044316675421883, "4": 0.04396450051052104, "5": 0.053769871282466054, "6": 0.05116613975787809, "7": 0.04491374689461576, "8": 0.029900145708914153, "9": 0.033384830974718234, "10": 0.047117292170839625, "11": 0.052327704683619365, "12": 0.05587769759060132, "13": 0.03096127312537691, "14": 0.0327980541348906, "15": 0.04347318499565986, "16": 0.029457561838698115, "17": 0.05125130447437433, "18": 0.03219490113829514, "19": 0.02834269213871094, "20": 0.03621330564590599, "21": 0.028070250512265617, "22": 0.03363564791825509, "23": 0.023115358598427397, "start": 3.0, "end": 5.0}, "noon": {"0": 0.033916763079038265, "1": 0.04467642142823099, "2": 0.0597804881653822, "3": 0.06361011882320208, "4": 0.03986959088045018, "5": 0.051730341831213764, "6": 0.05240487435072985, "7": 0.046486926790245034, "8": 0.032521448469442285, "9": 0.035950785205792965, "10": 0.05668931657286273, "11": 0.060521608991569616, "12": 0.05355396662430466, "13": 0.029179868286451343, "14": 0.032242851857659065, "15": 0.043499815911228805, "16": 0.026570974829806946, "17": 0.03898096631617617, "18": 0.02886281623981425, "19": 0.02957212208109714, "20": 0.04076537002059151, "21": 0.030671037744550825, "22": 0.03875035790760684, "23": 0.029191167592552518, "start": 5.0, "end": 11.0}, "afternoon": {"0": 0.037044576717219745, "1": 0.04571438662369118, "2": 0.056289916975084085, "3": 0.06198837664371886, "4": 0.03768868408150025, "5": 0.0544386123522733, "6": 0.04898946573503368, "7": 0.04210902263752176, "8": 0.029177124374260666, "9": 0.038337263920046036, "10": 0.053354121598709794, "11": 0.05723011931234239, "12": 0.06259972683299006, "13": 0.03588339773632296, "14": 0.0317044626629865, "15": 0.042974909457804744, "16": 0.026848209379036276, "17": 0.04030682539163809, "18": 0.03142618705447063, "19": 0.03160696950281201, "20": 0.042689238502028014, "21": 0.03144642314594784, "22": 0.03498024932030151, "23": 0.025171730042259647, "start": 11.0, "end": 12.0}, "evening": {"0": 0.03658171465244237, "1": 0.03899945098409873, "2": 0.052265213924103944, "3": 0.06612305254728336, "4": 0.044518763549418354, "5": 0.056661280303802825, "6": 0.04778368959790375, "7": 0.044212269148945126, "8": 0.0311524266918269, "9": 0.03725172919294954, "10": 0.043438351792819886, "11": 0.055803905982045314, "12": 0.05388779689582742, "13": 0.03180476315147914, "14": 0.03425284019825632, "15": 0.046993817662562616, "16": 0.030462661150762606, "17": 0.054488048668776656, "18": 0.03262441216028163, "19": 0.02750691874064836, "20": 0.034744914166514464, "21": 0.031015220059447075, "22": 0.038236356410135286, "23": 0.029190402367668324, "start": 12.0, "end": 22.0}, "night": {"0": 0.03007372672325829, "1": 0.059761257561987066, "2": 0.0721484417223608, "3": 0.07870902324602963, "4": 0.04880416440423639, "5": 0.04578757814433744, "6": 0.05455687055617154, "7": 0.04505068273157634, "8": 0.03147011421930723, "9": 0.03607626925300917, "10": 0.041158771920489064, "11": 0.05756413692672943, "12": 0.05890645453836084, "13": 0.03132112687773576, "14": 0.0322937065259874, "15": 0.035733086055887694, "16": 0.02849010301612239, "17": 0.0482825483287946, "18": 0.02932449818885543, "19": 0.02325765316000548, "20": 0.026945696965962156, "21": 0.02734737392598964, "22": 0.03318731473771527, "23": 0.02374940026909097, "start": 22.0, "end": 3.0}}