{"start": {"morning": {"1": 0.2669734500448143, "2": 0.07213432730009227, "3": 0.21969821317338792, "4": 0.10568000987757883, "5": 0.09724459144971923, "6": 0.04313734264866129, "7": 0.052993125873169594, "8": 0.010262263668758466, "9": 0.034229698450469456, "10": 0.03754344090155373, "11": 0.024347379316281115, "12": 0.035756157295514006}, "noon": {"1": 0.3200874159197846, "2": 0.06627395809485552, "3": 0.16549642044837737, "4": 0.1006431849628919, "5": 0.05045336066059955, "6": 0.029609307339855503, "7": 0.0730617393992229, "8": 0.013561223551783385, "9": 0.0435479057877612, "10": 0.06604616193001744, "11": 0.04818001215205976, "12": 0.02303930975279089}, "afternoon": {"1": 0.3280975807575089, "2": 0.07004447270357574, "3": 0.1581180852440487, "4": 0.10621087991518291, "5": 0.09477835841296357, "6": 0.025931879499919847, "7": 0.04814871972277592, "8": 0.010086419565196732, "9": 0.03378063542867974, "10": 0.05767324028568812, "11": 0.030416827083810934, "12": 0.03671290138064908}, "evening": {"1": 0.35906099507440475, "2": 0.06410857999079615, "3": 0.13880058486515565, "4": 0.1414312239272475, "5": 0.07520607627063902, "6": 0.0253464540098549, "7": 0.03252653590922466, "8": 0.009545398777228405, "9": 0.05173424267352849, "10": 0.023880128225167878, "11": 0.04353083049283518, "12": 0.0348289497839176}, "night": {"1": 0.2432392554391343, "2": 0.09043459543608943, "3": 0.2888961027383616, "4": 0.08520413681400689, "5": 0.061754030897635474, "6": 0.03370882590390599, "7": 0.03314007160834354, "8": 0.010269962992381785, "9": 0.025752581043424653, "10": 0.06101866935964489, "11": 0.024511892499076517, "12": 0.0420698752679951}}, "end": {"morning": {"1": 0.15707764074076982, "2": 0.09234104200097452, "3": 0.1553176351043495, "4": 0.13168968743186396, "5": 0.10694845267089059, "6": 0.05356825648049469, "7": 0.0706310243849491, "8": 0.01723194075084279, "9": 0.05900638926080186, "10": 0.05576774376371378, "11": 0.0423195359837003, "12": 0.05810065142664921}, "noon": {"1": 0.1369227022846801, "2": 0.09758969817178358, "3": 0.13813181307607228, "4": 0.09782491384609417, "5": 0.08824041238896932, "6": 0.06914873887900756, "7": 0.06944619406850229, "8": 0.027770337358091663, "9": 0.06540720330613199, "10": 0.07844569722426485, "11": 0.07093064957064774, "12": 0.06014163982575461}, "afternoon": {"1": 0.17159996740733455, "2": 0.08211085543723895, "3": 0.1246252969967338, "4": 0.09974285069289507, "5": 0.12482618170503462, "6": 0.04956944367685545, "7": 0.06361741137495032, "8": 0.02665488322843129, "9": 0.06877030313674336, "10": 0.06401744451193991, "11": 0.04787617935942755, "12": 0.0765891824724151}, "evening": {"1": 0.14263041909677412, "2": 0.08317009359517781, "3": 0.11010705695679084, "4": 0.12357476854924776, "5": 0.1036944393109936, "6": 0.061639912321918185, "7": 0.050855959917102456, "8": 0.023145460654145505, "9": 0.08696456164316953, "10": 0.051945933363922225, "11": 0.0815145990650638, "12": 0.08075679552569397}, "night": {"1": 0.17554586253584936, "2": 0.09708165522988688, "3": 0.12654158759348205, "4": 0.10829804659507025, "5": 0.08351672946199265, "6": 0.04782141937624025, "7": 0.06661000901394146, "8": 0.018381418522770726, "9": 0.053312363393525304, "10": 0.09573396204906037, "11": 0.04580258339096449, "12": 0.0813543628372162}}}