{"morning": {"1": 0.2361834628149742, "2": 0.1651233599507871, "3": 0.14864451348622995, "4": 0.11874723190044953, "5": 0.08609175850828572, "6": 0.03315192306388866, "7": 0.02667744622253051, "8": 0.024767705757147998, "9": 0.0253390933611364, "10": 0.05924647942020518, "11": 0.03124101747753495, "12": 0.04478600803682999}, "noon": {"1": 0.2891464551707413, "2": 0.16692499383851586, "3": 0.12269551456458597, "4": 0.1017261019768397, "5": 0.06879738948999345, "6": 0.040039546631285894, "7": 0.03435597144816214, "8": 0.025032104933853928, "9": 0.030366070845702458, "10": 0.05074631838507587, "11": 0.03258851311018064, "12": 0.03758101960506277}, "afternoon": {"1": 0.22568137833467677, "2": 0.16333215938619566, "3": 0.12969174526355792, "4": 0.11626693829393242, "5": 0.07281362714097248, "6": 0.040726637075494634, "7": 0.04055503579803956, "8": 0.03570435058515292, "9": 0.03166238733517298, "10": 0.057675161516625426, "11": 0.036016119597371776, "12": 0.04987445967280749}, "evening": {"1": 0.25362677130535893, "2": 0.2176732302750831, "3": 0.17289759651476846, "4": 0.11836317141758328, "5": 0.04802746713759226, "6": 0.017134309539003557, "7": 0.018602216148916197, "8": 0.018703885718004982, "9": 0.018170403828220237, "10": 0.04929731200600552, "11": 0.0350085225159183, "12": 0.0324951135935452}, "night": {"1": 0.21402695979783673, "2": 0.1885992209291976, "3": 0.16755291994165508, "4": 0.0989972618196491, "5": 0.08437096167161276, "6": 0.033058505338051124, "7": 0.038270782167376276, "8": 0.03325951671212001, "9": 0.03425986228920578, "10": 0.04814333683511071, "11": 0.02278583995711822, "12": 0.036674832541066425}}