{"morning": {"1": 0.2361834628149742, "2": 0.1651233599507871, "3": 0.14864451348622995, "4": 0.11874723190044953, "17": 0.08609175850828572, "6": 0.03315192306388866, "7": 0.02667744622253051, "8": 0.024767705757147998, "9": 0.0253390933611364, "10": 0.05924647942020518, "11": 0.03124101747753495, "12": 0.04478600803682999, "start": 1.0, "end": 2.0}, "noon": {"13": 0.2891464551707413, "2": 0.16692499383851586, "3": 0.12269551456458597, "16": 0.1017261019768397, "5": 0.06879738948999345, "6": 0.040039546631285894, "19": 0.03435597144816214, "20": 0.025032104933853928, "21": 0.030366070845702458, "10": 0.05074631838507587, "11": 0.03258851311018064, "12": 0.03758101960506277, "start": 2.0, "end": 3.0}, "afternoon": {"13": 0.22568137833467677, "14": 0.16333215938619566, "3": 0.12969174526355792, "4": 0.11626693829393242, "5": 0.07281362714097248, "6": 0.040726637075494634, "7": 0.04055503579803956, "8": 0.03570435058515292, "9": 0.03166238733517298, "10": 0.057675161516625426, "11": 0.036016119597371776, "12": 0.04987445967280749, "start": 3.0, "end": 13.0}, "evening": {"13": 0.25362677130535893, "14": 0.2176732302750831, "15": 0.17289759651476846, "16": 0.11836317141758328, "17": 0.04802746713759226, "6": 0.017134309539003557, "19": 0.018602216148916197, "20": 0.018703885718004982, "21": 0.018170403828220237, "22": 0.04929731200600552, "23": 0.0350085225159183, "12": 0.0324951135935452, "start": 13.0, "end": 14.0}, "night": {"1": 0.21402695979783673, "14": 0.1885992209291976, "15": 0.16755291994165508, "16": 0.0989972618196491, "17": 0.08437096167161276, "18": 0.033058505338051124, "19": 0.038270782167376276, "20": 0.03325951671212001, "21": 0.03425986228920578, "22": 0.04814333683511071, "23": 0.02278583995711822, "24": 0.036674832541066425, "start": 14.0, "end": 1.0}}