{"morning": {"0": 0.02998632979337359, "1": 0.12327418557513331, "2": 0.08026830486083049, "3": 0.0693896236294634, "4": 0.057675848597503514, "5": 0.052619479452685546, "6": 0.04327036484652653, "7": 0.0421937918466784, "8": 0.03874086480012697, "9": 0.0470826938800964, "10": 0.05355433437822446, "11": 0.035299425722296905, "12": 0.054241261807208896, "13": 0.0178037313987455, "14": 0.02513610453502892, "15": 0.04339732233254664, "16": 0.024385435814504353, "17": 0.025471556656833354, "18": 0.03355058540713227, "19": 0.025560549019756764, "20": 0.02641351175118921, "21": 0.014229996022571629, "22": 0.017796686451897907, "23": 0.018658011419645043, "start": 1.0, "end": 2.0}, "noon": {"0": 0.03872001691700545, "1": 0.11513959732166294, "2": 0.07285721524487503, "3": 0.0635566905738097, "4": 0.047179537466977776, "5": 0.047040067824880814, "6": 0.04267883328713065, "7": 0.038747958307310905, "8": 0.033695771437298384, "9": 0.03819360967520219, "10": 0.045599566707630455, "11": 0.04041143196338609, "12": 0.06352133319994795, "13": 0.01950572488930519, "14": 0.02914388094307067, "15": 0.05190980329486484, "16": 0.026533708282041924, "17": 0.03070967277685949, "18": 0.04221606198446265, "19": 0.029238513175085454, "20": 0.02592941540030093, "21": 0.014968506064708646, "22": 0.020640890960685648, "23": 0.02186219230149629, "start": 2.0, "end": 3.0}, "afternoon": {"0": 0.037337686148559396, "1": 0.0941765976659834, "2": 0.06595583716844576, "3": 0.06503605618031129, "4": 0.05918516226173894, "5": 0.0531632952300353, "6": 0.041517599261360054, "7": 0.04442647943360859, "8": 0.036310137166071225, "9": 0.03977485840718579, "10": 0.049279497197506295, "11": 0.0369557715607139, "12": 0.063338003171842, "13": 0.01905281016980977, "14": 0.027286685739938556, "15": 0.04266511819150833, "16": 0.021893475117584354, "17": 0.02738359517225929, "18": 0.04725882337137255, "19": 0.03245977519730784, "20": 0.030115648119254823, "21": 0.01669619837742284, "22": 0.024897243241972247, "23": 0.0238336464482075, "start": 3.0, "end": 4.0}, "evening": {"0": 0.03449549025054784, "1": 0.12414160575827941, "2": 0.1004283112242607, "3": 0.0879649575438379, "4": 0.06628685171977804, "5": 0.054203955177841406, "6": 0.04117641553816171, "7": 0.03491840813794795, "8": 0.03390865688234409, "9": 0.04162917835545891, "10": 0.05473620343681624, "11": 0.03169714020302538, "12": 0.05335315413782338, "13": 0.015330086633409184, "14": 0.02206401343227267, "15": 0.03939306984388156, "16": 0.020889570612881804, "17": 0.021504618433911, "18": 0.027903388725488216, "19": 0.021733664826463907, "20": 0.025582086987394722, "21": 0.012494720510639719, "22": 0.016515759843107016, "23": 0.017648691784427174, "start": 4.0, "end": 5.0}, "night": {"0": 0.03281986863253956, "1": 0.114047196698029, "2": 0.09188862153504446, "3": 0.06864272669778387, "4": 0.05709361455892028, "5": 0.05258431404174127, "6": 0.03635709406738483, "7": 0.04521364615240687, "8": 0.040787531593520956, "9": 0.03998074226229977, "10": 0.05302056468098099, "11": 0.03241866404182924, "12": 0.05280990268202868, "13": 0.01911015903615335, "14": 0.028683992575865885, "15": 0.044150283723704054, "16": 0.02393650058007976, "17": 0.026379898876299924, "18": 0.03381427431471126, "19": 0.025591827855782037, "20": 0.029216472136321937, "21": 0.015206003892834887, "22": 0.01901338758272272, "23": 0.01723271178101436, "start": 5.0, "end": 1.0}}