{"morning": {"1": 0.028617631541604422, "2": 0.02266086227566492, "3": 0.024043956953761377, "4": 0.02757947264144368, "5": 0.03244114484994014, "6": 0.024614105521588586, "7": 0.02765496972859633, "8": 0.02939905021839869, "9": 0.027405646729004512, "10": 0.0859880604813641, "11": 0.05121195496888965, "12": 0.07805961879733064, "13": 0.029296366311547205, "14": 0.03879821197207464, "15": 0.07715346004016353, "16": 0.05250657455091705, "17": 0.04644325760743448, "18": 0.07362506620753981, "19": 0.051383422284077475, "20": 0.05916897288745272, "21": 0.029544658741822827, "22": 0.03374924751267063, "23": 0.0355448419135721, "24": 0.013109445263140448, "start": 10.0, "end": 12.0}, "noon": {"1": 0.026443036765821937, "2": 0.018166073334339183, "3": 0.018990133423828895, "4": 0.019570765543704186, "5": 0.024285294905850408, "6": 0.02392693450478329, "7": 0.023078650678737482, "8": 0.021745420968219194, "9": 0.021854495872242672, "10": 0.0701148951430941, "11": 0.05534187307070478, "12": 0.08536824911228195, "13": 0.030140488678061676, "14": 0.04111642053182522, "15": 0.08238046911635152, "16": 0.05600170405255632, "17": 0.05210663960104596, "18": 0.08942163684084432, "19": 0.055097014352312325, "20": 0.05592078717823974, "21": 0.0331171420433532, "22": 0.04314333228783997, "23": 0.041190848777254034, "24": 0.011477693216707625, "start": 12.0, "end": 18.0}, "afternoon": {"1": 0.02939892913261753, "2": 0.018988719061698106, "3": 0.020319797161719312, "4": 0.025234890350703903, "5": 0.029593863742701794, "6": 0.024670804959298978, "7": 0.0218044239827185, "8": 0.02248241566329465, "9": 0.024618386947207565, "10": 0.07501930167654694, "11": 0.051731913628714724, "12": 0.08396954938946719, "13": 0.030547930332060314, "14": 0.04093841015759897, "15": 0.07052722823812005, "16": 0.04778210884714293, "17": 0.045017548137925696, "18": 0.08885569154244596, "19": 0.057304332592037835, "20": 0.061088802331985784, "21": 0.032842700563524244, "22": 0.04325689514426011, "23": 0.040942935333925456, "24": 0.013062421082283457, "start": 18.0, "end": 19.0}, "evening": {"1": 0.02352369203018535, "2": 0.018352417064008086, "3": 0.01902865410126658, "4": 0.021370488232797226, "5": 0.027692414045600695, "6": 0.022375664622498348, "7": 0.02145511648958447, "8": 0.02243027514196357, "9": 0.025228769483065593, "10": 0.08799438460470085, "11": 0.05173421711910027, "12": 0.08743225101835357, "13": 0.03328637192724654, "14": 0.04360671877600333, "15": 0.08118010947768885, "16": 0.05652398528561568, "17": 0.049245298977029436, "18": 0.07517514378120795, "19": 0.056207777321657715, "20": 0.060252696242298044, "21": 0.028933366076211765, "22": 0.03502446057883311, "23": 0.037389045979188275, "24": 0.01455668162389476, "start": 19.0, "end": 20.0}, "night": {"1": 0.03073749126978003, "2": 0.022916796093704915, "3": 0.023028051068623274, "4": 0.027042152092349038, "5": 0.034322238763112856, "6": 0.026379872640596436, "7": 0.028329644525065874, "8": 0.030787605857045958, "9": 0.029614675425206672, "10": 0.07463223536800198, "11": 0.0454633074178999, "12": 0.07851654666058845, "13": 0.03040057695462738, "14": 0.04120887396258282, "15": 0.0772328619068111, "16": 0.05077449612489203, "17": 0.044924573970302424, "18": 0.07458577107382572, "19": 0.05167494501305936, "20": 0.06859083988984967, "21": 0.030359091102732084, "22": 0.03339601747859514, "23": 0.032812838707234095, "24": 0.012268496633512808, "start": 20.0, "end": 10.0}}