{"morning": {"0": 0.03389261570112251, "1": 0.11036330061992239, "2": 0.07562867220944688, "3": 0.0684992681589196, "4": 0.055327895934195896, "5": 0.05345093096754943, "6": 0.04240348191001289, "7": 0.04369028007851753, "8": 0.041341748568841465, "9": 0.04354099253138012, "10": 0.05554917982111153, "11": 0.03644484494465564, "12": 0.05636113263911679, "13": 0.01926885025025791, "14": 0.02511353634920402, "15": 0.0443813879430946, "16": 0.025253564979218733, "17": 0.026422093862772854, "18": 0.03524311199139018, "19": 0.025435366688924217, "20": 0.029032842737447495, "21": 0.015520907154629024, "22": 0.01803342510167114, "23": 0.019800568856597117, "start": 1.0, "end": 2.0}, "noon": {"0": 0.04320674225036019, "1": 0.1196356526220389, "2": 0.06887609273147355, "3": 0.06365133295977288, "4": 0.045652316563742676, "5": 0.04695612383638902, "6": 0.04320233441835341, "7": 0.03887842971815528, "8": 0.034646460340281196, "9": 0.038068260781778725, "10": 0.04562773510984211, "11": 0.04047564814073679, "12": 0.060522682314032836, "13": 0.020191217563260925, "14": 0.02746602941945711, "15": 0.0490194701648361, "16": 0.02673274972527403, "17": 0.030955645549597406, "18": 0.041512843109773455, "19": 0.028830403126081847, "20": 0.027170193050011976, "21": 0.016257965826380286, "22": 0.02029937383423646, "23": 0.02216429684413283, "start": 2.0, "end": 3.0}, "afternoon": {"0": 0.04699149095745769, "1": 0.09322451689277628, "2": 0.06392579435709492, "3": 0.062676749266494, "4": 0.054101770453037254, "5": 0.05235624350806708, "6": 0.04368111305250087, "7": 0.04405160372898566, "8": 0.037195047567471315, "9": 0.04066378741767407, "10": 0.050979236075956495, "11": 0.03709014373726354, "12": 0.060568276572937674, "13": 0.019419179691867326, "14": 0.02675123258745546, "15": 0.04479573805990561, "16": 0.023711523615901193, "17": 0.028926003919460114, "18": 0.04504542734342289, "19": 0.03106173060745232, "20": 0.03025397982047588, "21": 0.016399156401798787, "22": 0.02312649541253369, "23": 0.023003758952009876, "start": 3.0, "end": 4.0}, "evening": {"0": 0.03650230047937167, "1": 0.11123798666564626, "2": 0.08804445682000872, "3": 0.07781847910393279, "4": 0.05872653303838982, "5": 0.05761356224266521, "6": 0.04217954933488536, "7": 0.03915482922947327, "8": 0.03647823304040472, "9": 0.042774812190935055, "10": 0.05586808172649311, "11": 0.03262029322049889, "12": 0.05492074294931264, "13": 0.01842905960132362, "14": 0.02434715637304265, "15": 0.04228920253801211, "16": 0.022263500468445926, "17": 0.023960792863776743, "18": 0.03232819206916809, "19": 0.023585234446469264, "20": 0.028373882026906824, "21": 0.014289182081574297, "22": 0.017470033661068803, "23": 0.018723903828194166, "start": 4.0, "end": 5.0}, "night": {"0": 0.03274034213077564, "1": 0.09886476311952837, "2": 0.07869854635000129, "3": 0.07202952348418055, "4": 0.05685156625803007, "5": 0.062133497054193, "6": 0.03889856016863058, "7": 0.04312357358540535, "8": 0.03885826657310073, "9": 0.044143452666635635, "10": 0.05411804646039908, "11": 0.03589544249306508, "12": 0.05480307510171837, "13": 0.02065197344085229, "14": 0.027090819996210727, "15": 0.04984972942184661, "16": 0.026624593419353432, "17": 0.027511215519868213, "18": 0.03416559142405103, "19": 0.022996591224099062, "20": 0.029595323785389753, "21": 0.015349763280776533, "22": 0.017307780147800995, "23": 0.0176979628940876, "start": 5.0, "end": 1.0}}