{"start": {"morning": {"1": 0.012271555923586985, "2": 0.008596759415748847, "3": 0.010013759559630969, "4": 0.009623451510077211, "5": 0.013005888853603431, "6": 0.01613460071904605, "7": 0.013707231348183357, "8": 0.013361636093244245, "9": 0.014985206673973406, "10": 0.07500164255277889, "11": 0.07222884390597721, "12": 0.07939817638283879, "13": 0.031242659801959304, "14": 0.04213730669957663, "15": 0.10962427769447405, "16": 0.05903058785688939, "17": 0.05691349087467995, "18": 0.11043662304242002, "19": 0.06522939341412766, "20": 0.05951440131367729, "21": 0.033722724013028955, "22": 0.04172227190803621, "23": 0.040526962226879376, "24": 0.011570548215561766}, "noon": {"1": 0.020879169873270962, "2": 0.012502630304460697, "3": 0.014037627273551326, "4": 0.013288631563477874, "5": 0.021382997183599237, "6": 0.025005799312857294, "7": 0.01639673303805922, "8": 0.012486689303301724, "9": 0.016583701864503003, "10": 0.0766411434456776, "11": 0.06745161630324331, "12": 0.08269224851763361, "13": 0.02751097439884168, "14": 0.038056997786237855, "15": 0.0924061733100405, "16": 0.04134364793477118, "17": 0.05020649616649634, "18": 0.09374128461361171, "19": 0.06566228609212801, "20": 0.061196993337130176, "21": 0.037247574837865616, "22": 0.050224758441185055, "23": 0.05149872315618797, "24": 0.01155510194186805}, "afternoon": {"1": 0.01702951317950589, "2": 0.010946824859234976, "3": 0.012521641639170902, "4": 0.013504559600642478, "5": 0.017902799451175115, "6": 0.0207366199377002, "7": 0.011338703806034193, "8": 0.011355325752312169, "9": 0.014660016400974939, "10": 0.059849909102699494, "11": 0.06982939910394913, "12": 0.09490193552100026, "13": 0.02705514980217818, "14": 0.03302676142500588, "15": 0.08873872378674702, "16": 0.05417091115815588, "17": 0.050818844556920595, "18": 0.09134263035416215, "19": 0.060573212894193255, "20": 0.06455489182490284, "21": 0.041372170859707104, "22": 0.05922974162006038, "23": 0.05994863912721281, "24": 0.014591074236354171}, "evening": {"1": 0.02321238577049488, "2": 0.014785819198741867, "3": 0.017234966323028723, "4": 0.016456170061186257, "5": 0.024082169050471447, "6": 0.024720625024801206, "7": 0.01716677620654396, "8": 0.013581974570835187, "9": 0.019240735691161536, "10": 0.10183716396415655, "11": 0.06786685100767824, "12": 0.09201596926889584, "13": 0.028625476769289695, "14": 0.03689841241366914, "15": 0.0923870001053851, "16": 0.043257312618933376, "17": 0.04317615996213569, "18": 0.0879358155348068, "19": 0.051981602887137185, "20": 0.055662874970919964, "21": 0.026578080662264022, "22": 0.04458303922989029, "23": 0.04301980379783143, "24": 0.013692814909741747}, "night": {"1": 0.012290277658863851, "2": 0.009531595614057923, "3": 0.012783762911108689, "4": 0.011084927587048756, "5": 0.017022417202178078, "6": 0.017402888399237017, "7": 0.01305211387700031, "8": 0.01252895639365091, "9": 0.01670448139582511, "10": 0.06911513654665266, "11": 0.059516670699131, "12": 0.07669633171617851, "13": 0.03058559524497166, "14": 0.03972480112654378, "15": 0.09895530825385893, "16": 0.05009111562336804, "17": 0.05839447276174136, "18": 0.10990281350027642, "19": 0.05437945111590532, "20": 0.06368519915746436, "21": 0.041948736110751825, "22": 0.055791616131917895, "23": 0.05253238508195915, "24": 0.01627894589030842}}, "end": {"morning": {"1": 0.011696707322125004, "2": 0.01296532160122859, "3": 0.011900512640994326, "4": 0.01165371103181887, "5": 0.01447434181605068, "6": 0.018332410550504566, "7": 0.014851979737534785, "8": 0.019027425936838052, "9": 0.01376974265454956, "10": 0.06739507112461979, "11": 0.07022961822113907, "12": 0.08500235594370639, "13": 0.026494340939202284, "14": 0.04572480884706577, "15": 0.11047702124188127, "16": 0.06510625903647266, "17": 0.051517848714939606, "18": 0.09257898375274738, "19": 0.05157848317428654, "20": 0.06324024964784122, "21": 0.03707895856989114, "22": 0.0539531821741176, "23": 0.03932317288233648, "24": 0.011627492438108362}, "noon": {"1": 0.011017936536721035, "2": 0.01090125644176444, "3": 0.009918250196955244, "4": 0.00910629211429748, "5": 0.015271289660516867, "6": 0.020377633862796955, "7": 0.011633064071568902, "8": 0.012425531647698823, "9": 0.011875551617882242, "10": 0.05754234400535642, "11": 0.06277349047553717, "12": 0.08906709227498394, "13": 0.027242254941972435, "14": 0.04371438694929518, "15": 0.10348942850276716, "16": 0.05701731323154423, "17": 0.05898961173492681, "18": 0.10153015701191925, "19": 0.06415450195968642, "20": 0.0693068045229037, "21": 0.04520896632938879, "22": 0.05523446751678715, "23": 0.041923413478815535, "24": 0.010278960913913861}, "afternoon": {"1": 0.014801510666076385, "2": 0.012046501723399666, "3": 0.012392490242191826, "4": 0.013704682219966347, "5": 0.020333911925800877, "6": 0.026519843155806414, "7": 0.015135764227946952, "8": 0.015788933442855937, "9": 0.01654676441047162, "10": 0.06440656311072476, "11": 0.07886480291847267, "12": 0.11714379538608538, "13": 0.02626864597016782, "14": 0.03442166738999852, "15": 0.08854892116252364, "16": 0.055480489593409385, "17": 0.04912684139010221, "18": 0.08814220704605419, "19": 0.05304862798332918, "20": 0.06301590534620875, "21": 0.0338566259569573, "22": 0.05097531525656773, "23": 0.03933417773311943, "24": 0.010095011741762989}, "evening": {"1": 0.020062042511741703, "2": 0.01694558534958331, "3": 0.016219821933352144, "4": 0.016506538953751086, "5": 0.025753978768686278, "6": 0.02966770408874113, "7": 0.01892965215574171, "8": 0.01774428959890261, "9": 0.018383813426865323, "10": 0.08312979789659686, "11": 0.07669047811546527, "12": 0.10693795633550689, "13": 0.025617734088456797, "14": 0.04315928314998374, "15": 0.0850866217521315, "16": 0.04417944734311394, "17": 0.04533547034737101, "18": 0.07916741698005814, "19": 0.0490109710384207, "20": 0.05821413587241091, "21": 0.030975108898282235, "22": 0.04874612289917004, "23": 0.03237776908532751, "24": 0.011158259410339176}, "night": {"1": 0.012933043149620448, "2": 0.012978101626713633, "3": 0.014436463484347593, "4": 0.01337483912994823, "5": 0.02060828861077366, "6": 0.020476582937656588, "7": 0.0158122605220492, "8": 0.01580530476115856, "9": 0.018654108834772875, "10": 0.06559961546955666, "11": 0.07629042269373319, "12": 0.07442537490638641, "13": 0.030479326635439993, "14": 0.043221369040954985, "15": 0.10394143155515499, "16": 0.058659890281824605, "17": 0.06379591117868157, "18": 0.08480115967485258, "19": 0.049473567107719905, "20": 0.056720745700486096, "21": 0.04362111869865835, "22": 0.05127909673146195, "23": 0.04168332334521103, "24": 0.010928653922837045}}}