{"morning": {"start": 1.0, "end": 2.0}, "noon": {"start": 1.9999999999999858, "end": 2.999999999999986}, "afternoon": {"start": 2.999999999999986, "end": 12.0}, "evening": {"start": 12.0, "end": 15.0}, "night": {"start": 15.0, "end": 1.0}}