{"morning": {"1": 0.04435665887119952, "2": 0.10232131951427355, "3": 0.10257012995148186, "4": 0.08926738259993969, "5": 0.07883488531468949, "6": 0.0872858548048079, "7": 0.06009298132175608, "8": 0.050583877203425484, "9": 0.05172054711375992, "10": 0.11708062841570654, "11": 0.08826792478901391, "12": 0.1276178100999462}, "noon": {"1": 0.04031317219369209, "2": 0.10769376079930844, "3": 0.08294518866525055, "4": 0.0968619152043732, "5": 0.06504608485760421, "6": 0.07439201509783755, "7": 0.05357413346993255, "8": 0.04883038370194595, "9": 0.05146411223460164, "10": 0.13216621342498827, "11": 0.11126116326106036, "12": 0.13545185708940516}, "afternoon": {"1": 0.04559032758106336, "2": 0.11396254365524085, "3": 0.08090534283865616, "4": 0.07588642328121427, "5": 0.0734221065251243, "6": 0.07393131155769007, "7": 0.05772421379129422, "8": 0.05399460820326247, "9": 0.060044452244917265, "10": 0.12795145963182858, "11": 0.08875567242445852, "12": 0.1478315382652501}, "evening": {"1": 0.05605549844016389, "2": 0.11889684091281864, "3": 0.12037334405618538, "4": 0.08497660418746808, "5": 0.08432661632861785, "6": 0.08752513475371045, "7": 0.07055336555846835, "8": 0.055386354189799994, "9": 0.05656200252803271, "10": 0.10770438604177568, "11": 0.0600166212915771, "12": 0.09762323171138189}, "night": {"1": 0.051597748939204324, "2": 0.1312520884015532, "3": 0.11562622668592155, "4": 0.08377924777002169, "5": 0.07196946375249418, "6": 0.07418752174171742, "7": 0.06170527843070743, "8": 0.04714842501528217, "9": 0.05127429085347994, "10": 0.12034611230294064, "11": 0.08427402185174367, "12": 0.10683957425493382}}