{"morning": {"0": 0.05281218849656247, "1": 0.08474221150500866, "2": 0.048697302081441324, "3": 0.04634628781638792, "4": 0.02692589783439242, "5": 0.05650861037346971, "6": 0.05647923414252412, "7": 0.05188480155136479, "8": 0.029483329020511675, "9": 0.04090424105800496, "10": 0.048088936072203076, "11": 0.04124894352200688, "12": 0.04565345664806864, "13": 0.021585335618410875, "14": 0.039940204872175256, "15": 0.08662533385449005, "16": 0.030240592082385418, "17": 0.026606551918593162, "18": 0.03189173664702018, "19": 0.03177065679668156, "20": 0.0347241098527559, "21": 0.020646171383024863, "22": 0.024690047110124368, "23": 0.021503819742391773, "start": 1.0, "end": 5.0}, "noon": {"0": 0.04473861623692276, "1": 0.08696961393294929, "2": 0.046835057023964496, "3": 0.04101334320715824, "4": 0.029320728723863335, "5": 0.0491426309454387, "6": 0.055697276809503794, "7": 0.04399867451918813, "8": 0.031030238187741435, "9": 0.04329799368514932, "10": 0.05096182388591322, "11": 0.03980867746668523, "12": 0.05441000902700957, "13": 0.02284693412466847, "14": 0.041408517512593813, "15": 0.08154727595215805, "16": 0.03581255619763615, "17": 0.029971864850796268, "18": 0.03303485747144536, "19": 0.03210885517846807, "20": 0.035784531101460945, "21": 0.021063437752499563, "22": 0.026174336902353067, "23": 0.023022149304432797, "start": 5.0, "end": 6.0}, "afternoon": {"0": 0.04469683361076766, "1": 0.09404173982412514, "2": 0.05636312628177201, "3": 0.04951789633298806, "4": 0.029220922804958614, "5": 0.04290276835239739, "6": 0.05644249782378533, "7": 0.04819282923895182, "8": 0.034402879148052276, "9": 0.04602473879212411, "10": 0.05074901503383339, "11": 0.04253159633821265, "12": 0.054399695322071735, "13": 0.023402974571771602, "14": 0.04187116329578269, "15": 0.07342384988734489, "16": 0.02960595644863928, "17": 0.026076545822798485, "18": 0.029455383426657836, "19": 0.029711947956415567, "20": 0.030937291863727186, "21": 0.019546291328173582, "22": 0.024891473711311417, "23": 0.021590582783337354, "start": 6.0, "end": 12.0}, "evening": {"0": 0.032792698884870984, "1": 0.1220586558448746, "2": 0.05829338609531704, "3": 0.050427053403920154, "4": 0.030049144709832172, "5": 0.04301962204766473, "6": 0.04379387708928329, "7": 0.05060506542525961, "8": 0.03074670164662284, "9": 0.03923646382475789, "10": 0.04118294829543919, "11": 0.03864441243289782, "12": 0.04891192886113418, "13": 0.024309810409966093, "14": 0.033778352395029375, "15": 0.08098802728292859, "16": 0.034039553471441136, "17": 0.028000684704276062, "18": 0.03561649994354325, "19": 0.03134651031690776, "20": 0.03699988307167144, "21": 0.020617597034292046, "22": 0.02400120636063979, "23": 0.02053991644742995, "start": 12.0, "end": 15.0}, "night": {"0": 0.02922722762647395, "1": 0.1003358029769243, "2": 0.048952340125110995, "3": 0.044554022754758456, "4": 0.029417972267457303, "5": 0.0381776275801637, "6": 0.0549891791495259, "7": 0.04595653576187362, "8": 0.03235336448563948, "9": 0.039099928462777905, "10": 0.04306203367460881, "11": 0.03620458245614546, "12": 0.05189780339946343, "13": 0.024767764347463344, "14": 0.04215206151160904, "15": 0.09330769364099699, "16": 0.032656298143640274, "17": 0.030819485563433953, "18": 0.03569038275313394, "19": 0.03726505093725176, "20": 0.040101473467508454, "21": 0.022105839673474476, "22": 0.02405363379045493, "23": 0.022851895450109523, "start": 15.0, "end": 1.0}}