{"morning": {"13": 0.04435665887119952, "14": 0.10232131951427355, "3": 0.10257012995148186, "4": 0.08926738259993969, "5": 0.07883488531468949, "6": 0.0872858548048079, "7": 0.06009298132175608, "8": 0.050583877203425484, "9": 0.05172054711375992, "10": 0.11708062841570654, "11": 0.08826792478901391, "12": 0.1276178100999462, "start": 3.0, "end": 10.0}, "noon": {"13": 0.04031317219369209, "14": 0.10769376079930844, "15": 0.08294518866525055, "16": 0.0968619152043732, "17": 0.06504608485760421, "18": 0.07439201509783755, "19": 0.05357413346993255, "8": 0.04883038370194595, "9": 0.05146411223460164, "10": 0.13216621342498827, "11": 0.11126116326106036, "12": 0.13545185708940516, "start": 10.0, "end": 12.0}, "afternoon": {"13": 0.04559032758106336, "14": 0.11396254365524085, "15": 0.08090534283865616, "16": 0.07588642328121427, "17": 0.0734221065251243, "18": 0.07393131155769007, "19": 0.05772421379129422, "20": 0.05399460820326247, "9": 0.060044452244917265, "10": 0.12795145963182858, "11": 0.08875567242445852, "12": 0.1478315382652501, "start": 12.0, "end": 14.0}, "evening": {"13": 0.05605549844016389, "14": 0.11889684091281864, "15": 0.12037334405618538, "16": 0.08497660418746808, "17": 0.08432661632861785, "18": 0.08752513475371045, "19": 0.07055336555846835, "20": 0.055386354189799994, "21": 0.05656200252803271, "22": 0.10770438604177568, "11": 0.0600166212915771, "24": 0.09762323171138189, "start": 14.0, "end": 22.0}, "night": {"1": 0.051597748939204324, "2": 0.1312520884015532, "3": 0.11562622668592155, "4": 0.08377924777002169, "5": 0.07196946375249418, "6": 0.07418752174171742, "7": 0.06170527843070743, "8": 0.04714842501528217, "21": 0.05127429085347994, "22": 0.12034611230294064, "23": 0.08427402185174367, "24": 0.10683957425493382, "start": 22.0, "end": 3.0}}