{"morning": {"0": 0.04292353257327681, "1": 0.09027964219061058, "2": 0.056037904763313884, "3": 0.05411330232928797, "4": 0.02762697763102521, "5": 0.045780552518395974, "6": 0.054877768280270585, "7": 0.05805118290609621, "8": 0.030203233684848105, "9": 0.04935859791693457, "10": 0.047436798119805855, "11": 0.041042400038491036, "12": 0.04103770762732036, "13": 0.020892101619209787, "14": 0.04074184087594747, "15": 0.0878493966655469, "16": 0.031107619971880076, "17": 0.026236776623775937, "18": 0.030061083074805095, "19": 0.03019563663662451, "20": 0.034781974656502464, "21": 0.01960139920383575, "22": 0.021741488890021633, "23": 0.018021081202173227, "start": 1.0, "end": 2.0}, "noon": {"0": 0.03903123044307489, "1": 0.10344520917258006, "2": 0.07887308012529172, "3": 0.04726472515047398, "4": 0.025984838989099757, "5": 0.04236255084853859, "6": 0.05565703037731473, "7": 0.03936141883787318, "8": 0.029667516864797353, "9": 0.03674468930871033, "10": 0.04628956550398982, "11": 0.036945699541924414, "12": 0.047433462804263554, "13": 0.020495053222508306, "14": 0.03902283935509582, "15": 0.07974611385906959, "16": 0.03627493430512594, "17": 0.030371825910852527, "18": 0.03352788292640166, "19": 0.03202432162640697, "20": 0.036165147437703125, "21": 0.02039000735970113, "22": 0.02360555028373382, "23": 0.01931530574546874, "start": 2.0, "end": 3.0}, "afternoon": {"0": 0.0470822484634451, "1": 0.08958192395370042, "2": 0.0684731392424882, "3": 0.053388897355784525, "4": 0.028827040742445766, "5": 0.042513093270982794, "6": 0.05560861362581803, "7": 0.050223028016159514, "8": 0.030256166275395662, "9": 0.049317799403610744, "10": 0.04998747407146988, "11": 0.041605662254879515, "12": 0.05044084109577759, "13": 0.02171485782969165, "14": 0.04346291146685482, "15": 0.07861634260014948, "16": 0.0290871300946498, "17": 0.025522867961459802, "18": 0.028393489809663806, "19": 0.02793990559091293, "20": 0.031420891420724774, "21": 0.017602783749062458, "22": 0.02155176057270645, "23": 0.017381131132166338, "start": 3.0, "end": 14.0}, "evening": {"0": 0.03802479371230259, "1": 0.14947188996358812, "2": 0.06722932651462554, "3": 0.05155250340517766, "4": 0.027427329973240804, "5": 0.042082810909398, "6": 0.04694583126538197, "7": 0.04593412233621688, "8": 0.028410960384866134, "9": 0.038288773757214296, "10": 0.04037177755961536, "11": 0.03789018489326921, "12": 0.04212704422127527, "13": 0.022692150834677082, "14": 0.03142069054147524, "15": 0.07092598845627071, "16": 0.03207298955722169, "17": 0.026557788280895958, "18": 0.03363642436589027, "19": 0.03184542409672635, "20": 0.037535721989733824, "21": 0.01983123791332452, "22": 0.02083674977985479, "23": 0.01688748528775774, "start": 14.0, "end": 15.0}, "night": {"0": 0.031774206126462395, "1": 0.12781131272964935, "2": 0.05098143786714766, "3": 0.044571057476204115, "4": 0.028758242199174232, "5": 0.04153921741951653, "6": 0.0556508378461707, "7": 0.044144013643242136, "8": 0.0313709375060488, "9": 0.03608941017966154, "10": 0.04293608995631327, "11": 0.034416647606173405, "12": 0.04919135656319399, "13": 0.023195589322399825, "14": 0.0425837043503057, "15": 0.0812081942485376, "16": 0.033563753191500414, "17": 0.03037206516482, "18": 0.035653861283121084, "19": 0.03657272488716259, "20": 0.03770199741021504, "21": 0.02116329357586912, "22": 0.020668649203815868, "23": 0.01808140024329465, "start": 15.0, "end": 1.0}}