{"start": {"morning": {"1": 0.08607616257155154, "2": 0.09050907971632716, "3": 0.10044195911423862, "4": 0.06252963696586233, "5": 0.11360529184708344, "6": 0.11873296099062902, "7": 0.052922816486000446, "8": 0.04625842993687922, "9": 0.0552870493228736, "10": 0.120747096432056, "11": 0.06620542487219121, "12": 0.08668409174430741}, "noon": {"1": 0.14647050921081464, "2": 0.11132404954598768, "3": 0.11968065562839866, "4": 0.07424351004810514, "5": 0.11525129533022685, "6": 0.0937925167834983, "7": 0.04620483094790641, "8": 0.02955177788146752, "9": 0.032857476141469964, "10": 0.09984515257280038, "11": 0.04321727210837926, "12": 0.08756095380094521}, "afternoon": {"1": 0.10616986025933063, "2": 0.03707581644743119, "3": 0.04943914044053224, "4": 0.03549349271566035, "5": 0.11306100659320253, "6": 0.13600292898794808, "7": 0.07143661510687106, "8": 0.030308819405841972, "9": 0.038860262176561, "10": 0.16179456401088965, "11": 0.09838891577806963, "12": 0.12196857807766168}, "evening": {"1": 0.10441650036125144, "2": 0.0952630164136408, "3": 0.1380827287697403, "4": 0.050471077212329435, "5": 0.11200165005425342, "6": 0.09990779473114325, "7": 0.08721903632897404, "8": 0.05905848479700932, "9": 0.06140146713543215, "10": 0.07204059881145075, "11": 0.04648725144185452, "12": 0.07365039394292058}, "night": {"1": 0.14905897473499546, "2": 0.18480068419984266, "3": 0.15812419213051038, "4": 0.03796287364537519, "5": 0.12088312148144778, "6": 0.061962356115038905, "7": 0.024377952596490244, "8": 0.030987168864159788, "9": 0.03065341866583035, "10": 0.11074169530603659, "11": 0.03668007649686684, "12": 0.05376748576340581}}, "end": {"morning": {"1": 0.08012111590563281, "2": 0.08923536933506622, "3": 0.09601660887103045, "4": 0.04322932821824355, "5": 0.12819634425807575, "6": 0.07223625633627836, "7": 0.10341832080475441, "8": 0.055380924447266944, "9": 0.07042990470824134, "10": 0.11825582329354047, "11": 0.07307179627377902, "12": 0.07040820754809068}, "noon": {"1": 0.12337159594196676, "2": 0.09360806708762964, "3": 0.1092609842793952, "4": 0.06522583339998425, "5": 0.12891285913123246, "6": 0.07102131365956135, "7": 0.07503910124469128, "8": 0.05279051672325429, "9": 0.05893772649011835, "10": 0.10306865636535331, "11": 0.04768833118115287, "12": 0.0710750144956602}, "afternoon": {"1": 0.09659170711160886, "2": 0.09455855745915526, "3": 0.09040761092944734, "4": 0.05320534822633969, "5": 0.11955378149558271, "6": 0.08262331535222417, "7": 0.09322113549272883, "8": 0.058430062761450324, "9": 0.06378611261714036, "10": 0.1072439878504728, "11": 0.06737824860795448, "12": 0.07300013209589534}, "evening": {"1": 0.13603027436197374, "2": 0.09621110623988277, "3": 0.11589196632903619, "4": 0.042396054402689995, "5": 0.12181743166983591, "6": 0.06480314822101067, "7": 0.09663468724157565, "8": 0.06956259261198638, "9": 0.07187744390121675, "10": 0.07719981601408052, "11": 0.04875409008689008, "12": 0.058821388919821346}, "night": {"1": 0.11740417599180931, "2": 0.055803260740101786, "3": 0.10827055129452748, "4": 0.025125950154986844, "5": 0.22875684114729924, "6": 0.03694283549185509, "7": 0.11826269157385184, "8": 0.032976269459773506, "9": 0.034855770953498476, "10": 0.16713737752586533, "11": 0.030980406551223964, "12": 0.04348386911520723}}}