{"start": {"morning": {"1": 0.012298662945328621, "2": 0.013694468311481594, "3": 0.01379789022529372, "4": 0.011096594061451828, "5": 0.016455413417838155, "6": 0.020464461516080397, "7": 0.01889399337263124, "8": 0.014110834435558517, "9": 0.023888134020491277, "10": 0.0609052362430149, "11": 0.04467204698018237, "12": 0.0588683212314707, "13": 0.03281091794362827, "14": 0.06212539654654547, "15": 0.11481504647738966, "16": 0.04787266074762603, "17": 0.059355177670896056, "18": 0.06612294131747476, "19": 0.0555475692029123, "20": 0.07114439010026488, "21": 0.05510555132123594, "22": 0.06707776555622233, "23": 0.045904773621800385, "24": 0.012971752733180601}, "noon": {"1": 0.010135193650042477, "2": 0.012104900965361435, "3": 0.013558655423202922, "4": 0.011507331748712296, "5": 0.015810942224304687, "6": 0.0218222563623076, "7": 0.016489709697321376, "8": 0.015107074175643082, "9": 0.021593391074980598, "10": 0.05728497063428707, "11": 0.04798822453848235, "12": 0.06623640262266617, "13": 0.03368464247278019, "14": 0.06058661321402706, "15": 0.09486436421686639, "16": 0.05613308132470818, "17": 0.06112147000014519, "18": 0.06981356311438751, "19": 0.05548365272552491, "20": 0.062339172794574654, "21": 0.05698460487579278, "22": 0.07194444428242051, "23": 0.04997364231374189, "24": 0.017431695547718652}, "afternoon": {"1": 0.010096670390809187, "2": 0.011982590616953332, "3": 0.012389942092507327, "4": 0.010466802888345237, "5": 0.014560159894740585, "6": 0.027340207602563775, "7": 0.018309496717860047, "8": 0.015156277168636498, "9": 0.025768067943987793, "10": 0.05202648724042354, "11": 0.05842021302719284, "12": 0.0766684298673277, "13": 0.03618305645843894, "14": 0.057231339464691305, "15": 0.0843453623894939, "16": 0.046339598994743096, "17": 0.055569621975899576, "18": 0.06434059627263372, "19": 0.05384069320071002, "20": 0.05260063983027994, "21": 0.06324440811370884, "22": 0.07734037904165979, "23": 0.05829151382938955, "24": 0.01748744497700363}, "evening": {"1": 0.012808508591976603, "2": 0.013509597285427024, "3": 0.01913274897738723, "4": 0.013524381546874272, "5": 0.02196036863576468, "6": 0.0256184052347557, "7": 0.027852997114459238, "8": 0.0202029375264956, "9": 0.028764267957604017, "10": 0.04868966151677744, "11": 0.04769436118751472, "12": 0.057997553120667185, "13": 0.033558822431469425, "14": 0.04988940124886161, "15": 0.09453315488416368, "16": 0.046602846309302226, "17": 0.05352962020751008, "18": 0.07333163999951611, "19": 0.0559662617997934, "20": 0.0655949311393469, "21": 0.059225413158760905, "22": 0.07034845722987018, "23": 0.04537687484383722, "24": 0.014286788051864535}, "night": {"1": 0.015819489032782293, "2": 0.016951990386174814, "3": 0.018720449416956716, "4": 0.015212087216027553, "5": 0.021558224284092174, "6": 0.02649233487602329, "7": 0.02365132848170161, "8": 0.019019492513726453, "9": 0.025305775221160343, "10": 0.07020540521237864, "11": 0.0568144170364088, "12": 0.06795482889739796, "13": 0.03336802572197976, "14": 0.0702598862186713, "15": 0.11200476741357279, "16": 0.04479885132902376, "17": 0.05482051750935261, "18": 0.06231680166054262, "19": 0.0502682397635838, "20": 0.05598254258387978, "21": 0.04188712848819329, "22": 0.05045375335597278, "23": 0.03448450094664689, "24": 0.011649162433749978}}, "end": {"morning": {"1": 0.0090826237235319, "2": 0.014267879128884336, "3": 0.01423055610167267, "4": 0.010196480192685896, "5": 0.014817953179013101, "6": 0.020889739039497552, "7": 0.019650438168113623, "8": 0.015416365168125647, "9": 0.024032151929005006, "10": 0.05138066413865035, "11": 0.04052383921048811, "12": 0.057070502809691934, "13": 0.030663662668028023, "14": 0.0628215364287386, "15": 0.12598555724139854, "16": 0.052152305709535024, "17": 0.06058035796334983, "18": 0.08367911591065919, "19": 0.06224193837337519, "20": 0.06366855621479818, "21": 0.054638807986215204, "22": 0.05931664255147019, "23": 0.04049777988184766, "24": 0.012194546281224284}, "noon": {"1": 0.01060117869463119, "2": 0.013958033588231172, "3": 0.014691201757352931, "4": 0.011542819662762785, "5": 0.016262070875717405, "6": 0.023469574654063845, "7": 0.01833917297736268, "8": 0.01876938431643627, "9": 0.02213028491484861, "10": 0.048818772872084415, "11": 0.045259900471539424, "12": 0.06791689489861338, "13": 0.032658284529017305, "14": 0.06131533341007027, "15": 0.1093338063562599, "16": 0.06211682651828779, "17": 0.06076679368040351, "18": 0.08199145353985718, "19": 0.05958089517055027, "20": 0.057422735579889, "21": 0.051721851270108095, "22": 0.05672899273811681, "23": 0.040726459909693896, "24": 0.013877277614101867}, "afternoon": {"1": 0.013123129273848847, "2": 0.017554990793788923, "3": 0.017094030440058576, "4": 0.013463300766969267, "5": 0.0181687804244064, "6": 0.03152376025112619, "7": 0.02347561013072172, "8": 0.020001696928453702, "9": 0.02643924137071682, "10": 0.04964899753983618, "11": 0.05147834929126035, "12": 0.07192509550334206, "13": 0.032723549984176516, "14": 0.059561281462291546, "15": 0.1012414435150044, "16": 0.05107612002969805, "17": 0.0541500485695168, "18": 0.07538360846396286, "19": 0.05702957362461462, "20": 0.05210866997862093, "21": 0.05321531212949226, "22": 0.0571012716692081, "23": 0.03976014877381234, "24": 0.012751989085072525}, "evening": {"1": 0.012231260638721429, "2": 0.014795586254494168, "3": 0.018724750286149366, "4": 0.012487211703198126, "5": 0.021183618051603792, "6": 0.024934351135573678, "7": 0.027174032119746817, "8": 0.021955332375810273, "9": 0.028143156147070893, "10": 0.0487715153235991, "11": 0.047732665406828786, "12": 0.05918676304387875, "13": 0.03295003232887249, "14": 0.05299808423137788, "15": 0.10192187625867649, "16": 0.049906736436443215, "17": 0.05256070278636221, "18": 0.08039919041193525, "19": 0.0595382715786405, "20": 0.06341216937149272, "21": 0.056548824329701874, "22": 0.0628820300612313, "23": 0.037247381496690844, "24": 0.012314458221900058}, "night": {"1": 0.016044213168655376, "2": 0.01940756331558003, "3": 0.01984965682846873, "4": 0.013944025012329903, "5": 0.020679251900671873, "6": 0.02668462859590182, "7": 0.025484449642011388, "8": 0.023543138451784188, "9": 0.028847099925710377, "10": 0.05914972947483109, "11": 0.05209234739288941, "12": 0.06301908491362644, "13": 0.030032926552615694, "14": 0.06699915295048979, "15": 0.12148135719926037, "16": 0.0503402716002838, "17": 0.054121293022299816, "18": 0.07186041714037056, "19": 0.054116496603874215, "20": 0.05329357485800228, "21": 0.042256826698291367, "22": 0.04579113801322783, "23": 0.030893737885557136, "24": 0.01006761885326653}}}