{"morning": {"1": 0.019185310848511158, "2": 0.019709891505923765, "3": 0.02352548287038413, "4": 0.01772082797221639, "5": 0.030648043165205523, "6": 0.037293606759164134, "7": 0.04130386350231024, "8": 0.0285973274228011, "9": 0.029469072525151324, "10": 0.08686420724804723, "11": 0.07798446371687927, "12": 0.0737229554510586, "13": 0.03369300425883777, "14": 0.04408978709354917, "15": 0.09005358104480551, "16": 0.04735370875212608, "17": 0.039400432465836965, "18": 0.05444800276468997, "19": 0.03593311783906239, "20": 0.05025001869229072, "21": 0.03812919247928245, "22": 0.0417166555521157, "23": 0.02973956457606447, "24": 0.009167881493685897, "start": 10.0, "end": 11.0}, "noon": {"1": 0.01529118269329953, "2": 0.012802084125886098, "3": 0.017003379483592457, "4": 0.015710307283277013, "5": 0.0280498812601248, "6": 0.028905559156469772, "7": 0.039202789937454074, "8": 0.026051619468235178, "9": 0.021934787324506967, "10": 0.07600339418359907, "11": 0.06658960716862858, "12": 0.07473230479500134, "13": 0.028373488656302993, "14": 0.041344591166471746, "15": 0.10411571626362578, "16": 0.05057504005547749, "17": 0.048462593663518266, "18": 0.06987910413383458, "19": 0.054870907992217124, "20": 0.06434098155794706, "21": 0.03224353531409266, "22": 0.043226965307905804, "23": 0.03215396770932086, "24": 0.008136211299210761, "start": 11.0, "end": 12.0}, "afternoon": {"1": 0.015198013983603032, "2": 0.01285009867989645, "3": 0.015767682684624723, "4": 0.014434124972487156, "5": 0.024015543128097516, "6": 0.02675852546168165, "7": 0.03204863929823095, "8": 0.027535606454281415, "9": 0.02671284582197733, "10": 0.07691638121611916, "11": 0.06814295599899832, "12": 0.07958552889279245, "13": 0.0335964068445306, "14": 0.04770080792265439, "15": 0.095465219053591, "16": 0.05905662799925867, "17": 0.053636646064508235, "18": 0.0666134044494354, "19": 0.049028806286953136, "20": 0.055177680266228386, "21": 0.033361805506918314, "22": 0.042671993671970346, "23": 0.03334851190416082, "24": 0.010376143437000522, "start": 12.0, "end": 15.0}, "evening": {"1": 0.014895598856502263, "2": 0.012494538602409969, "3": 0.016392284742230288, "4": 0.014112922798346366, "5": 0.02426059182059341, "6": 0.030445756078318353, "7": 0.030308027094379398, "8": 0.021646685278452257, "9": 0.024824522206392443, "10": 0.08257319128116335, "11": 0.07800115679224182, "12": 0.0825351671052678, "13": 0.03354787091967825, "14": 0.04983673102394022, "15": 0.10101525936753328, "16": 0.05300970096632821, "17": 0.04680693889440645, "18": 0.05750091208876309, "19": 0.04343956552352172, "20": 0.05777346153195149, "21": 0.037271863717655604, "22": 0.04664234706958217, "23": 0.03004371358443796, "24": 0.01062119265590387, "start": 15.0, "end": 18.0}, "night": {"1": 0.01596450018953635, "2": 0.013627412148843327, "3": 0.01894129983263625, "4": 0.015878522364975375, "5": 0.024573424544334893, "6": 0.03334499010184026, "7": 0.03252346367421273, "8": 0.023277240687246376, "9": 0.027351471594679176, "10": 0.07488529793046719, "11": 0.07410440360052334, "12": 0.0809800444176213, "13": 0.03350091807008404, "14": 0.0468862713182728, "15": 0.08519687980854108, "16": 0.04868040876976152, "17": 0.04755289605052229, "18": 0.0616669157756371, "19": 0.04782282061386015, "20": 0.05332630079977716, "21": 0.041527481180708516, "22": 0.049043904654211365, "23": 0.036301593072101686, "24": 0.013041538799605687, "start": 18.0, "end": 10.0}}