{"morning": {"1": 0.21050753673321926, "2": 0.08193419135515398, "3": 0.06975887912804621, "4": 0.04012382177026615, "5": 0.08978649520906981, "6": 0.07380977541037018, "7": 0.07719654298568245, "8": 0.055291338678162286, "9": 0.0403271007124374, "10": 0.0982454918757825, "11": 0.09543835742541304, "12": 0.06758046871639674, "start": 1.0, "end": 3.0}, "noon": {"13": 0.17448203809535637, "2": 0.06831580939373191, "3": 0.07223682311075438, "4": 0.06310675399279705, "5": 0.11571105335811235, "6": 0.07320233404007133, "7": 0.12056572373717586, "8": 0.0759420550282284, "9": 0.04264862671302238, "10": 0.06915868335471917, "11": 0.058101202397715226, "12": 0.06652889677831553, "start": 3.0, "end": 7.0}, "afternoon": {"13": 0.3026949569377019, "14": 0.08404722473910231, "3": 0.058365947404225085, "16": 0.03802800527970569, "17": 0.07235556929347846, "6": 0.0587014112034272, "7": 0.08447287175844392, "8": 0.05659774089934804, "9": 0.04806483560071394, "10": 0.07002674156142903, "11": 0.06749365954572795, "12": 0.05915103577669645, "start": 7.0, "end": 13.0}, "evening": {"13": 0.34073460105731834, "14": 0.05900506021618816, "15": 0.059861925629214385, "4": 0.027822734239150597, "5": 0.10714002929915409, "6": 0.05716888417729658, "19": 0.06178721207111263, "8": 0.028067972109067613, "9": 0.028961727097331774, "10": 0.05228565643804828, "11": 0.07897267194884895, "24": 0.0981915257172686, "start": 13.0, "end": 14.0}, "night": {"1": 0.2700410906754458, "14": 0.08597042646821682, "15": 0.08798626739867513, "16": 0.03337244179452965, "17": 0.07517667735495522, "18": 0.07639548526329562, "19": 0.08160644699426275, "20": 0.05468452615889848, "21": 0.029009894403974022, "22": 0.0717134013452408, "23": 0.07076751945869711, "24": 0.06327582268380862, "start": 14.0, "end": 1.0}}