{"morning": {"0": 0.03587473355150005, "1": 0.0596342991549706, "2": 0.03786402475080136, "3": 0.035488956162282544, "4": 0.02922690408589035, "5": 0.039764013943534265, "6": 0.049337183738249364, "7": 0.04350559358815244, "8": 0.03497460641506973, "9": 0.036514247868270226, "10": 0.061381936356278984, "11": 0.06651833702691065, "12": 0.06063595534388109, "13": 0.030375759567108942, "14": 0.039667816465418816, "15": 0.0663768770461853, "16": 0.03657493326088474, "17": 0.03244842512355748, "18": 0.034421224436044486, "19": 0.03604776260221967, "20": 0.046972643278518515, "21": 0.033019508609820794, "22": 0.03099857970203018, "23": 0.022375677922419384, "start": 10.000000000000002, "end": 11.000000000000002}, "noon": {"0": 0.041566481540712207, "1": 0.04548541919940488, "2": 0.029131694187775146, "3": 0.02855331685865509, "4": 0.02443244837872628, "5": 0.03420881076648614, "6": 0.04183159049444433, "7": 0.044568815183843494, "8": 0.036150576623441316, "9": 0.03152816984254674, "10": 0.057839329201977346, "11": 0.061602411295787717, "12": 0.06229365152407165, "13": 0.02663832402004572, "14": 0.039652397345749144, "15": 0.0738098189167805, "16": 0.03975924984375466, "17": 0.037291599706332126, "18": 0.04527484306385174, "19": 0.05129160435640923, "20": 0.054503772180841216, "21": 0.03235323833622574, "22": 0.03426054527885231, "23": 0.02597189185328527, "start": 11.000000000000002, "end": 12.0}, "afternoon": {"0": 0.04724650913467979, "1": 0.048725543634440566, "2": 0.03350227759345149, "3": 0.028555942034019566, "4": 0.02606454768175629, "5": 0.03410509866227357, "6": 0.04200510667672035, "7": 0.039263322848882, "8": 0.03814285634705372, "9": 0.037078036750923686, "10": 0.058323150886666605, "11": 0.05974539966568433, "12": 0.05999618688871048, "13": 0.0274971766379643, "14": 0.040064376888587425, "15": 0.06657281636427805, "16": 0.041965926355040865, "17": 0.038010800971302786, "18": 0.041135309570702924, "19": 0.04640507417791597, "20": 0.05339008340730345, "21": 0.032281872346592716, "22": 0.03310311085055138, "23": 0.026819473624497676, "start": 12.0, "end": 15.0}, "evening": {"0": 0.04332081468910606, "1": 0.05540419174550381, "2": 0.03327122446120435, "3": 0.030632044113538707, "4": 0.028016030719792064, "5": 0.0357562991748464, "6": 0.045997861341401776, "7": 0.04006535865693872, "8": 0.031061386179569904, "9": 0.031835114154065446, "10": 0.056313966208813855, "11": 0.0675734266039703, "12": 0.06456664940928267, "13": 0.03059844904536818, "14": 0.04442238339442428, "15": 0.07097545917673127, "16": 0.03996785527820935, "17": 0.03412972535621969, "18": 0.035764040811943336, "19": 0.04129588815203867, "20": 0.05136808808415399, "21": 0.03365056402084703, "22": 0.03204148076741064, "23": 0.02197169845461951, "start": 15.0, "end": 20.0}, "night": {"0": 0.040755867532399376, "1": 0.05698609278846133, "2": 0.03811686589245952, "3": 0.03789064836436406, "4": 0.03384371389304775, "5": 0.03784866442536384, "6": 0.05175290314294736, "7": 0.04489971614653529, "8": 0.03502160208346481, "9": 0.037122119086663324, "10": 0.05311090573983293, "11": 0.06166755190119976, "12": 0.05888340652268042, "13": 0.028695763671393936, "14": 0.039273334473442306, "15": 0.05746347351025631, "16": 0.03561441643169489, "17": 0.034363661378258956, "18": 0.03591459149481704, "19": 0.042524152475957984, "20": 0.04676418480883477, "21": 0.03434738019552655, "22": 0.03245642983335645, "23": 0.024682554207041053, "start": 20.0, "end": 10.000000000000002}}