{"morning": {"0": 0.03433803803100136, "1": 0.03858034877681244, "2": 0.034042384989324805, "3": 0.029266026187301415, "4": 0.024160578331136315, "5": 0.038320188906156315, "6": 0.0487902420423385, "7": 0.04477734520042808, "8": 0.03410642306825264, "9": 0.04063220411916893, "10": 0.06107110723225229, "11": 0.0746645866807683, "12": 0.06422719564312133, "13": 0.03299496779795883, "14": 0.04501406903232515, "15": 0.07330810994920502, "16": 0.03529965846013406, "17": 0.03442828470616439, "18": 0.034688292641312506, "19": 0.03714995631486153, "20": 0.04744129721432367, "21": 0.03613646891231533, "22": 0.033252423968186465, "23": 0.023309801795150315, "start": 11.0, "end": 12.0}, "noon": {"0": 0.0425930400917729, "1": 0.033589548042536777, "2": 0.026688900392133137, "3": 0.022703292688448284, "4": 0.02024369263377518, "5": 0.03404215745533797, "6": 0.039210434044352295, "7": 0.04801859848341273, "8": 0.03827952708782043, "9": 0.03298270208001447, "10": 0.05470736376828175, "11": 0.06548370129298856, "12": 0.06122942141633148, "13": 0.028336698100406735, "14": 0.04411036198695808, "15": 0.08268274688666667, "16": 0.039171518936618216, "17": 0.03907744905711126, "18": 0.04456133721143396, "19": 0.04981249769606754, "20": 0.05467644410618049, "21": 0.034546979082665956, "22": 0.035967504860866535, "23": 0.027284082597818584, "start": 12.0, "end": 15.0}, "afternoon": {"0": 0.04543632772222387, "1": 0.033139678076940175, "2": 0.029702788615619844, "3": 0.021510163357206277, "4": 0.020115706836193285, "5": 0.031952352640971605, "6": 0.03980399185461635, "7": 0.03908263906650704, "8": 0.03866098481593375, "9": 0.03972354507130029, "10": 0.055768476066786636, "11": 0.06337411253019161, "12": 0.06160052276425268, "13": 0.02987548559220516, "14": 0.04677394010969889, "15": 0.07491419201422234, "16": 0.04310378513891453, "17": 0.04199455516519183, "18": 0.04122379937159138, "19": 0.047394286005806315, "20": 0.054998369661959055, "21": 0.035215462621064085, "22": 0.036591759770997476, "23": 0.028043075129605657, "start": 15.0, "end": 20.0}, "evening": {"0": 0.04494978669627375, "1": 0.04097775850635605, "2": 0.031149420600941013, "3": 0.023759432270409348, "4": 0.022247583000459273, "5": 0.03436663283126581, "6": 0.04528752013900019, "7": 0.040347273431226766, "8": 0.031852827821826045, "9": 0.034566548990950845, "10": 0.054579483435246344, "11": 0.0712322822858902, "12": 0.06572786323102216, "13": 0.033279741875894546, "14": 0.05013683118084358, "15": 0.07780417581874141, "16": 0.03884070611580536, "17": 0.0365047817110477, "18": 0.03451827601326277, "19": 0.0416297840785895, "20": 0.0509556232051129, "21": 0.03700872046677103, "22": 0.03480512470261993, "23": 0.023471821590443535, "start": 20.0, "end": 21.0}, "night": {"0": 0.039297188425928165, "1": 0.043727581615089106, "2": 0.03593151010954523, "3": 0.03149573321610063, "4": 0.0270635444251152, "5": 0.03510125911854446, "6": 0.04950671574697713, "7": 0.04652479769773937, "8": 0.03569039416127296, "9": 0.040332397896873144, "10": 0.053749627011125935, "11": 0.06983707275556189, "12": 0.06050081270856444, "13": 0.03092146262993693, "14": 0.04316947742528716, "15": 0.06254641620091983, "16": 0.03405583899092428, "17": 0.0367896871144478, "18": 0.03534804543405282, "19": 0.04462555618533373, "20": 0.04724393430532645, "21": 0.03677796302443403, "22": 0.034776206437312225, "23": 0.02498677736358712, "start": 21.0, "end": 11.0}}