{"start": {"before morning": {"1": 0.12752813157018378, "2": 0.06752770704738742, "3": 0.06995916663049971, "4": 0.059907825707302735, "5": 0.09107451881447111, "6": 0.09789640527158293, "7": 0.08980151224219808, "8": 0.051773513330998985, "9": 0.06804776064049359, "10": 0.12783400568755207, "11": 0.07534931133202682, "12": 0.07330014172530278}, "morning": {"1": 0.12585507901657078, "2": 0.06751445039947368, "3": 0.07035452598275992, "4": 0.05104222913678764, "5": 0.07876763478917091, "6": 0.09904297023054713, "7": 0.08540636065031362, "8": 0.055163734275732956, "9": 0.05901778160212717, "10": 0.14883915181055782, "11": 0.0826351208477502, "12": 0.07636096125820835}, "noon": {"1": 0.10627366275153574, "2": 0.06997930154564948, "3": 0.07012072847554239, "4": 0.05581103953212318, "5": 0.08815211860587366, "6": 0.0890608463285142, "7": 0.1026090495877072, "8": 0.054203185825846704, "9": 0.06497413926834256, "10": 0.12281491743997691, "11": 0.08990989183914015, "12": 0.08609111879974762}, "afternoon": {"1": 0.13120106683468066, "2": 0.0721030803372074, "3": 0.07216593969226459, "4": 0.057065214019981915, "5": 0.07851086395378097, "6": 0.09225103104017425, "7": 0.084243898244292, "8": 0.0596676337159772, "9": 0.06848184440977848, "10": 0.11218531157743523, "11": 0.08680787671834962, "12": 0.08531623945607765}, "evening": {"1": 0.11619934235046983, "2": 0.05936472351783231, "3": 0.060278768427337794, "4": 0.06228427992793211, "5": 0.08345215461982533, "6": 0.09854057875742382, "7": 0.08755091106455615, "8": 0.05516597791796141, "9": 0.06289178472964399, "10": 0.13295640740274445, "11": 0.09563357836068553, "12": 0.08568149292358725}, "night": {"1": 0.1251982777194392, "2": 0.07905295714638957, "3": 0.07777163916041235, "4": 0.06262824750313774, "5": 0.0771889332516048, "6": 0.0934900563089557, "7": 0.0776803177443894, "8": 0.05495566797641193, "9": 0.059391667638770206, "10": 0.1135900937242233, "11": 0.09330363120731913, "12": 0.08574851061894669}}, "end": {"before morning": {"1": 0.10582929547181545, "2": 0.06526719233016892, "3": 0.06727040958921467, "4": 0.041911498565014034, "5": 0.08868904180711919, "6": 0.08764671114017795, "7": 0.1036926459738314, "8": 0.06369231977791645, "9": 0.05410447880683939, "10": 0.14163307367740974, "11": 0.08234447604886067, "12": 0.09791885681163215}, "morning": {"1": 0.1054133041706703, "2": 0.057538763781962474, "3": 0.06765209983459791, "4": 0.042013231831222346, "5": 0.09411671992687115, "6": 0.08210008093950832, "7": 0.09130686639531684, "8": 0.06211259455428548, "9": 0.0465957728655675, "10": 0.1536445466322333, "11": 0.0978481769279625, "12": 0.09965784213980206}, "noon": {"1": 0.12207729429824597, "2": 0.07786628887770658, "3": 0.06764386095408041, "4": 0.04225665116617496, "5": 0.08390189219733286, "6": 0.07278977089830634, "7": 0.09396239662195983, "8": 0.05584456932643224, "9": 0.06636325527581931, "10": 0.1415177684798369, "11": 0.08442067051110899, "12": 0.09135558139299559}, "afternoon": {"1": 0.11243560131245059, "2": 0.06337302973223731, "3": 0.0665822826692543, "4": 0.04532923374291974, "5": 0.08986203685903009, "6": 0.08907473641421518, "7": 0.09853670997546939, "8": 0.06535705764927892, "9": 0.06078021268768131, "10": 0.13319321924437788, "11": 0.08135837706904242, "12": 0.09411750264404316}, "evening": {"1": 0.12457201214990911, "2": 0.0546533676538517, "3": 0.060014305409880335, "4": 0.05241557504052892, "5": 0.10021065528265954, "6": 0.07383635204991523, "7": 0.08373799568552391, "8": 0.05893094920103711, "9": 0.045522197518999837, "10": 0.1384019302220025, "11": 0.11515831670705992, "12": 0.09254634307863188}, "night": {"1": 0.1338644073800321, "2": 0.0643470489148457, "3": 0.07514492936435752, "4": 0.050199538592808866, "5": 0.08299077646899636, "6": 0.07209730815812357, "7": 0.08335016632629567, "8": 0.058057361942454686, "9": 0.05037890891567374, "10": 0.12956172922854703, "11": 0.10384429491950374, "12": 0.09616352978836101}}}