{"morning": {"1": 0.06890610084313961, "2": 0.16223886451268207, "3": 0.14171815841403382, "4": 0.22577379672496736, "5": 0.06041928378057783, "6": 0.05888852764362921, "7": 0.07493836145917929, "8": 0.039619244449576534, "9": 0.0417358895713325, "10": 0.07438241961558636, "11": 0.026031041973816144, "12": 0.025348311011479416}, "noon": {"1": 0.14115225046757673, "2": 0.16145791777417143, "3": 0.13859522418895964, "4": 0.21212287223391202, "5": 0.060807205345781545, "6": 0.06034147173244504, "7": 0.06230556840222642, "8": 0.03658911925086763, "9": 0.03224085598671082, "10": 0.05157274528774833, "11": 0.02001126482575431, "12": 0.022803504503846012}, "afternoon": {"1": 0.07122405288713499, "2": 0.3066680162807118, "3": 0.169430316834173, "4": 0.17294759347960223, "5": 0.04581729478523369, "6": 0.04912845396077494, "7": 0.05443727823526214, "8": 0.027373986307882837, "9": 0.022903046247448162, "10": 0.04210707802539467, "11": 0.018630106938590588, "12": 0.01933277601779098}, "evening": {"1": 0.1246984316936504, "2": 0.19349601930822552, "3": 0.16236072746804556, "4": 0.20089220568897032, "5": 0.04610514876809642, "6": 0.05719899158355437, "7": 0.061271383650251456, "8": 0.03276184379583421, "9": 0.02731046930992434, "10": 0.0527228045326566, "11": 0.020013343352197684, "12": 0.021168630848593085}, "night": {"1": 0.08320012962873037, "2": 0.1981797818863715, "3": 0.14533181596248188, "4": 0.1892391411932072, "5": 0.058864807628736915, "6": 0.06999286703041128, "7": 0.07073757855752259, "8": 0.03556797786249273, "9": 0.043211843895311616, "10": 0.05833417082833712, "11": 0.025410756234665172, "12": 0.021929129291731627}}