{"morning": {"1": 0.01882234874926691, "2": 0.023623219932386638, "3": 0.023347309366047175, "4": 0.015731286664554523, "5": 0.021000862198730742, "6": 0.030096040105038406, "7": 0.008288112485222912, "8": 0.01731400796370336, "9": 0.005162462170168076, "10": 0.011602815108350996, "11": 0.04081975080747699, "12": 0.05369407822405506, "13": 0.03317615338644157, "14": 0.024647882396614897, "15": 0.042646802838132734, "16": 0.046042696542163725, "17": 0.042988424827396426, "18": 0.05508581366580021, "19": 0.0535801402091182, "20": 0.03244127783694656, "21": 0.043358959720285875, "22": 0.1504026811475989, "23": 0.11301461615526245, "24": 0.09311225749923677, "start": 12.0, "end": 16.0}, "noon": {"1": 0.01340304812187632, "2": 0.009073857286455326, "3": 0.011392482987117862, "4": 0.011981225472077216, "5": 0.014249279165722838, "6": 0.016861335458053746, "7": 0.01781310014425354, "8": 0.013269800217933937, "9": 0.01272901000263327, "10": 0.02870990030614192, "11": 0.025041817295095886, "12": 0.02643353852989997, "13": 0.04086417178887118, "14": 0.02717157138918378, "15": 0.04065737092984701, "16": 0.045849672981975544, "17": 0.05648430594412288, "18": 0.057820610476196486, "19": 0.06289023894808582, "20": 0.045848007130963854, "21": 0.055512557578119785, "22": 0.1426005995159921, "23": 0.10568953019025672, "24": 0.11765296813912292, "start": 16.0, "end": 22.0}, "afternoon": {"1": 0.0119885832181439, "2": 0.01353184706368708, "3": 0.014345701445688228, "4": 0.01105135997808741, "5": 0.012499457690608316, "6": 0.015144167359856076, "7": 0.014429558830361632, "8": 0.01494045313462224, "9": 0.012449539779414919, "10": 0.04322578712231197, "11": 0.035419422074095985, "12": 0.0423907279941929, "13": 0.03200195999841261, "14": 0.036798780082654955, "15": 0.04509007386600492, "16": 0.03986808156293773, "17": 0.04214122008920031, "18": 0.048183195624749584, "19": 0.04463097906463096, "20": 0.040215342009856964, "21": 0.03961343179146265, "22": 0.14159786302392685, "23": 0.11501206100660259, "24": 0.13343040618848925, "start": 22.0, "end": 23.0}, "evening": {"1": 0.017507887066147858, "2": 0.011400508900956882, "3": 0.015762562705705186, "4": 0.014111871426017785, "5": 0.019909971865022084, "6": 0.02084080551342094, "7": 0.019835917168097374, "8": 0.017954695319262384, "9": 0.0195722349851248, "10": 0.04593728770411995, "11": 0.03127504114632958, "12": 0.03581525722705551, "13": 0.034355222292706114, "14": 0.026420131318151092, "15": 0.04398657354851484, "16": 0.043866736206190256, "17": 0.052404460827522405, "18": 0.055686455630408235, "19": 0.05757041845409248, "20": 0.0435974017059234, "21": 0.051979020869090786, "22": 0.1267300558983145, "23": 0.09485406884859715, "24": 0.09862541337322843, "start": 23.0, "end": 24.0}, "night": {"1": 0.019821646295940753, "2": 0.014766682144952562, "3": 0.01932812317504107, "4": 0.016155887657065073, "5": 0.024107929331531063, "6": 0.02821827335068603, "7": 0.032125800794535676, "8": 0.02118477951756871, "9": 0.028511824535587094, "10": 0.04989143644583431, "11": 0.04243525619928011, "12": 0.04519689612496, "13": 0.030025733957150563, "14": 0.02474763096373341, "15": 0.036766197768148004, "16": 0.033620959558296706, "17": 0.044333091522899506, "18": 0.05063478410540641, "19": 0.04780001198181003, "20": 0.0348200818563404, "21": 0.05111893302536038, "22": 0.11414788581264765, "23": 0.09423571130887709, "24": 0.09600444256634744, "start": 24.0, "end": 12.0}}