{"morning": {"0": 0.10352668601683757, "1": 0.011147768345931692, "2": 0.008186783046582036, "3": 0.009555795748596402, "4": 0.007026634118428313, "5": 0.01668694719799012, "6": 0.024072494397317457, "7": 0.025180145920762086, "8": 0.013236465278297412, "9": 0.013286043641395542, "10": 0.009076733859577357, "11": 0.01705774853827791, "12": 0.06431239551376022, "13": 0.02592347889571108, "14": 0.030214539010069267, "15": 0.040309578690813246, "16": 0.033620114299519915, "17": 0.054801298898217055, "18": 0.06745297945511083, "19": 0.092020014798472, "20": 0.0447884956254296, "21": 0.06708187530050853, "22": 0.12728743795753156, "23": 0.09414754544486269, "start": 12.0, "end": 17.0}, "noon": {"0": 0.10331530834485667, "1": 0.007838193366267959, "2": 0.0064204796056277075, "3": 0.007414972599008697, "4": 0.007187915854239058, "5": 0.01292469915121572, "6": 0.02201311180242093, "7": 0.014563349393739633, "8": 0.00989989794229705, "9": 0.007858422995548226, "10": 0.010889402442365916, "11": 0.010629647863364546, "12": 0.09532993948371159, "13": 0.04336695491028171, "14": 0.025844546019301494, "15": 0.037813813546390095, "16": 0.03335018011296212, "17": 0.05279113541408923, "18": 0.08587693810706451, "19": 0.08265266916175248, "20": 0.05989698662828209, "21": 0.06063819987318368, "22": 0.1122653993479365, "23": 0.08921783603409242, "start": 17.0, "end": 18.0}, "afternoon": {"0": 0.11131818716894386, "1": 0.007281684590386821, "2": 0.008474062728139584, "3": 0.006930683147126935, "4": 0.0064537245682801565, "5": 0.01114665469648947, "6": 0.0220441774204244, "7": 0.015854393666662386, "8": 0.012597608918467897, "9": 0.00633348189721081, "10": 0.01303001169890899, "11": 0.013943957805806493, "12": 0.10458914507336037, "13": 0.040945276899142666, "14": 0.03180751376372594, "15": 0.04390544653206586, "16": 0.033950301892438826, "17": 0.0514872166693578, "18": 0.10032599877746458, "19": 0.07750251718265529, "20": 0.06434521236318695, "21": 0.04743584697666285, "22": 0.08475030773592099, "23": 0.08354658782717021, "start": 18.0, "end": 22.0}, "evening": {"0": 0.08798048596753207, "1": 0.012015089143014291, "2": 0.010951016619355915, "3": 0.016071838930986307, "4": 0.009767084896199882, "5": 0.02062408836121239, "6": 0.03064567490672573, "7": 0.023402265112895372, "8": 0.01685522404130605, "9": 0.015323422266635005, "10": 0.023274013088065457, "11": 0.016803645303579372, "12": 0.08684960966966995, "13": 0.02692712873128468, "14": 0.02821599151605982, "15": 0.04172283528816254, "16": 0.032460248720124894, "17": 0.058941268315992605, "18": 0.09025474648190954, "19": 0.07675895993458588, "20": 0.05373980266983627, "21": 0.05507982070737301, "22": 0.08552953001394234, "23": 0.07980620931355065, "start": 22.0, "end": 23.0}, "night": {"0": 0.10388584089239962, "1": 0.02063798986225716, "2": 0.017821173045764308, "3": 0.018084193443954746, "4": 0.01453947426666376, "5": 0.027803491584216074, "6": 0.04139014481534322, "7": 0.04240281550961208, "8": 0.022525380759283405, "9": 0.02355451411071648, "10": 0.03648577197443583, "11": 0.029840997123892442, "12": 0.09272096938045529, "13": 0.042711287016115956, "14": 0.02042999904221118, "15": 0.033494745031245034, "16": 0.025007787490104523, "17": 0.040231938203224946, "18": 0.06627982138019614, "19": 0.05457295909633203, "20": 0.034584679273652115, "21": 0.05593937602972107, "22": 0.06570065032124602, "23": 0.06935400034695663, "start": 23.0, "end": 12.0}}