{"morning": {"0": 0.1050967369046586, "1": 0.0, "2": 0.0, "3": 0.0, "4": 0.0, "5": 0.0, "6": 0.0, "7": 0.0, "8": 0.0, "9": 0.0, "10": 0.0, "11": 0.0, "12": 0.08452915419801274, "13": 0.03924167826652566, "14": 0.039575271651876374, "15": 0.053622394727994974, "16": 0.04463163682261502, "17": 0.06011953169411066, "18": 0.10945625091618179, "19": 0.10998807071106584, "20": 0.0484431145297366, "21": 0.06113367903791277, "22": 0.14806699965914571, "23": 0.0960954808801633, "start": 12.0, "end": 18.0}, "noon": {"0": 0.0929429896678435, "1": 0.0037374092413362315, "2": 0.002796378758664539, "3": 0.003268246573992083, "4": 0.003731709251296522, "5": 0.005856758490661343, "6": 0.009815888280771264, "7": 0.0025101475957258, "8": 0.0041443786629826755, "9": 0.00143361300850247, "10": 0.0037211895040579154, "11": 0.002540192341756872, "12": 0.10715030204596625, "13": 0.04928764811417629, "14": 0.03250792530381835, "15": 0.045044168895190896, "16": 0.04574348203204066, "17": 0.06361836580972231, "18": 0.1043217427615237, "19": 0.09390551050433547, "20": 0.06497434487084987, "21": 0.06836552430297758, "22": 0.10558781638509729, "23": 0.08299426759671007, "start": 18.0, "end": 19.0}, "afternoon": {"0": 0.09180521687902182, "1": 0.002231601443329936, "2": 0.005486232779949268, "3": 0.0024689083137150914, "4": 0.004560820145712202, "5": 0.0068506455774593085, "6": 0.012628579864032716, "7": 0.006221865378870279, "8": 0.0037079598707789136, "9": 0.0018812356887696984, "10": 0.004070471162135784, "11": 0.006264756067838175, "12": 0.11355302554426742, "13": 0.04568582776272034, "14": 0.035286877448004655, "15": 0.052801981304894864, "16": 0.03635735892380784, "17": 0.052459316343155815, "18": 0.12968999865219297, "19": 0.08660317840626268, "20": 0.06391748364545302, "21": 0.056873832539507375, "22": 0.09369039518665491, "23": 0.08490243107146492, "start": 19.0, "end": 22.0}, "evening": {"0": 0.07634594078337746, "1": 0.0020377478150603104, "2": 0.003821801180466173, "3": 0.0030669869374180068, "4": 0.0038603625083287545, "5": 0.00489030030648225, "6": 0.009271383080533487, "7": 0.006852927838274203, "8": 0.004002530674216031, "9": 0.0036505254731674323, "10": 0.004703800611890633, "11": 0.0042437822805556314, "12": 0.09585483159556979, "13": 0.044017063041939045, "14": 0.035979625620083215, "15": 0.055964751949513385, "16": 0.03979615531241948, "17": 0.07016713830025835, "18": 0.12403991711525654, "19": 0.09584688913578197, "20": 0.06088796409448819, "21": 0.06269235868547351, "22": 0.09657604794356518, "23": 0.09142916771588094, "start": 22.0, "end": 23.0}, "night": {"0": 0.10199710863473295, "1": 0.012052742981779194, "2": 0.013950676781567176, "3": 0.02263673967998366, "4": 0.017740268655411767, "5": 0.02384861372075456, "6": 0.02872211494456119, "7": 0.029268011262341305, "8": 0.01123571554446392, "9": 0.012135296330286795, "10": 0.02132667182813089, "11": 0.016924075047629307, "12": 0.09577152880509657, "13": 0.04678714229440105, "14": 0.028170817595859675, "15": 0.035452825974039745, "16": 0.02903221939638594, "17": 0.059649385821193855, "18": 0.07172158696990645, "19": 0.06866081166062263, "20": 0.040841567238812417, "21": 0.057752468977173586, "22": 0.08953904969566048, "23": 0.06478256015920493, "start": 23.0, "end": 12.0}}