{"start": {"morning": {"1": 0.03381044578478472, "2": 0.07421887330206625, "3": 0.1251091338881081, "4": 0.08081647149595257, "5": 0.11493288889405992, "6": 0.09966677065673858, "7": 0.09140576911143179, "8": 0.05399232627137919, "9": 0.07266723030992034, "10": 0.1606984621433353, "11": 0.055237625594109795, "12": 0.037444002548113454}, "noon": {"1": 0.01761258582173901, "2": 0.20626343316528267, "3": 0.20917718162074425, "4": 0.09004912674814156, "5": 0.08568720673058157, "6": 0.096979999266752, "7": 0.06948871764167208, "8": 0.04821864192201794, "9": 0.041395616243831396, "10": 0.08065136917164278, "11": 0.029177135433412653, "12": 0.025298986234182235}, "afternoon": {"1": 0.01761258582173901, "2": 0.20626343316528267, "3": 0.20917718162074425, "4": 0.09004912674814156, "5": 0.08568720673058157, "6": 0.096979999266752, "7": 0.06948871764167208, "8": 0.04821864192201794, "9": 0.041395616243831396, "10": 0.08065136917164278, "11": 0.029177135433412653, "12": 0.025298986234182235}, "evening": {"1": 0.0166819318761255, "2": 0.10236870749400373, "3": 0.11954712813781036, "4": 0.06918329720408013, "5": 0.11638642258929738, "6": 0.10426973074313198, "7": 0.09759209642805092, "8": 0.04718177102961807, "9": 0.04504585228482313, "10": 0.1854336380207974, "11": 0.04557357714280076, "12": 0.05073584704946064}, "night": {"1": 0.020716191638042128, "2": 0.05751019977059194, "3": 0.08260176636571162, "4": 0.06095880818047662, "5": 0.11688317208586116, "6": 0.10307047166306738, "7": 0.08149356390592676, "8": 0.0479724160375968, "9": 0.08374137352455309, "10": 0.21874063920442027, "11": 0.0710465972684071, "12": 0.05526480035534513}}, "end": {"morning": {"1": 0.03148298895043932, "2": 0.07430605156342296, "3": 0.10444386072132769, "4": 0.07366820277962773, "5": 0.12817031148238672, "6": 0.10300158732849705, "7": 0.0889869836097116, "8": 0.06621538039432502, "9": 0.07077386117070031, "10": 0.14444932279071837, "11": 0.05862918079492728, "12": 0.0558722684139161}, "noon": {"1": 0.01485044620192899, "2": 0.13664254690035602, "3": 0.16720490441374503, "4": 0.08374545779872818, "5": 0.1343148384906821, "6": 0.10452492498416997, "7": 0.06885274965826013, "8": 0.06374027974434518, "9": 0.044716631121546786, "10": 0.10977910026590143, "11": 0.0323306639002054, "12": 0.03929745652013079}, "afternoon": {"1": 0.01485044620192899, "2": 0.13664254690035602, "3": 0.16720490441374503, "4": 0.08374545779872818, "5": 0.1343148384906821, "6": 0.10452492498416997, "7": 0.06885274965826013, "8": 0.06374027974434518, "9": 0.044716631121546786, "10": 0.10977910026590143, "11": 0.0323306639002054, "12": 0.03929745652013079}, "evening": {"1": 0.0152581641234481, "2": 0.09089238912929881, "3": 0.12637777270109818, "4": 0.07346701880621595, "5": 0.14155979790621698, "6": 0.10064491793845486, "7": 0.09723999032696598, "8": 0.06575574747836585, "9": 0.043514525638295616, "10": 0.15439911927072372, "11": 0.036966733468316366, "12": 0.05392382321259975}, "night": {"1": 0.020636420461980894, "2": 0.06883552658384876, "3": 0.08157362959841992, "4": 0.060496528350163226, "5": 0.14144626741532337, "6": 0.10771383426629898, "7": 0.08144610836805653, "8": 0.05805429785117756, "9": 0.07843241499072995, "10": 0.19088590668983152, "11": 0.05422936570903252, "12": 0.056249699715136804}}}