{"morning": {"start": 12.0, "end": 17.0}, "noon": {"start": 17.0, "end": 18.0}, "afternoon": {"start": 18.0, "end": 19.0}, "evening": {"start": 19.0, "end": 21.999999999999996}, "night": {"start": 21.999999999999996, "end": 12.0}}