{"morning": {"start": 7.0, "end": 12.0}, "noon": {"start": 12.0, "end": 18.00000000000011}, "afternoon": {"start": 18.000000000000107, "end": 19.00000000000011}, "evening": {"start": 19.00000000000011, "end": 21.999999999999957}, "night": {"start": 21.999999999999957, "end": 7.0}}