{"morning": {"0": 0.040162672323771166, "1": 0.07346620861328787, "2": 0.05153528577240852, "3": 0.044655121138584226, "4": 0.04667941854975746, "5": 0.0555872077829244, "6": 0.0451302149930189, "7": 0.03905036924489399, "8": 0.0407311377257246, "9": 0.03218684709968276, "10": 0.07531614704612033, "11": 0.04709572529392455, "12": 0.04686926003046665, "13": 0.016981137576582903, "14": 0.022609363066274053, "15": 0.060250554832569685, "16": 0.026018317500931056, "17": 0.02691059407065805, "18": 0.04642526496186702, "19": 0.0365390254220053, "20": 0.048380293396312085, "21": 0.024860150965832817, "22": 0.03032093986175804, "23": 0.02223874273064355, "start": 1.0, "end": 2.0}, "noon": {"0": 0.031335137233511244, "1": 0.06314600262047367, "2": 0.05301451541235797, "3": 0.047510023565171484, "4": 0.06143753873608611, "5": 0.08905312193883891, "6": 0.055831936135069954, "7": 0.08270707328558967, "8": 0.06943577867071801, "9": 0.04070225130877498, "10": 0.07777033164039462, "11": 0.03575900718101593, "12": 0.02575890043785373, "13": 0.02484275942581289, "14": 0.017848054590601122, "15": 0.03606040662892626, "16": 0.020998056299283197, "17": 0.021141158121431854, "18": 0.039132710063797295, "19": 0.02666314565218633, "20": 0.028449114843290935, "21": 0.01859247874413463, "22": 0.01789965062925129, "23": 0.0149108468354279, "start": 2.0, "end": 10.0}, "afternoon": {"0": 0.030025281212235827, "1": 0.04938402938428007, "2": 0.06082672817446271, "3": 0.0654123628965554, "4": 0.04749716165021281, "5": 0.062287976141496754, "6": 0.05445712484608861, "7": 0.050852488593944485, "8": 0.039104830675303015, "9": 0.040575195929994, "10": 0.07078450353820939, "11": 0.05674456139969524, "12": 0.04295377282945945, "13": 0.019213518799504944, "14": 0.023298104139028348, "15": 0.05206917559023392, "16": 0.024343205275017665, "17": 0.027324115557500403, "18": 0.03350860315012638, "19": 0.028614700354713227, "20": 0.03760811986799893, "21": 0.02527333990349936, "22": 0.030302548020158523, "23": 0.02753855207028053, "start": 10.0, "end": 11.0}, "evening": {"0": 0.05082750269745612, "1": 0.09837494796820671, "2": 0.0488925742094016, "3": 0.056128841316118734, "4": 0.03931797984475643, "5": 0.040550993919931284, "6": 0.03464818560049714, "7": 0.03420890093164219, "8": 0.03299171219432926, "9": 0.0314433959496343, "10": 0.07035142208328739, "11": 0.054789297756673135, "12": 0.044331180614192466, "13": 0.019748055896605055, "14": 0.025449819000677915, "15": 0.059337356279318465, "16": 0.026812233353342128, "17": 0.02755248905738551, "18": 0.039137769410554454, "19": 0.038216766971207995, "20": 0.04138128349378901, "21": 0.023142882048719, "22": 0.03492965556176031, "23": 0.02743475384051337, "start": 11.0, "end": 23.0}, "night": {"0": 0.03599539794232082, "1": 0.07175315723304741, "2": 0.059128474855241225, "3": 0.06279833334162778, "4": 0.06208448114557768, "5": 0.060798164213786164, "6": 0.05131275169881883, "7": 0.048241663072947694, "8": 0.03740283251817738, "9": 0.03247612756036184, "10": 0.06194065326730952, "11": 0.04975121992718146, "12": 0.05200843178188618, "13": 0.018594682195021087, "14": 0.02775212084558447, "15": 0.049450509610196154, "16": 0.020415616856331146, "17": 0.025637439829412478, "18": 0.03432086367675949, "19": 0.03428065349023983, "20": 0.03691635824475428, "21": 0.020281429701367645, "22": 0.02613766293596453, "23": 0.020520974056084922, "start": 23.0, "end": 1.0}}