{"morning": {"0": 0.047373343411474284, "1": 0.07234093630704003, "2": 0.03857522330656417, "3": 0.04013087239448887, "4": 0.03805829101489986, "5": 0.04977310695662271, "6": 0.04264599329828891, "7": 0.03565073399565935, "8": 0.04067020296844919, "9": 0.02958800008444505, "10": 0.07677396148460357, "11": 0.046699168709897175, "12": 0.049053334923915254, "13": 0.018876588035949514, "14": 0.022758929251582544, "15": 0.07222149171297056, "16": 0.030089711200252212, "17": 0.02799920167820273, "18": 0.0516405151507938, "19": 0.03745332246656202, "20": 0.05100066071441952, "21": 0.025143148388926638, "22": 0.029657340535315154, "23": 0.025825922008676852, "start": 1.0, "end": 2.0}, "noon": {"0": 0.035219031450687034, "1": 0.08099671295188351, "2": 0.04275168687992845, "3": 0.04156010943389037, "4": 0.047050776640488026, "5": 0.061359023086167676, "6": 0.04821353015041965, "7": 0.06244620811035227, "8": 0.058551953144491464, "9": 0.0371360231453459, "10": 0.06649469768114562, "11": 0.04618876486817526, "12": 0.03451016963578627, "13": 0.02208890710214862, "14": 0.020406674927308993, "15": 0.04781915756913997, "16": 0.02646715874731307, "17": 0.02621268774370569, "18": 0.04408614023641937, "19": 0.0342851357365926, "20": 0.03951302044854196, "21": 0.02703695182321893, "22": 0.024956091773484127, "23": 0.02464938671336511, "start": 2.0, "end": 10.0}, "afternoon": {"0": 0.038887375638677155, "1": 0.052969109431970696, "2": 0.05619681111582494, "3": 0.057423752334041296, "4": 0.042120216377767, "5": 0.053257162288035946, "6": 0.04859520714862035, "7": 0.044272177607246804, "8": 0.03665608650274258, "9": 0.03478410581146349, "10": 0.07232005936577654, "11": 0.05121618882067361, "12": 0.04342820769325118, "13": 0.018918593319425643, "14": 0.022014273720954217, "15": 0.057725663467894754, "16": 0.02732203106830274, "17": 0.02997030324601399, "18": 0.04275707266900286, "19": 0.032504111396089615, "20": 0.04747970089380716, "21": 0.027482427777079113, "22": 0.032107853962301376, "23": 0.029591508343036987, "start": 10.0, "end": 15.0}, "evening": {"0": 0.05508869914209759, "1": 0.09316069982743175, "2": 0.04174700337820971, "3": 0.0517084878339098, "4": 0.036530813304076974, "5": 0.041584214241619254, "6": 0.034960025807611365, "7": 0.03176555877213469, "8": 0.031766661181167055, "9": 0.02756059520867772, "10": 0.07495072596384977, "11": 0.04915655815251309, "12": 0.04481418606444016, "13": 0.018226812991448873, "14": 0.02271643897518413, "15": 0.06669238172189873, "16": 0.03012230912197309, "17": 0.027914812803822263, "18": 0.04754844168907631, "19": 0.03670515866083888, "20": 0.04995750758613753, "21": 0.02392996342048706, "22": 0.032583074085459955, "23": 0.028808870065934244, "start": 15.0, "end": 20.0}, "night": {"0": 0.040186550975918105, "1": 0.07842089839140091, "2": 0.04811298376558983, "3": 0.05271163187397045, "4": 0.049555290759494386, "5": 0.05899698073619654, "6": 0.04974857859260737, "7": 0.047548567723053756, "8": 0.038383344109152666, "9": 0.032942665762098214, "10": 0.06471234838777397, "11": 0.04699532772064398, "12": 0.05257594414837301, "13": 0.01826338524086252, "14": 0.025263872609390982, "15": 0.05492441842280511, "16": 0.023257679495018238, "17": 0.02706818282870078, "18": 0.041790514793107116, "19": 0.034520650859697785, "20": 0.04194542562177146, "21": 0.022535243225181946, "22": 0.026119652671472378, "23": 0.023419861285718515, "start": 20.0, "end": 1.0}}