{"morning": {"start": 1.0, "end": 4.000000000000053}, "noon": {"start": 4.000000000000053, "end": 5.000000000000053}, "afternoon": {"start": 5.000000000000053, "end": 10.0}, "evening": {"start": 9.999999999999991, "end": 11.000000000000039}, "night": {"start": 15.0, "end": 1.0}}