{"start": {"morning": {"1": 0.013140351244588126, "2": 0.00857108213099245, "3": 0.009653918394047674, "4": 0.013996343137217586, "5": 0.021959405522820084, "6": 0.022460293350574336, "7": 0.015909700801150096, "8": 0.013418945900817913, "9": 0.02426427684283819, "10": 0.0840497749032599, "11": 0.06360336453582227, "12": 0.04841490769563304, "13": 0.022479365727857876, "14": 0.03850266926013106, "15": 0.08159414864944405, "16": 0.04674043179750418, "17": 0.04838513594540768, "18": 0.09601834533903053, "19": 0.067651606391014, "20": 0.07755332810234854, "21": 0.060962585296789884, "22": 0.06820508985597216, "23": 0.043861113259120114, "24": 0.00860381591561826}, "noon": {"1": 0.008050304913343643, "2": 0.010172502915999712, "3": 0.013779970870952318, "4": 0.023080409394743782, "5": 0.01996424049342828, "6": 0.03069835574135967, "7": 0.020125581820150836, "8": 0.017829325850029384, "9": 0.015168277941444874, "10": 0.04866460865220867, "11": 0.056358977558263135, "12": 0.03894163597874772, "13": 0.030331683376266433, "14": 0.03529102167687363, "15": 0.05764005940584137, "16": 0.0725690635856159, "17": 0.05458442748928438, "18": 0.09303268186897155, "19": 0.07638376225497825, "20": 0.061763961330079054, "21": 0.0746900163921349, "22": 0.05347733623624044, "23": 0.06747403860797395, "24": 0.019927755645068115}, "afternoon": {"1": 0.012970487472131866, "2": 0.016105513131008324, "3": 0.014408979930529532, "4": 0.015251359487376886, "5": 0.021955528099205823, "6": 0.023495099054360986, "7": 0.0163638955853841, "8": 0.012329532325599399, "9": 0.021670331421119328, "10": 0.0735722924612177, "11": 0.07090975179265868, "12": 0.052445432263414964, "13": 0.026708041111370203, "14": 0.0463041213524191, "15": 0.07765433717550642, "16": 0.04818293468177881, "17": 0.06102394077101996, "18": 0.07748448818020771, "19": 0.05765362161797151, "20": 0.05755314141747728, "21": 0.06926501977806783, "22": 0.066945798051439, "23": 0.04834343155111868, "24": 0.01140292128761605}, "evening": {"1": 0.01162421047316655, "2": 0.009050448988927179, "3": 0.009688725801623967, "4": 0.012394031291331561, "5": 0.01769933083252911, "6": 0.01936447392661003, "7": 0.013142492294785296, "8": 0.011958972635235314, "9": 0.018769247727262572, "10": 0.08333177305877239, "11": 0.07223017545199265, "12": 0.049341042935168666, "13": 0.02676276048531375, "14": 0.05250769640539465, "15": 0.08146771937869028, "16": 0.053854062546693414, "17": 0.05574764907419127, "18": 0.08859765325071255, "19": 0.07898252955172216, "20": 0.0706806162467376, "21": 0.05491461152090012, "22": 0.060344181785391596, "23": 0.03756945738777635, "24": 0.009976136949070973}, "night": {"1": 0.022950315616051674, "2": 0.021647882739925482, "3": 0.02065182590756718, "4": 0.02697490585843062, "5": 0.03235362132885517, "6": 0.04132652508532469, "7": 0.02739360914470579, "8": 0.01975023029746751, "9": 0.02997724768276675, "10": 0.0804544243689467, "11": 0.08318242749702481, "12": 0.05918628508047418, "13": 0.026477518236844386, "14": 0.0482721286457319, "15": 0.0580695301795881, "16": 0.03492386988027378, "17": 0.03943269358906389, "18": 0.06451404189687754, "19": 0.06390920802951595, "20": 0.05343242129900463, "21": 0.056671035285789, "22": 0.04965334828901859, "23": 0.03127100243732417, "24": 0.007523901623427493}}, "end": {"morning": {"1": 0.01813497143392032, "2": 0.011344841908999082, "3": 0.010946862165452152, "4": 0.015842058773851676, "5": 0.025774205052338725, "6": 0.027707859253266274, "7": 0.020658787175427587, "8": 0.02215916220795789, "9": 0.024965020354019186, "10": 0.11810913438209393, "11": 0.08703250498842532, "12": 0.08730559145746927, "13": 0.025900436715458174, "14": 0.03830714281487471, "15": 0.07443553153961038, "16": 0.03642803369916049, "17": 0.03181305588333413, "18": 0.09235503275464389, "19": 0.05375998001192489, "20": 0.06554863572549316, "21": 0.03542767329490732, "22": 0.04363903470213501, "23": 0.025906712424280096, "24": 0.00649773128095632}, "noon": {"1": 0.017303364906279255, "2": 0.05096461999629532, "3": 0.025947969244635365, "4": 0.04964274365734307, "5": 0.07342573463702996, "6": 0.07823108451257152, "7": 0.05543660363902595, "8": 0.06794786436707921, "9": 0.04753737660175323, "10": 0.08444603382376838, "11": 0.02186714038773175, "12": 0.01132732365784067, "13": 0.03737669308502637, "14": 0.0294348556853281, "15": 0.08304727799947154, "16": 0.059070232221448984, "17": 0.041898370776404674, "18": 0.04387140183864852, "19": 0.02105498859908759, "20": 0.038298030743706794, "21": 0.03720935890622431, "22": 0.011772365397823007, "23": 0.009416391850250998, "24": 0.003472173465225432}, "afternoon": {"1": 0.01682976247743482, "2": 0.02065210039365349, "3": 0.01842384871068167, "4": 0.018695643792278272, "5": 0.024962529449819585, "6": 0.030120499072563627, "7": 0.022370614876432666, "8": 0.01970512979831083, "9": 0.025382416492313844, "10": 0.07965674820393531, "11": 0.07452996706453491, "12": 0.0648444654937833, "13": 0.027773562296594268, "14": 0.04061188545212219, "15": 0.06828350984088795, "16": 0.04016152484203551, "17": 0.046257650035430996, "18": 0.08554728178387086, "19": 0.059996610436901174, "20": 0.058776278754030666, "21": 0.05269389809964908, "22": 0.05387907862329777, "23": 0.03868068693771621, "24": 0.011164307071721015}, "evening": {"1": 0.013432944068984645, "2": 0.011493554187090192, "3": 0.01270682909730556, "4": 0.01474459448238184, "5": 0.01907826652557674, "6": 0.02212904376105773, "7": 0.016507350761120417, "8": 0.01821812104751017, "9": 0.019658079588699084, "10": 0.07778644675509505, "11": 0.07074955536892646, "12": 0.07516283712414232, "13": 0.029785496056360675, "14": 0.042747944921984866, "15": 0.07120245229838623, "16": 0.04962831535737215, "17": 0.04524721099545569, "18": 0.08167419609197553, "19": 0.07413648137097226, "20": 0.07426916739156265, "21": 0.04608655019949972, "22": 0.06297103991608015, "23": 0.03818556301745437, "24": 0.012397959615005495}, "night": {"1": 0.027985471958202522, "2": 0.031015521638845835, "3": 0.025612353607925638, "4": 0.03021291167441035, "5": 0.03979696423192218, "6": 0.04567476647817666, "7": 0.03373359144031188, "8": 0.030438464205310184, "9": 0.031834351560381786, "10": 0.08410727268000072, "11": 0.0859343125504293, "12": 0.07740585339497856, "13": 0.025867351633206824, "14": 0.041518555707266355, "15": 0.05507815863581817, "16": 0.03204388185816044, "17": 0.03208415603580716, "18": 0.06311695215964297, "19": 0.0588076327269088, "20": 0.04774984448981568, "21": 0.03764890849646313, "22": 0.03399054693298796, "23": 0.022058267277257793, "24": 0.006283908625769122}}}