{"morning": {"0": 0.06078633057020653, "1": 0.06265939686877446, "2": 0.03919952975326689, "3": 0.04904430927631663, "4": 0.02904362525586585, "5": 0.0441438504864605, "6": 0.0558004585180039, "7": 0.05669580153003977, "8": 0.043532570336151814, "9": 0.030894406390289307, "10": 0.06136198970984407, "11": 0.05352057010439542, "12": 0.06107866763055367, "13": 0.01700829726246965, "14": 0.025578048230026663, "15": 0.06739529188578296, "16": 0.0312019389759874, "17": 0.02574435174878741, "18": 0.032455461285077904, "19": 0.025148569533957377, "20": 0.034213310473223915, "21": 0.025518730944877856, "22": 0.037571817537410054, "23": 0.030402675692230152, "start": 1.0, "end": 10.0}, "noon": {"0": 0.051172055949535, "1": 0.05189997639438502, "2": 0.03372538711226189, "3": 0.047394166291227675, "4": 0.02623891552330385, "5": 0.03695486203276625, "6": 0.051095175916444635, "7": 0.055821462377781475, "8": 0.04395376645833015, "9": 0.03165990366785026, "10": 0.059626249977960885, "11": 0.06336388728581505, "12": 0.06116909926932497, "13": 0.019647577438175592, "14": 0.03034414217070751, "15": 0.07078427871571859, "16": 0.03489048499017605, "17": 0.030437242225171336, "18": 0.034571327364246056, "19": 0.027166928575626557, "20": 0.03393843046426822, "21": 0.027829960334725526, "22": 0.04333047527067471, "23": 0.03298424419352276, "start": 10.0, "end": 11.0}, "afternoon": {"0": 0.03376614579394686, "1": 0.07973074692536718, "2": 0.0468280540938147, "3": 0.05030840075890287, "4": 0.04359789262321273, "5": 0.044424381295679945, "6": 0.051770130145441115, "7": 0.05222530091246109, "8": 0.04370660519200789, "9": 0.030253482793913565, "10": 0.06640549082098003, "11": 0.06054175676301989, "12": 0.06343464730406079, "13": 0.017842411586426268, "14": 0.02641533684748557, "15": 0.05776436316838458, "16": 0.033352304444473, "17": 0.02643894464636477, "18": 0.030956264731824522, "19": 0.02622735231694083, "20": 0.031808567677969565, "21": 0.024699225558640837, "22": 0.03249469923497251, "23": 0.02500749436370896, "start": 11.0, "end": 12.0}, "night": {"0": 0.0449771890572107, "1": 0.06565101308280111, "2": 0.03458575777605556, "3": 0.04422991948273591, "4": 0.027287021533680778, "5": 0.03933412759539361, "6": 0.05282542130841982, "7": 0.05850718859487822, "8": 0.0441910822190826, "9": 0.030537854953758034, "10": 0.057448023854167925, "11": 0.05509088324641473, "12": 0.05810752567095665, "13": 0.020468387495746376, "14": 0.030114283895686208, "15": 0.07534376712983579, "16": 0.03741463941583996, "17": 0.030064935072141884, "18": 0.033251913685830164, "19": 0.02748480056730057, "20": 0.033738031347060556, "21": 0.027738439020188257, "22": 0.03781851458176521, "23": 0.03378927941304937, "start": 12.0, "end": 1.0}}