{"morning": {"1": 0.01321033620865016, "2": 0.011667450853079941, "3": 0.013518497902272598, "4": 0.012676997110262442, "5": 0.022355535848225094, "6": 0.02691578268177055, "7": 0.030127816625359245, "8": 0.021011721184994062, "9": 0.01755648629005247, "10": 0.0804612105058501, "11": 0.07803440303815311, "12": 0.09027507227774602, "13": 0.03253423702674739, "14": 0.049495888797611104, "15": 0.11321817260912728, "16": 0.06418571994558117, "17": 0.05185393276164185, "18": 0.05684146641093474, "19": 0.03757479113337516, "20": 0.04055349090118806, "21": 0.0323870153291475, "22": 0.05159226285852614, "23": 0.04013843319776765, "24": 0.011813278501936175, "start": 10.0, "end": 12.0}, "noon": {"1": 0.008959382411851347, "2": 0.008255849947543487, "3": 0.010376572000730076, "4": 0.00919303141588427, "5": 0.01620068951457732, "6": 0.01880264559235632, "7": 0.023565696271136215, "8": 0.01756188978876025, "9": 0.01581687924370473, "10": 0.07223055500031036, "11": 0.07553492907399569, "12": 0.0862494689752408, "13": 0.03664979141854775, "14": 0.05615177539553762, "15": 0.11988026647893912, "16": 0.07254616448355664, "17": 0.05938043804117347, "18": 0.059844987807967945, "19": 0.040046863558970046, "20": 0.041773762144490856, "21": 0.03593439342422659, "22": 0.059451259090100725, "23": 0.044470051733415686, "24": 0.01112265718698261, "start": 12.0, "end": 15.0}, "afternoon": {"1": 0.013369454730372488, "2": 0.011914073399708439, "3": 0.014667704245657925, "4": 0.014249456807087751, "5": 0.022081319612486563, "6": 0.025866462666578476, "7": 0.02915934142160928, "8": 0.02316216736821431, "9": 0.019359965000410755, "10": 0.07153217490267563, "11": 0.08446957062954544, "12": 0.08834424341411792, "13": 0.03506355968916428, "14": 0.051526191020663206, "15": 0.1071771902926586, "16": 0.07240992751244174, "17": 0.053239542568982626, "18": 0.05661566712843621, "19": 0.038997244828655915, "20": 0.03811053390825082, "21": 0.03325945996683266, "22": 0.04734815015374483, "23": 0.036446398524783034, "24": 0.011630200206921144, "start": 15.0, "end": 16.0}, "night": {"1": 0.01259882275497699, "2": 0.010708128594623955, "3": 0.01370517183007169, "4": 0.012248647825743423, "5": 0.019914217048995122, "6": 0.0249383012413101, "7": 0.028348357509915205, "8": 0.020585957606132396, "9": 0.017948568345114754, "10": 0.07414279075829608, "11": 0.07444812912651506, "12": 0.08598274454628968, "13": 0.035712386084062596, "14": 0.053701810072483466, "15": 0.11397884076296994, "16": 0.07069652238222003, "17": 0.05457072498970121, "18": 0.05804585896683649, "19": 0.039750223050159184, "20": 0.03932347934710641, "21": 0.03331621211966609, "22": 0.05140351207504103, "23": 0.04140248558193736, "24": 0.012528107379831755, "start": 16.0, "end": 10.0}}