{"morning": {"0": 0.06690062102062243, "1": 0.05831910776590738, "2": 0.03602076858920739, "3": 0.04442933722110302, "4": 0.027244897036257872, "5": 0.04465650386595401, "6": 0.05570341896040279, "7": 0.05759022095838621, "8": 0.04314227985833724, "9": 0.03132973202881391, "10": 0.05998046806508823, "11": 0.05140933488089843, "12": 0.05764459247146451, "13": 0.017453397649352612, "14": 0.026328288542642922, "15": 0.07008900484106853, "16": 0.03177134810870628, "17": 0.027102740642482515, "18": 0.033079094066545654, "19": 0.025938790221199617, "20": 0.0382589756868729, "21": 0.027151241168992934, "22": 0.038195038760701676, "23": 0.030260797588990963, "start": 1.0, "end": 7.0}, "noon": {"0": 0.05423441521625915, "1": 0.048489623439154604, "2": 0.03150893149123123, "3": 0.04387409828602016, "4": 0.02527434239835243, "5": 0.03894561036936441, "6": 0.05177423488381485, "7": 0.05813966793460781, "8": 0.04433101664619971, "9": 0.03303571343584246, "10": 0.059941831071960404, "11": 0.059551185664287694, "12": 0.0590222753183725, "13": 0.019986905835345892, "14": 0.030990470651185698, "15": 0.07344296599208601, "16": 0.03503322065720154, "17": 0.03117564405043496, "18": 0.0350257231735312, "19": 0.02752775402399731, "20": 0.036641287055380396, "21": 0.028051277605187636, "22": 0.04213656994877716, "23": 0.031865234851404786, "start": 7.0, "end": 10.0}, "afternoon": {"0": 0.038775488733514434, "1": 0.07329010247245481, "2": 0.04412526798841362, "3": 0.04794865823785088, "4": 0.03990990368544084, "5": 0.04803110876764543, "6": 0.05557452830204573, "7": 0.054623820524076466, "8": 0.04375606903998825, "9": 0.032232036073853124, "10": 0.06390463948226834, "11": 0.05585596338644361, "12": 0.05789596521987712, "13": 0.01794242451620985, "14": 0.02652039713890342, "15": 0.06294313046768286, "16": 0.0324282127923743, "17": 0.026908704135376608, "18": 0.0311434996102153, "19": 0.025691679118564955, "20": 0.035964438809330736, "21": 0.026282035557690004, "22": 0.03322606451767233, "23": 0.02502586142210698, "start": 10.0, "end": 12.0}, "night": {"0": 0.04870792831316235, "1": 0.05801799647443051, "2": 0.03179084640461825, "3": 0.039797236704841955, "4": 0.025369798520977076, "5": 0.041159497857158736, "6": 0.05455565074077117, "7": 0.05977110717970138, "8": 0.044316963853485415, "9": 0.03175468081477708, "10": 0.05706299925920203, "11": 0.05178337815692912, "12": 0.056681852143864536, "13": 0.020590244541754482, "14": 0.03121978911769652, "15": 0.07729977158971212, "16": 0.03765879111904945, "17": 0.031127252382243453, "18": 0.03389678259110716, "19": 0.028441548847335685, "20": 0.03811934840459149, "21": 0.029159647974802347, "22": 0.03882175943266123, "23": 0.032895127575126436, "start": 12.0, "end": 1.0}}