{"morning": {"13": 0.10614128236747837, "14": 0.08031583028410959, "3": 0.10584126983660258, "4": 0.04842543440859402, "5": 0.09172198052920608, "6": 0.04759250993757003, "7": 0.11357652609506959, "8": 0.05931328549449934, "9": 0.03978137875709163, "10": 0.11954923344631577, "11": 0.08608150821759471, "12": 0.10165976062586832, "start": 3.0, "end": 10.0}, "noon": {"13": 0.0902995541371345, "2": 0.06466167241114869, "15": 0.09419461417343844, "4": 0.0496824619200148, "5": 0.07405421402504785, "6": 0.03251773632633368, "7": 0.10911831124268193, "20": 0.0491952541176479, "21": 0.032410058532670705, "10": 0.12041015564351717, "11": 0.16798755537010462, "12": 0.11546841210025975, "start": 10.0, "end": 11.0}, "afternoon": {"13": 0.1320651063145721, "14": 0.0694316137141668, "15": 0.07299138834114081, "16": 0.08225663347130623, "17": 0.10361056033327269, "18": 0.029912819788520884, "19": 0.07936812548118602, "20": 0.05009480284375879, "21": 0.03088373310723425, "10": 0.11424661815409246, "11": 0.11999838540534416, "12": 0.11514021304540495, "start": 11.0, "end": 17.0}, "night": {"1": 0.1582254707097114, "2": 0.08444021058687971, "3": 0.10657179910120715, "4": 0.045236803813724316, "17": 0.08596237980178104, "18": 0.03967097114470706, "19": 0.12344616606323548, "20": 0.05051417371505699, "21": 0.04154546673833554, "22": 0.11583619634196425, "23": 0.06927316697627546, "24": 0.0792771950071216, "start": 17.0, "end": 3.0}}