{"start": {"morning": {"1": 0.017373563571480965, "2": 0.015999112542541626, "3": 0.015816863934384275, "4": 0.016679495518724097, "5": 0.02937866595188149, "6": 0.041920010437108725, "7": 0.03175779406877142, "8": 0.020407903370693096, "9": 0.022756567340496477, "10": 0.073442152917215, "11": 0.07370941378017562, "12": 0.07769883268111283, "13": 0.02808378513541095, "14": 0.042586692208164564, "15": 0.08817227903390504, "16": 0.048971101657118286, "17": 0.050573478698200516, "18": 0.06315448060529026, "19": 0.042461341100166694, "20": 0.05144706560164836, "21": 0.045466130703585794, "22": 0.053087355492859305, "23": 0.03545200670190269, "24": 0.01360390694716192}, "noon": {"1": 0.010434612168141587, "2": 0.01009603585159593, "3": 0.010387775660740747, "4": 0.011667615798283964, "5": 0.022559995420091298, "6": 0.03333711595851796, "7": 0.02764439260371004, "8": 0.018843157504782423, "9": 0.01942895853695158, "10": 0.06685973404301364, "11": 0.06868503856237633, "12": 0.07889715703197338, "13": 0.03020281024559419, "14": 0.04927278824200653, "15": 0.09306617980592125, "16": 0.055930191033497126, "17": 0.05750584108997387, "18": 0.0716237386287468, "19": 0.04432857542162353, "20": 0.05191483453201919, "21": 0.046098382930887805, "22": 0.06624591881818924, "23": 0.042556661515105204, "24": 0.012412488596256566}, "afternoon": {"1": 0.02285886145564138, "2": 0.017336254742524513, "3": 0.015747296344317097, "4": 0.02201130302226673, "5": 0.03488499581370544, "6": 0.0584286252683262, "7": 0.04336976579045976, "8": 0.02564513466993191, "9": 0.023776868817465855, "10": 0.08117838058540768, "11": 0.0983565185610187, "12": 0.09390885023563125, "13": 0.024383796255734287, "14": 0.036274140169468005, "15": 0.06807241601631916, "16": 0.04185341606325346, "17": 0.04068811497113184, "18": 0.0581558278401892, "19": 0.04477665006364901, "20": 0.041253020466688, "21": 0.03241159396717869, "22": 0.04085094903668976, "23": 0.0251465947393091, "24": 0.008630625103692988}, "night": {"1": 0.014151880599594551, "2": 0.013509911609787588, "3": 0.014466568045030978, "4": 0.014992250828315718, "5": 0.024713611366224707, "6": 0.037335801430209106, "7": 0.031550972626654496, "8": 0.021681935493454072, "9": 0.019185770011297797, "10": 0.06414179265098124, "11": 0.06971348855037031, "12": 0.07677089309653103, "13": 0.029365301321542123, "14": 0.04583657391743893, "15": 0.0856037849150001, "16": 0.053951539723908065, "17": 0.05452294173716574, "18": 0.0752275884075436, "19": 0.044409511254271714, "20": 0.05115766128190928, "21": 0.046166390654444674, "22": 0.06205870893590705, "23": 0.03554218447689283, "24": 0.013942937065524297}}, "end": {"morning": {"1": 0.016809731275212084, "2": 0.018894066620026136, "3": 0.019886311500896228, "4": 0.01630355551761678, "5": 0.03217745881724487, "6": 0.04381684283279972, "7": 0.03273237474075848, "8": 0.022372944766573158, "9": 0.023651958037591427, "10": 0.0711728429395092, "11": 0.06494919666873486, "12": 0.07053914749309621, "13": 0.03221654742557928, "14": 0.04250885490099112, "15": 0.09097417729299649, "16": 0.04402992864989781, "17": 0.04907932295769351, "18": 0.063459357561519, "19": 0.042009886830123876, "20": 0.053092857151804174, "21": 0.05063751049671849, "22": 0.047934312162686864, "23": 0.037197723890084876, "24": 0.013553089469845526}, "noon": {"1": 0.008683641693412, "2": 0.010799155102692005, "3": 0.011709437309971756, "4": 0.010421406088592457, "5": 0.02292213960468357, "6": 0.028452063198230536, "7": 0.0259939153234044, "8": 0.02039321344261406, "9": 0.02089857813371374, "10": 0.06375950849528993, "11": 0.06221978694124326, "12": 0.06830469103021, "13": 0.035225416322679136, "14": 0.05052853925908947, "15": 0.09588663324378906, "16": 0.055206759100036, "17": 0.05464796022413205, "18": 0.07035627139553662, "19": 0.04151794416110362, "20": 0.05197590435110504, "21": 0.056474788359561934, "22": 0.07049819864645195, "23": 0.04921992997644338, "24": 0.013904118596014037}, "afternoon": {"1": 0.017749247980014992, "2": 0.018526006593508948, "3": 0.018267510216228067, "4": 0.020014642850698823, "5": 0.03475187051205443, "6": 0.051573737826212836, "7": 0.040161034550015025, "8": 0.029536988237845757, "9": 0.024538876035491878, "10": 0.07264446294903104, "11": 0.08087630241498754, "12": 0.07449608219205935, "13": 0.02753026849329601, "14": 0.03909721622208563, "15": 0.07480206131742657, "16": 0.04705278778362145, "17": 0.04436273670883004, "18": 0.06750898164500195, "19": 0.047669760730074326, "20": 0.045418794661377555, "21": 0.039639652112731766, "22": 0.04393605468438617, "23": 0.030484972444985735, "24": 0.009359950838034115}, "night": {"1": 0.013784200642394499, "2": 0.017125748072088276, "3": 0.018618992674544338, "4": 0.014730015100517298, "5": 0.027810139035672404, "6": 0.03832773253383517, "7": 0.03261302841368313, "8": 0.023888207085681467, "9": 0.020716050687850773, "10": 0.061368101218086224, "11": 0.06144592863312068, "12": 0.06669829379691672, "13": 0.033474771496617504, "14": 0.04419588848421438, "15": 0.08606749215742586, "16": 0.05008174246229086, "17": 0.04890746441223831, "18": 0.07062098645832462, "19": 0.04346515624470689, "20": 0.054074277621578015, "21": 0.05863144444829636, "22": 0.06067935105899255, "23": 0.039010246390943484, "24": 0.013664740869980183}}}