{"start": {"morning": {"1": 0.035300935337157, "2": 0.052807523378819034, "3": 0.05795028326921649, "4": 0.051296716427667116, "5": 0.08078468475549495, "6": 0.10167033104665957, "7": 0.08513526934833933, "8": 0.0668089759937633, "9": 0.06481841524698173, "10": 0.12391729159934557, "11": 0.1764107751968218, "12": 0.10309879839973413}, "noon": {"1": 0.024984226211643267, "2": 0.033372558135504354, "3": 0.04198646769846479, "4": 0.03559442033277688, "5": 0.06092863153661686, "6": 0.08431338217218443, "7": 0.0947748837764204, "8": 0.06015573589256655, "9": 0.060810060049676165, "10": 0.14231192073301158, "11": 0.22022994865133202, "12": 0.14053776480980268}, "afternoon": {"1": 0.03787953124979174, "2": 0.054263284086386636, "3": 0.059036817416119464, "4": 0.05188654520309016, "5": 0.07873501349578613, "6": 0.10045873308045372, "7": 0.11292842306737653, "8": 0.06813135005432322, "9": 0.06116767558627732, "10": 0.09481644774260241, "11": 0.1802437694539423, "12": 0.1004524095638505}, "night": {"1": 0.036186492231741196, "2": 0.03805981766319483, "3": 0.05215354057559172, "4": 0.04241286513246725, "5": 0.07164556884751214, "6": 0.10171116335645634, "7": 0.0999123060670875, "8": 0.07047778882054684, "9": 0.06034497285473382, "10": 0.12539365084868226, "11": 0.1831897635776867, "12": 0.1185120700242994}}, "end": {"morning": {"1": 0.039989586662551854, "2": 0.05630520198304021, "3": 0.05735087292424068, "4": 0.042852800931842475, "5": 0.08936036229289526, "6": 0.1170589495285852, "7": 0.09850905251210741, "8": 0.07191984400251454, "9": 0.07573095723365628, "10": 0.09869289333873074, "11": 0.1702285044878475, "12": 0.08200097410198785}, "noon": {"1": 0.025979470575937212, "2": 0.032870904983416285, "3": 0.0404486104601542, "4": 0.02813872964208689, "5": 0.07735879089654317, "6": 0.09118989680319069, "7": 0.10947444549675484, "8": 0.07481212543052712, "9": 0.07128160598892805, "10": 0.12963586803345367, "11": 0.1966275711482104, "12": 0.1221819805407975}, "afternoon": {"1": 0.04276491985510409, "2": 0.055763312265995166, "3": 0.056493536120190764, "4": 0.03661259547419886, "5": 0.0841434216023408, "6": 0.1097202701088816, "7": 0.13128853496650605, "8": 0.09166081340174966, "9": 0.06598952606049154, "10": 0.08051710659999435, "11": 0.1566958931568169, "12": 0.08835007038773023}, "night": {"1": 0.038320066751217595, "2": 0.05035862305655496, "3": 0.06256734318874801, "4": 0.034734910686042, "5": 0.08795953203786144, "6": 0.12521017634110987, "7": 0.1146489879129481, "8": 0.08416530008267706, "9": 0.07033319785277008, "10": 0.09607369876307388, "11": 0.1511842001290444, "12": 0.0844439631979526}}}