{"morning": {"1": 0.0114899349788538, "2": 0.008748973416184892, "3": 0.012424831563643393, "4": 0.009604588871542368, "5": 0.016839419450248607, "6": 0.018416693847940323, "7": 0.021702898975204367, "8": 0.01281265862146786, "9": 0.01444667604494311, "10": 0.07443865507676904, "11": 0.04761681750560437, "12": 0.07739060825824738, "13": 0.029042073591288964, "14": 0.0476737969444887, "15": 0.13225455782278273, "16": 0.06380433593205559, "17": 0.05538120004247369, "18": 0.07498537197258455, "19": 0.06609587907002328, "20": 0.07070571637681762, "21": 0.03710817898519062, "22": 0.04106339858898429, "23": 0.043851220533925594, "24": 0.012101513528734838, "start": 10.0, "end": 12.0}, "noon": {"1": 0.008220348346535221, "2": 0.008266258624333039, "3": 0.010442496399057272, "4": 0.009043345298664771, "5": 0.014459323324021323, "6": 0.01511687576294778, "7": 0.02261258922964581, "8": 0.013159083027634822, "9": 0.014426443138447296, "10": 0.06672277305291352, "11": 0.046206584678451346, "12": 0.08050055875680509, "13": 0.03118738727234971, "14": 0.04929104626894996, "15": 0.13843605747531784, "16": 0.062239503530122156, "17": 0.05512770839990087, "18": 0.07366212344309114, "19": 0.06509761571829265, "20": 0.06374677985009926, "21": 0.036406657673713025, "22": 0.04613647908623976, "23": 0.055008647244130446, "24": 0.014483314398335955, "start": 12.0, "end": 15.0}, "afternoon": {"1": 0.00877039804830455, "2": 0.007439583985851164, "3": 0.008613670868755882, "4": 0.007337650165927341, "5": 0.012748918406589049, "6": 0.015487497975453582, "7": 0.01813469548648538, "8": 0.01259069215948951, "9": 0.013186745237010597, "10": 0.06753720956406031, "11": 0.0517685241427032, "12": 0.07482755196691993, "13": 0.0329643734979092, "14": 0.05493806024327491, "15": 0.14863319756557763, "16": 0.07147697840789233, "17": 0.056357315797257765, "18": 0.08273364922512429, "19": 0.06491015169176531, "20": 0.06614207220572553, "21": 0.03605410369546452, "22": 0.03692006966801968, "23": 0.03956590986643995, "24": 0.010860980127998387, "start": 15.0, "end": 18.0}, "evening": {"1": 0.012160826832266746, "2": 0.011988054765598295, "3": 0.018805328048576073, "4": 0.01437158806524931, "5": 0.02226031226239156, "6": 0.022901272855758024, "7": 0.02719374679561016, "8": 0.013332841570250095, "9": 0.017142702419446522, "10": 0.06673035375391403, "11": 0.042594879965857826, "12": 0.06155418896724788, "13": 0.030783362192194186, "14": 0.04727163931823709, "15": 0.1381075483670557, "16": 0.06125492522285002, "17": 0.05507980251519244, "18": 0.06988343964322702, "19": 0.05907305046362349, "20": 0.06566781830280363, "21": 0.03998805332065446, "22": 0.04381770522380975, "23": 0.04340046811748542, "24": 0.014636091010700288, "start": 18.0, "end": 19.0}, "night": {"1": 0.009640867837271774, "2": 0.009083666666108256, "3": 0.012458416831511918, "4": 0.009598346184740935, "5": 0.015572909082570035, "6": 0.018704227324892946, "7": 0.023064815298247228, "8": 0.0129310824086853, "9": 0.015231054628694545, "10": 0.06313560677538692, "11": 0.04716962850555697, "12": 0.06949321435819879, "13": 0.031630404241726105, "14": 0.049077833016452105, "15": 0.13459072269273092, "16": 0.06303091021107879, "17": 0.05660351122249864, "18": 0.07772328803355559, "19": 0.0676405107172279, "20": 0.0683097577956194, "21": 0.04018996172613319, "22": 0.04483247923323896, "23": 0.04510242300813231, "24": 0.015184362199740484, "start": 19.0, "end": 10.0}}