{"morning": {"0": 0.06486936757919598, "1": 0.049385627468755855, "2": 0.0345999620400744, "3": 0.04001896899659601, "4": 0.03430286618224177, "5": 0.039506192574681374, "6": 0.040968268842367796, "7": 0.04241333559985605, "8": 0.03344016149951847, "9": 0.02992977754002236, "10": 0.08981950432918728, "11": 0.035951466520547044, "12": 0.07274867068222378, "13": 0.021637649126233643, "14": 0.02605775443115316, "15": 0.08565935035434719, "16": 0.0376004713287652, "17": 0.029840921055163408, "18": 0.040816371707026206, "19": 0.027999062395888646, "20": 0.05401348702505346, "21": 0.020093833871456506, "22": 0.025046046083699054, "23": 0.023280882765945407, "start": 1.0, "end": 6.0}, "noon": {"0": 0.0607059283092467, "1": 0.05721627575926409, "2": 0.039789905790857415, "3": 0.030087092121292326, "4": 0.02402736127887601, "5": 0.03142496718798628, "6": 0.03690141282717134, "7": 0.049964798882015424, "8": 0.027858152131407653, "9": 0.025769933939408317, "10": 0.08471711779113898, "11": 0.033822112285658464, "12": 0.0903470927834327, "13": 0.02217973688850317, "14": 0.028261979889362628, "15": 0.08628397516302078, "16": 0.03464983997445316, "17": 0.0323530115548285, "18": 0.04239031435700289, "19": 0.033279193173076385, "20": 0.04959763893595647, "21": 0.02282750894751469, "22": 0.026978379920470943, "23": 0.02856627010805472, "start": 6.0, "end": 7.0}, "afternoon": {"0": 0.06766580285952689, "1": 0.055359664773438115, "2": 0.03989763136189967, "3": 0.03092261021507203, "4": 0.03457431566980988, "5": 0.03181546679002533, "6": 0.037961465852604785, "7": 0.04565411627771459, "8": 0.03560921199589383, "9": 0.029185131896907204, "10": 0.09225471553304844, "11": 0.04015319166914969, "12": 0.07139112271548005, "13": 0.02283839905962134, "14": 0.02806482583718924, "15": 0.08898819705654622, "16": 0.03745827188583382, "17": 0.030718300934542333, "18": 0.03846424140108005, "19": 0.02794715195451664, "20": 0.05092402324643756, "21": 0.019231564384070206, "22": 0.02209545165053843, "23": 0.020825124979053613, "start": 7.0, "end": 10.0}, "evening": {"0": 0.06208529667694599, "1": 0.03514010954725038, "2": 0.03078501243539764, "3": 0.03665654947764745, "4": 0.025203078959753013, "5": 0.033434724106530665, "6": 0.03649496745479542, "7": 0.046172245603551765, "8": 0.02381874064236481, "9": 0.028361511650381237, "10": 0.13963556941515268, "11": 0.04140919348764313, "12": 0.07573898362782723, "13": 0.023749255406989554, "14": 0.02701492418194004, "15": 0.09848969840115156, "16": 0.03486460029390562, "17": 0.029647764775471583, "18": 0.03665360284413766, "19": 0.02495198089614209, "20": 0.046254072165567615, "21": 0.019849971101589866, "22": 0.02310131981275394, "23": 0.020486827035109085, "start": 10.0, "end": 15.0}, "night": {"0": 0.03605714448207253, "1": 0.02946918591820966, "2": 0.03014726297215009, "3": 0.03909762484712968, "4": 0.028524201242275504, "5": 0.034133123490873614, "6": 0.04116232198540129, "7": 0.0469983832332265, "8": 0.027774093768501276, "9": 0.027415859869713562, "10": 0.12457906715013924, "11": 0.03937874287401289, "12": 0.07504928044712654, "13": 0.027936036429254504, "14": 0.03321592385672256, "15": 0.0965424909761294, "16": 0.036804093608414086, "17": 0.03383762998824693, "18": 0.043245939658013856, "19": 0.033103439124354, "20": 0.047547169590096444, "21": 0.021344435579922435, "22": 0.02301261941125893, "23": 0.0236239294967545, "start": 15.0, "end": 1.0}}