{"morning": {"0": 0.06416107138188774, "1": 0.06554218187560239, "2": 0.026739869795229698, "3": 0.03022042962841702, "4": 0.028080956065737486, "5": 0.032608372126322796, "6": 0.035254826952210876, "7": 0.03662074711743497, "8": 0.06161948086577372, "9": 0.026576751748138294, "10": 0.07412109829784445, "11": 0.08174739125664893, "12": 0.06254402127787476, "13": 0.0199546805887707, "14": 0.023059838612374102, "15": 0.08421478702344867, "16": 0.035489248934593584, "17": 0.028825441738256956, "18": 0.04246368888122318, "19": 0.027737127775580597, "20": 0.05049014799810015, "21": 0.01904423384033662, "22": 0.021996570559750257, "23": 0.020887035658442073, "start": 10.0, "end": 11.0}, "noon": {"0": 0.057819295354640574, "1": 0.06729035934894738, "2": 0.02899350606789832, "3": 0.025361695746272832, "4": 0.025639496502215715, "5": 0.03029464354314218, "6": 0.03574166212406006, "7": 0.04208253733761657, "8": 0.06343706689580299, "9": 0.026481318171504904, "10": 0.06739697513254075, "11": 0.07797463936299745, "12": 0.07229053481283418, "13": 0.023884743370306893, "14": 0.02757970438937633, "15": 0.07816924424209498, "16": 0.03048189751230369, "17": 0.029043783895599792, "18": 0.04296580507821729, "19": 0.03191584973383703, "20": 0.04537648684833882, "21": 0.020736002899608655, "22": 0.023603699771218727, "23": 0.025439051858623878, "start": 11.0, "end": 12.0}, "afternoon": {"0": 0.0639959430254129, "1": 0.0746587566386291, "2": 0.030607606759346456, "3": 0.027066854588792204, "4": 0.027876192227689913, "5": 0.026587358313842076, "6": 0.03183944707580975, "7": 0.03729632710336572, "8": 0.06310500949439979, "9": 0.025489757809757933, "10": 0.07070816019527862, "11": 0.08104631271036714, "12": 0.06327741881108996, "13": 0.02221905771533443, "14": 0.02724287359941939, "15": 0.0879304252872225, "16": 0.03542148706347737, "17": 0.03005461353761789, "18": 0.04139414039406944, "19": 0.02850723039516509, "20": 0.04674047004750471, "21": 0.01829327073736214, "22": 0.02036726605988688, "23": 0.01827402040915864, "start": 12.0, "end": 15.0}, "evening": {"0": 0.06198502587426435, "1": 0.04883923887782821, "2": 0.024822720788749503, "3": 0.028835604848049187, "4": 0.02383920838803353, "5": 0.029819679891787996, "6": 0.031801927662559334, "7": 0.04318080136030875, "8": 0.061654982982991234, "9": 0.0234565720691923, "10": 0.10534306284157581, "11": 0.08381225978939268, "12": 0.06422670202970118, "13": 0.02303057384676108, "14": 0.024134376764159055, "15": 0.09374915019015308, "16": 0.03309642036634931, "17": 0.02712543260421164, "18": 0.0385988195148893, "19": 0.024319203141765656, "20": 0.044492256012220316, "21": 0.018553082011739632, "22": 0.022755314842789278, "23": 0.018527583300527603, "start": 15.0, "end": 18.0}, "night": {"0": 0.04058296113875715, "1": 0.042157405746064136, "2": 0.0299545512167396, "3": 0.03780141788434499, "4": 0.03550903746015913, "5": 0.02753295609409144, "6": 0.03373625404460873, "7": 0.04310297805744799, "8": 0.07480917101818145, "9": 0.02528153878721578, "10": 0.0908753236950934, "11": 0.08162096822062098, "12": 0.06598765446171202, "13": 0.023058478579605215, "14": 0.027886437495074728, "15": 0.09137839481588801, "16": 0.03183033570177221, "17": 0.028614487339051798, "18": 0.041745032122610284, "19": 0.028663752132546204, "20": 0.04022752101338979, "21": 0.01829422224439485, "22": 0.02051058947454179, "23": 0.018838531256088264, "start": 18.0, "end": 10.0}}