{"start": {"morning": {"1": 0.007711647209786977, "2": 0.007606989284608178, "3": 0.007584671019258807, "4": 0.007292589972968995, "5": 0.011739909391158711, "6": 0.01782672358895631, "7": 0.018976611658871306, "8": 0.010624833326570882, "9": 0.013819992903961685, "10": 0.07388175720605941, "11": 0.05826541187161212, "12": 0.0798185847425856, "13": 0.03307121845534519, "14": 0.051807354934353275, "15": 0.11615363862849654, "16": 0.05473262249391316, "17": 0.06359361308740356, "18": 0.07543628661047772, "19": 0.05360954508974525, "20": 0.07441003222380649, "21": 0.046410724991538435, "22": 0.05308597555565919, "23": 0.04936948066632793, "24": 0.013169785086534271}, "noon": {"1": 0.004192388274644213, "2": 0.004834529582406412, "3": 0.004180534280373713, "4": 0.004544592457505156, "5": 0.008090771472048022, "6": 0.013161116752927384, "7": 0.015295376777820292, "8": 0.00796892196758044, "9": 0.010592352121390319, "10": 0.0698531522672863, "11": 0.05185117891798409, "12": 0.0928691919334394, "13": 0.03160670390678899, "14": 0.058341120107311704, "15": 0.14185690202508044, "16": 0.055544119731533274, "17": 0.058127197427386694, "18": 0.07824017024828278, "19": 0.05487790324652607, "20": 0.06959820658447022, "21": 0.0445158866537871, "22": 0.05862014461494271, "23": 0.04785773670518955, "24": 0.013379801943294724}, "afternoon": {"1": 0.006760106597869085, "2": 0.005905301743266271, "3": 0.0047838010212737005, "4": 0.0047300792838621914, "5": 0.008540622197974015, "6": 0.014526049562310135, "7": 0.013734572680055847, "8": 0.008668989070437312, "9": 0.01098112121166493, "10": 0.07239167948750722, "11": 0.061446756948135485, "12": 0.08857137650652991, "13": 0.035781977108918415, "14": 0.05446383383851734, "15": 0.14783402442401467, "16": 0.06490918487116924, "17": 0.06039656984167822, "18": 0.07592054621576286, "19": 0.05076917081307237, "20": 0.07281521838284888, "21": 0.04099768523265412, "22": 0.045377267443512816, "23": 0.04001021678514882, "24": 0.009683848731816156}, "evening": {"1": 0.006076575489332056, "2": 0.006367455420598739, "3": 0.005718079936938996, "4": 0.005804582572169476, "5": 0.00979794849448254, "6": 0.016044890026231592, "7": 0.015566524718894309, "8": 0.009427385880098987, "9": 0.01228365078694331, "10": 0.07036132794685288, "11": 0.062397231754393295, "12": 0.06637597804972598, "13": 0.032796972700454494, "14": 0.06426622807605434, "15": 0.1432193287454019, "16": 0.06358429186932586, "17": 0.05859754976772777, "18": 0.06738274459281302, "19": 0.049133054276168486, "20": 0.06610326847213041, "21": 0.048928573722025304, "22": 0.06198632841028509, "23": 0.04602875663540283, "24": 0.011751271655548342}, "night": {"1": 0.008612402886765349, "2": 0.011338563065442654, "3": 0.009777557357448577, "4": 0.008943745877629384, "5": 0.01572563598852384, "6": 0.02462143565372901, "7": 0.023410492066197264, "8": 0.01326589886206641, "9": 0.014813343233035845, "10": 0.08378232242384727, "11": 0.0636000926682378, "12": 0.07649812494758085, "13": 0.035624975616656604, "14": 0.0717869007817081, "15": 0.12909558680649352, "16": 0.056152316158890624, "17": 0.05547462669217279, "18": 0.06417439348134711, "19": 0.04672430018028571, "20": 0.056914926943507256, "21": 0.041004917790113254, "22": 0.045094915584025085, "23": 0.033823689923611636, "24": 0.009738835010684052}}, "end": {"morning": {"1": 0.005762651880409219, "2": 0.006309539239586235, "3": 0.005493639866127017, "4": 0.006147370334563951, "5": 0.01392572972367782, "6": 0.01849810072173438, "7": 0.0172267232924091, "8": 0.011797802162759738, "9": 0.011170669961318495, "10": 0.08623504825461926, "11": 0.050054016061066735, "12": 0.08371940535930197, "13": 0.030473062556244854, "14": 0.05297371581789377, "15": 0.1290820842067956, "16": 0.059806521296837084, "17": 0.05429386066210654, "18": 0.06580223217685377, "19": 0.05407604832257041, "20": 0.09605134095333336, "21": 0.04359573149559918, "22": 0.047758599305176626, "23": 0.037262353435886374, "24": 0.012483752913128485}, "noon": {"1": 0.004167539978900528, "2": 0.005333095010973293, "3": 0.004518893319910091, "4": 0.005037407516418441, "5": 0.010040032170966199, "6": 0.013777016801387114, "7": 0.014559938556338275, "8": 0.009427887918372036, "9": 0.009731568742658753, "10": 0.06421096107022305, "11": 0.04076929723435359, "12": 0.07493853521458096, "13": 0.034740979653280525, "14": 0.06494214730627736, "15": 0.11826861933182285, "16": 0.053576997080758526, "17": 0.06171593530851169, "18": 0.07350878300809958, "19": 0.06322300269988611, "20": 0.09431525603633666, "21": 0.05649303857015545, "22": 0.06234511624538893, "23": 0.04308211652320136, "24": 0.017275834701198624}, "afternoon": {"1": 0.006851506216744384, "2": 0.0074396726065051495, "3": 0.006048399715682821, "4": 0.006083241383459866, "5": 0.011203635986541364, "6": 0.018657140478545973, "7": 0.0172469890776771, "8": 0.01320929383596671, "9": 0.012376304973665719, "10": 0.0654247780204385, "11": 0.050472765215550594, "12": 0.08788992223179493, "13": 0.03668842348124524, "14": 0.05681606814320269, "15": 0.133898981299453, "16": 0.06153813105510264, "17": 0.054045571058864185, "18": 0.07758462937063934, "19": 0.06357669175609486, "20": 0.09061881555162334, "21": 0.0419198438243626, "22": 0.03705744008124886, "23": 0.03137169760088026, "24": 0.011980057034710065}, "evening": {"1": 0.006594882837166485, "2": 0.008143702406622702, "3": 0.009780311769365032, "4": 0.009006214226847456, "5": 0.019672467943118364, "6": 0.019685079758533328, "7": 0.022040316457379652, "8": 0.014237097813808212, "9": 0.012364722289851618, "10": 0.06569940224326035, "11": 0.041800607558375176, "12": 0.07094712613541057, "13": 0.03503560307811494, "14": 0.04635141942702693, "15": 0.13065362334258906, "16": 0.06095545597698207, "17": 0.04865380787269934, "18": 0.06250037503688896, "19": 0.044717425722318405, "20": 0.09835559125491256, "21": 0.05351796739003291, "22": 0.05789387577722154, "23": 0.04387041836460015, "24": 0.01752250531687421}, "night": {"1": 0.005437367197531027, "2": 0.007822867700105462, "3": 0.007644602652517557, "4": 0.007308778802698739, "5": 0.015050668322932876, "6": 0.02101978245438328, "7": 0.020708925561656967, "8": 0.014918085724130703, "9": 0.013730057268545743, "10": 0.0701793615952585, "11": 0.04901715597463299, "12": 0.06990769190832645, "13": 0.03444840176471061, "14": 0.06394682797448428, "15": 0.13444548651818128, "16": 0.06168732421362547, "17": 0.05636989185977665, "18": 0.06902461995010722, "19": 0.05575313411054415, "20": 0.07629268405226625, "21": 0.04592942705639102, "22": 0.05078094762313413, "23": 0.03582647571666492, "24": 0.012749433997393715}}}