{"morning": {"0": 0.02593232168586617, "1": 0.05764628387114494, "2": 0.04126434032485879, "3": 0.05271792819389458, "4": 0.09545311273946497, "5": 0.034565473286066725, "6": 0.058142832720297154, "7": 0.0671904416051677, "8": 0.03543284200816312, "9": 0.07026588018489878, "10": 0.055397630019915024, "11": 0.07258309604779031, "12": 0.034101759267292205, "13": 0.013190734629872662, "14": 0.018007993504315558, "15": 0.038912721558724016, "16": 0.024650229698434615, "17": 0.03071902061572618, "18": 0.0245195731716223, "19": 0.039365526317287916, "20": 0.03019046583978013, "21": 0.03359110962221889, "22": 0.025053568495222826, "23": 0.02110511459197446, "start": 4.0, "end": 11.0}, "noon": {"0": 0.035577811351698255, "1": 0.05882440812159423, "2": 0.04523315991270823, "3": 0.051236582810022545, "4": 0.08747189455043757, "5": 0.02989786124625788, "6": 0.03434521321215852, "7": 0.0576443204345971, "8": 0.05255133260590083, "9": 0.05173752444220377, "10": 0.05824007048923501, "11": 0.05289151683636584, "12": 0.07488689495419414, "13": 0.015560912656341878, "14": 0.01956679746917807, "15": 0.05423475240061805, "16": 0.028086162037818618, "17": 0.03079855981736329, "18": 0.031857903710895114, "19": 0.03746197220568038, "20": 0.034136702500232236, "21": 0.01829545601987834, "22": 0.019596956142614485, "23": 0.019865234072005678, "start": 11.0, "end": 12.0}, "afternoon": {"0": 0.027179392874572817, "1": 0.07975887951285127, "2": 0.05391808398337987, "3": 0.059944078222048565, "4": 0.08762597987751071, "5": 0.04159620388811916, "6": 0.043574016619222965, "7": 0.061645854923499624, "8": 0.0411477070183277, "9": 0.05201095833868107, "10": 0.06446456539634578, "11": 0.04728935605536261, "12": 0.05208798782424319, "13": 0.0148407826253817, "14": 0.021293823826355494, "15": 0.04516060348351825, "16": 0.024712201621377765, "17": 0.026228308650404993, "18": 0.03258130396103732, "19": 0.03352883913948267, "20": 0.0320849250560211, "21": 0.019563286039949265, "22": 0.019414509514902603, "23": 0.018348351547403458, "start": 12.0, "end": 15.0}, "evening": {"0": 0.033734029781566484, "1": 0.072342017910269, "2": 0.06447377079044228, "3": 0.06561431196645869, "4": 0.10431779818919973, "5": 0.032214918393735165, "6": 0.04107110917488835, "7": 0.06150668905508309, "8": 0.041115562386078254, "9": 0.04824219472255105, "10": 0.052552656076030164, "11": 0.040737328705800775, "12": 0.04669224146932424, "13": 0.014070501252291775, "14": 0.019430527675695974, "15": 0.04016899360545861, "16": 0.024798006063260443, "17": 0.02574185506630053, "18": 0.028245907348124225, "19": 0.042250008147293704, "20": 0.03644647186406838, "21": 0.023214512281687652, "22": 0.02211114309876536, "23": 0.018907444975626117, "start": 15.0, "end": 23.0}, "night": {"0": 0.025165413696256758, "1": 0.06373655094690507, "2": 0.057283289166279706, "3": 0.07595017265590207, "4": 0.08629007509826694, "5": 0.04245048268807589, "6": 0.05307091424739588, "7": 0.07954356986381353, "8": 0.057059546273573694, "9": 0.055683279236187044, "10": 0.05695906249607276, "11": 0.03934974317523978, "12": 0.04577376156120644, "13": 0.01453562152389725, "14": 0.020132414496585198, "15": 0.0412007712237127, "16": 0.02143077364989336, "17": 0.02275293760964596, "18": 0.02735370776002799, "19": 0.033581464689782195, "20": 0.02886521582386243, "21": 0.016819374078503806, "22": 0.01747343996363633, "23": 0.01753841807527724, "start": 23.0, "end": 4.0}}