{"morning": {"1": 0.011999297709950656, "2": 0.015232233396334616, "3": 0.02584286941895546, "4": 0.037197444649814136, "5": 0.02684176466767364, "6": 0.03576614906259493, "7": 0.03997694743683254, "8": 0.027303934890355912, "9": 0.06355123733315995, "10": 0.052844311323629656, "11": 0.056045222929758554, "12": 0.04564060861517054, "13": 0.01918498513180336, "14": 0.027566442844513105, "15": 0.07360197252566611, "16": 0.04866378656634551, "17": 0.04830328988822365, "18": 0.054281701767839266, "19": 0.07695996971994964, "20": 0.062008326973008746, "21": 0.06331763238640992, "22": 0.04389861301688726, "23": 0.031862192834174845, "24": 0.012109064910947948, "start": 9.0, "end": 10.0}, "noon": {"1": 0.02029558374368757, "2": 0.022687050837880644, "3": 0.04629011479416423, "4": 0.05679925636510087, "5": 0.035243528237424146, "6": 0.03813755502338563, "7": 0.04608068593570648, "8": 0.03586012534533538, "9": 0.0588076497552538, "10": 0.06561218766762081, "11": 0.06388329352409308, "12": 0.0742984271956549, "13": 0.020196838020326603, "14": 0.024974534512455734, "15": 0.07222002862128697, "16": 0.04421017741884693, "17": 0.03500068450279174, "18": 0.052846477078496434, "19": 0.051950230890178827, "20": 0.04256059473329487, "21": 0.0297926688923195, "22": 0.02769072921052535, "23": 0.023476035050435697, "24": 0.01108554264373384, "start": 10.0, "end": 15.0}, "afternoon": {"1": 0.02158146541276902, "2": 0.01840742165714763, "3": 0.030745336139401107, "4": 0.039337528527461196, "5": 0.036678717136408426, "6": 0.04093035793772764, "7": 0.051166441459803716, "8": 0.03446575486441043, "9": 0.06268214938211228, "10": 0.06458121410133744, "11": 0.06305716385441076, "12": 0.05895735630195962, "13": 0.021216797833357805, "14": 0.029192724400848587, "15": 0.07246001802272653, "16": 0.04336358289301824, "17": 0.037075970259070314, "18": 0.0550577405781559, "19": 0.06063909374453001, "20": 0.04867354052420382, "21": 0.03809177251364025, "22": 0.032592957093259524, "23": 0.02709385890051134, "24": 0.011951036461728373, "start": 15.0, "end": 19.0}, "evening": {"1": 0.02139470379683523, "2": 0.02725407400922886, "3": 0.04863609570246496, "4": 0.08855047701729753, "5": 0.036986096143842455, "6": 0.04641043773763676, "7": 0.04163736674792521, "8": 0.03489198105498574, "9": 0.05626942470410147, "10": 0.04513030255358308, "11": 0.04636495733466348, "12": 0.05118924039855857, "13": 0.017358365354776372, "14": 0.023504547500981177, "15": 0.06467640307008087, "16": 0.048545166528715815, "17": 0.036309086391415904, "18": 0.05348211142947368, "19": 0.062022523900334685, "20": 0.046638057189357145, "21": 0.036070338868274945, "22": 0.030530063665868, "23": 0.02247732541636023, "24": 0.013670853483237861, "start": 19.0, "end": 22.0}, "night": {"1": 0.026613864568157935, "2": 0.03658084025104111, "3": 0.06088875710374264, "4": 0.06927090694023225, "5": 0.04385206341121484, "6": 0.05269002763607657, "7": 0.05968930728870712, "8": 0.044255583484239594, "9": 0.06539433358056518, "10": 0.04837391559176001, "11": 0.05173331176448355, "12": 0.055298154134109635, "13": 0.01829832949369294, "14": 0.024030097310867925, "15": 0.05690437579369486, "16": 0.039187275145831625, "17": 0.032929520419608525, "18": 0.045361926936423394, "19": 0.04846685249902463, "20": 0.036160479640561065, "21": 0.028284471606481554, "22": 0.024471433085140024, "23": 0.019710998684019838, "24": 0.01155317363032329, "start": 22.0, "end": 9.0}}