{"start": {"morning": {"1": 0.00380826645642352, "2": 0.0026162627509465778, "3": 0.004573450991906759, "4": 0.007941567950135647, "5": 0.006374460018075779, "6": 0.013564069778667427, "7": 0.015933088253712147, "8": 0.006488899830203113, "9": 0.025179471764616535, "10": 0.05110373468783354, "11": 0.05644639932187693, "12": 0.04568989674990362, "13": 0.018149242587116882, "14": 0.031803648727115, "15": 0.09811294519087257, "16": 0.045641335221008966, "17": 0.07129269595687056, "18": 0.10598264442484859, "19": 0.1092669414631988, "20": 0.05853437104648905, "21": 0.07676226706874853, "22": 0.07150548288421957, "23": 0.05976501479111501, "24": 0.013463842084094896}, "noon": {"1": 0.0037292330923653235, "2": 0.0027327710911088446, "3": 0.0043616665830522195, "4": 0.007339335762890024, "5": 0.006412472413215437, "6": 0.01443022489920728, "7": 0.016240719905737534, "8": 0.007970247519433298, "9": 0.02264865281892505, "10": 0.05073675484260837, "11": 0.05902112808403821, "12": 0.054409562789795855, "13": 0.019088886372413884, "14": 0.03333973451505365, "15": 0.09775653483328087, "16": 0.053373175829290194, "17": 0.06622076664660695, "18": 0.09915764899373887, "19": 0.10497271088772918, "20": 0.060670122200595825, "21": 0.07220780688954434, "22": 0.06918063975434904, "23": 0.05946365798951455, "24": 0.014535545285505217}, "afternoon": {"1": 0.005952607838995911, "2": 0.003650061542426617, "3": 0.0061842823492784865, "4": 0.010849485209283872, "5": 0.010998968131173719, "6": 0.02031874971362723, "7": 0.027818417410949908, "8": 0.01430611037843612, "9": 0.03592280060805399, "10": 0.06136627812670735, "11": 0.07806036407775804, "12": 0.059819345862749895, "13": 0.021262968045035052, "14": 0.04009104508184125, "15": 0.09633802392271323, "16": 0.053329260678970376, "17": 0.06278867643552041, "18": 0.08651072940821519, "19": 0.09254016379851632, "20": 0.04616053816885057, "21": 0.05581725025284619, "22": 0.054308667047064066, "23": 0.044350345950382564, "24": 0.0112548599606036}, "evening": {"1": 0.004928135316878359, "2": 0.0034617596691032555, "3": 0.006917346197697074, "4": 0.014540402631770429, "5": 0.007971628874115557, "6": 0.016226062727291646, "7": 0.016951933581766308, "8": 0.008519880390362512, "9": 0.02985363365303434, "10": 0.03962703252907098, "11": 0.047227369244809865, "12": 0.04188229253126995, "13": 0.0158883294102329, "14": 0.030005244875228737, "15": 0.09614830767987081, "16": 0.056026958805695366, "17": 0.06774204895466884, "18": 0.10309539170106204, "19": 0.12206880799743751, "20": 0.05694892010098087, "21": 0.0752099136565586, "22": 0.06652608112576029, "23": 0.05573684429073935, "24": 0.01649567405459437}, "night": {"1": 0.005632262330203661, "2": 0.005254448283329053, "3": 0.008771906212805066, "4": 0.012878680659463473, "5": 0.010653358523387621, "6": 0.02323084653905755, "7": 0.02593843040242859, "8": 0.012195834890376999, "9": 0.03270772971433476, "10": 0.051972514922838824, "11": 0.05847449024827774, "12": 0.04732178295400107, "13": 0.01673934868767968, "14": 0.033037158059722925, "15": 0.09545420223410973, "16": 0.05030370175669476, "17": 0.06528098147447838, "18": 0.09716602937029634, "19": 0.10606812547287563, "20": 0.054497955240326044, "21": 0.06429530245884646, "22": 0.06096311337731247, "23": 0.04823461143354122, "24": 0.012927184753611988}}, "end": {"morning": {"1": 0.006832137883258193, "2": 0.004437069667283297, "3": 0.008014337934199315, "4": 0.012514070737547059, "5": 0.0075276252912352855, "6": 0.015876275212094514, "7": 0.018888745620834712, "8": 0.008836182585810329, "9": 0.03167985226273437, "10": 0.051662186490114594, "11": 0.05924691940756731, "12": 0.0501215771376745, "13": 0.015336552017603547, "14": 0.025829405648913638, "15": 0.08520855044018275, "16": 0.04344123387349617, "17": 0.06214544874765858, "18": 0.1014493201138518, "19": 0.10387840634249947, "20": 0.051924516633107445, "21": 0.0743559555407531, "22": 0.07918524056094191, "23": 0.06717359491726475, "24": 0.0144347949333734}, "noon": {"1": 0.005986729839669273, "2": 0.004005269098631723, "3": 0.006678907201351105, "4": 0.009964957495840542, "5": 0.007402358275259767, "6": 0.01609269143085139, "7": 0.01955623800093607, "8": 0.010426418458622532, "9": 0.027294282626964296, "10": 0.051646973021270436, "11": 0.06025897358125488, "12": 0.05748044420803218, "13": 0.01737900974761089, "14": 0.02766285790041892, "15": 0.08815807138649429, "16": 0.04909528559951704, "17": 0.058270811315773885, "18": 0.09347341965930361, "19": 0.10117301292004638, "20": 0.05838252955027839, "21": 0.07267565712613391, "22": 0.07418242089994292, "23": 0.06670255624979507, "24": 0.01605012440600049}, "afternoon": {"1": 0.0095243848638461, "2": 0.00540127095125184, "3": 0.009249957486920944, "4": 0.014773934701997933, "5": 0.01297981126183245, "6": 0.022448982143115234, "7": 0.032215440190735606, "8": 0.01940398607940852, "9": 0.04253586538668897, "10": 0.059647370120382445, "11": 0.07558546859377482, "12": 0.06345520095712615, "13": 0.01848592180706122, "14": 0.03028861288259259, "15": 0.0847819511796121, "16": 0.05120477948367861, "17": 0.057999109050072745, "18": 0.0821438341167969, "19": 0.08549359321884561, "20": 0.04573127238070829, "21": 0.055407913645759074, "22": 0.057443415437579456, "23": 0.0503535589507689, "24": 0.013444365109443463}, "evening": {"1": 0.009467754309869047, "2": 0.006201172778573028, "3": 0.012375964131253187, "4": 0.02213323748727311, "5": 0.01078093174909836, "6": 0.020011021162259945, "7": 0.021798748170730447, "8": 0.012781688346250096, "9": 0.03752808570000125, "10": 0.04493380580314751, "11": 0.054339982029446586, "12": 0.04978294487462659, "13": 0.014510747698208837, "14": 0.025325939470222988, "15": 0.08275333564055372, "16": 0.0499232866039499, "17": 0.05585364420075039, "18": 0.0914496729985817, "19": 0.11080492552903014, "20": 0.05223614783223055, "21": 0.06800809343775309, "22": 0.06950577092521283, "23": 0.0599778405055739, "24": 0.017515258615402807}, "night": {"1": 0.009656095102943048, "2": 0.008220526738401375, "3": 0.013660113298614473, "4": 0.017363691497833626, "5": 0.012700230699436238, "6": 0.0261497609897683, "7": 0.030728656977997742, "8": 0.01657131390533675, "9": 0.03987870603945948, "10": 0.054787073490609024, "11": 0.0631502978749179, "12": 0.052392044512683235, "13": 0.015282506640412577, "14": 0.026525765900038117, "15": 0.08245792885968328, "16": 0.04564546748707998, "17": 0.05474981499616074, "18": 0.08689565150825418, "19": 0.09875026064572612, "20": 0.05132115689471004, "21": 0.06271008176549216, "22": 0.06314991404222471, "23": 0.05367223881352048, "24": 0.01358070131869645}}}