{"morning": {"0": 0.026639740054550134, "1": 0.06917958946298099, "2": 0.04151379555506411, "3": 0.06644786939391491, "4": 0.06631282866310201, "5": 0.04237389851589265, "6": 0.05869116849227813, "7": 0.09187966238938247, "8": 0.05998472876570088, "9": 0.07429193650061672, "10": 0.057404056277284995, "11": 0.054583581843830366, "12": 0.06034274535457148, "13": 0.014855024913066896, "14": 0.01598581603584941, "15": 0.03400055791168754, "16": 0.02152949013776922, "17": 0.020218337979410108, "18": 0.02319592110801702, "19": 0.02602296292510501, "20": 0.029645792284165917, "21": 0.013202136938408594, "22": 0.015599995170973257, "23": 0.016098363326377214, "start": 1.0, "end": 3.0}, "noon": {"0": 0.01955580485504856, "1": 0.05540155487317564, "2": 0.042787389215272816, "3": 0.06509228461882459, "4": 0.13325702905079698, "5": 0.04447319872752704, "6": 0.03629387775769295, "7": 0.06742582963527784, "8": 0.0710269217375762, "9": 0.04918818444566718, "10": 0.03888326536398203, "11": 0.025198707454609615, "12": 0.05359049295110569, "13": 0.01581029613865873, "14": 0.023300770757489927, "15": 0.052621802737705774, "16": 0.04158627880326713, "17": 0.03391413828803532, "18": 0.03372781841456898, "19": 0.0249250175205797, "20": 0.02177476581997552, "21": 0.010008516633409407, "22": 0.017243522552528246, "23": 0.02291253164722415, "start": 3.0, "end": 4.0}, "afternoon": {"0": 0.02327941633951903, "1": 0.053940501469323214, "2": 0.04260344613888773, "3": 0.05889212445318178, "4": 0.07835626208276743, "5": 0.05651553368889539, "6": 0.05145354669706269, "7": 0.06673058797091405, "8": 0.05986344203425709, "9": 0.06555184072754872, "10": 0.06951527543297614, "11": 0.04415989562954112, "12": 0.05746969515373099, "13": 0.016785596677787118, "14": 0.01919492467052233, "15": 0.04338557376362571, "16": 0.026652015784522184, "17": 0.024581727764799277, "18": 0.025139890899302044, "19": 0.027729732638981024, "20": 0.03448561259796354, "21": 0.014058467242963823, "22": 0.018405030652229894, "23": 0.021249859488697696, "start": 4.0, "end": 7.0}, "evening": {"0": 0.025712420768686368, "1": 0.051352195968756134, "2": 0.04440308774058444, "3": 0.05810253409373511, "4": 0.05110934253697325, "5": 0.04371174018336917, "6": 0.05737588270946618, "7": 0.09958296671220458, "8": 0.08760199147146662, "9": 0.08465601235010603, "10": 0.05472397884424658, "11": 0.049140092184399194, "12": 0.054361338587958094, "13": 0.013801956428712788, "14": 0.013801152325445435, "15": 0.03689883345568989, "16": 0.02335269974298775, "17": 0.02320216030321989, "18": 0.02244477795112633, "19": 0.02702616716688577, "20": 0.03146481391889165, "21": 0.013424425031362807, "22": 0.015317767509855815, "23": 0.017431662013870107, "start": 7.0, "end": 8.0}, "night": {"0": 0.017065473160411182, "1": 0.07582655887403034, "2": 0.04504529032680909, "3": 0.04487431030028042, "4": 0.045590648992613156, "5": 0.03542828182595961, "6": 0.0524446997747575, "7": 0.09154986340703376, "8": 0.09206675239423122, "9": 0.10072315661922089, "10": 0.054891194796274495, "11": 0.07137315610847546, "12": 0.05032481566580285, "13": 0.015628043657211942, "14": 0.016288890829303914, "15": 0.031591984208761546, "16": 0.020840334852706557, "17": 0.021912000607516684, "18": 0.021918765274373777, "19": 0.023718574296712234, "20": 0.022427132937492107, "21": 0.01620783699027904, "22": 0.017310137831356646, "23": 0.014952096268385544, "start": 8.0, "end": 1.0}}