{"morning": {"1": 0.13516254788320037, "14": 0.04291995393493199, "3": 0.13741904404508648, "4": 0.1119074013131528, "5": 0.04382734864576341, "6": 0.048755205397499904, "7": 0.15349043043043195, "8": 0.11314913896211384, "9": 0.11104518758207833, "10": 0.032000507287966024, "11": 0.02675192784359177, "12": 0.04357130667418312, "start": 3.0, "end": 4.0}, "noon": {"13": 0.06324682275088776, "14": 0.0, "15": 0.030850212548188854, "4": 0.5971132801385155, "5": 0.029635301426681384, "6": 0.026109763211413714, "7": 0.046078076217600066, "8": 0.07591884427581551, "9": 0.06880115385414227, "10": 0.02117547738252313, "11": 0.017987503838609947, "12": 0.02308356435562201, "start": 4.0, "end": 5.0}, "afternoon": {"13": 0.06601446911755578, "14": 0.046986332442753895, "15": 0.09003916014734974, "16": 0.13240721282415585, "5": 0.068846512118985, "6": 0.043263478946286536, "7": 0.10457939744745422, "8": 0.13918883836449258, "9": 0.12501437625012699, "10": 0.07237017247079791, "11": 0.045358392050032975, "12": 0.06593165782000851, "start": 5.0, "end": 16.0}, "evening": {"13": 0.06886616382830657, "14": 0.04814515253887941, "15": 0.10542651651049377, "16": 0.09732041524856158, "17": 0.05191953111583901, "18": 0.06950230512621562, "19": 0.15083352925007737, "8": 0.1637008884337745, "9": 0.1463336438851673, "22": 0.04123051293325618, "23": 0.02868236282621911, "24": 0.02803897830320955, "start": 16.0, "end": 19.0}, "night": {"1": 0.07392509545951012, "2": 0.04246986289238182, "3": 0.042422290469842, "4": 0.06739877195548223, "5": 0.025421091390939544, "6": 0.031032922114817688, "19": 0.2251706037229021, "20": 0.21614616128539393, "21": 0.16617465577521318, "22": 0.03169633679484191, "23": 0.037252265390952534, "24": 0.04088994274772283, "start": 19.0, "end": 3.0}}