{"morning": {"0": 0.027979339854434317, "1": 0.07165394174127801, "2": 0.04202235399083229, "3": 0.06636649674361456, "4": 0.06734360207093894, "5": 0.04242282633843424, "6": 0.05753846963651444, "7": 0.09622792474678855, "8": 0.060452298255242724, "9": 0.06940658671360038, "10": 0.05427477390320735, "11": 0.05195136082540358, "12": 0.06134449359774813, "13": 0.014691915051539677, "14": 0.015864376724522674, "15": 0.03454920286529768, "16": 0.02186623359025605, "17": 0.019941493083495083, "18": 0.02329760947111489, "19": 0.02551438853956431, "20": 0.02978478893651304, "21": 0.012888917048476972, "22": 0.015976105410978363, "23": 0.01664050086020374, "start": 1.0, "end": 3.0}, "noon": {"0": 0.019959045740440984, "1": 0.060462253246176795, "2": 0.043133930176539124, "3": 0.06638869624501188, "4": 0.10601868695129296, "5": 0.04670654841054443, "6": 0.03661960674164035, "7": 0.07252207760541503, "8": 0.07589802997045929, "9": 0.04958118116319332, "10": 0.03998082328427659, "11": 0.025342620073098412, "12": 0.05645695681021689, "13": 0.015205342392205364, "14": 0.023805978283618183, "15": 0.055164082493431195, "16": 0.042276737362604615, "17": 0.033652879232216104, "18": 0.03506383453976847, "19": 0.025321429778587423, "20": 0.021497000104643227, "21": 0.009242757769881751, "22": 0.01702841406726356, "23": 0.022671087557473962, "start": 3.0, "end": 4.0}, "afternoon": {"0": 0.025340754657833028, "1": 0.057069572364372746, "2": 0.04067307412299276, "3": 0.055852123448597, "4": 0.07471026789596784, "5": 0.05193745479402842, "6": 0.05060182648579118, "7": 0.06790015590438792, "8": 0.05964945551425844, "9": 0.06609116833576749, "10": 0.06930763203760174, "11": 0.044729872056546716, "12": 0.05914233735846361, "13": 0.01642944697784318, "14": 0.01967125877596453, "15": 0.04465409616310181, "16": 0.026543642954411112, "17": 0.024789816289729188, "18": 0.025803234189227958, "19": 0.028346900715539886, "20": 0.034609964575917335, "21": 0.014171058773950461, "22": 0.01963685522486921, "23": 0.022338030382836414, "start": 4.0, "end": 7.0}, "evening": {"0": 0.027917636010723283, "1": 0.05251642602549664, "2": 0.043551766308597396, "3": 0.05692489935200887, "4": 0.05026025516129768, "5": 0.04186833302470308, "6": 0.05628213410171153, "7": 0.10287799702148502, "8": 0.0871946492300667, "9": 0.08230082303357711, "10": 0.05236230796445821, "11": 0.04837060643157206, "12": 0.05538087516585544, "13": 0.013438960737142937, "14": 0.013746376335883758, "15": 0.038491089274851224, "16": 0.023643358691041647, "17": 0.02284541143620635, "18": 0.022733679886155347, "19": 0.027528762956339742, "20": 0.03213412454665766, "21": 0.013283170089536318, "22": 0.016008775997738218, "23": 0.01833758121689382, "start": 7.0, "end": 8.0}, "night": {"0": 0.018438319418543698, "1": 0.06843075533323927, "2": 0.043089889635979865, "3": 0.04331055809658004, "4": 0.04519286048475307, "5": 0.034860833742685275, "6": 0.05222480835704977, "7": 0.09844453690667115, "8": 0.08943143415744943, "9": 0.0934274263029662, "10": 0.055275866318082255, "11": 0.0747691762226011, "12": 0.053024210132778894, "13": 0.015649580021741584, "14": 0.016652180931501375, "15": 0.033368099785070555, "16": 0.021271819307380594, "17": 0.02173273539100087, "18": 0.022762240292346053, "19": 0.02452075794979329, "20": 0.023565767920029138, "21": 0.01641012753606225, "22": 0.018415802713141326, "23": 0.01573021304255288, "start": 8.0, "end": 1.0}}