{"morning": {"start": 1.0, "end": 7.000000000000025}, "noon": {"start": 7.000000000000025, "end": 8.000000000000002}, "afternoon": {"start": 9.999999999999986, "end": 12.0}, "evening": {"start": 12.0, "end": 19.999999999999957}, "night": {"start": 19.999999999999957, "end": 1.0}}