{"morning": {"1": 0.09569277476393549, "2": 0.09361324902261435, "3": 0.07985168738616993, "4": 0.10789876146581893, "5": 0.12569286607375263, "6": 0.11528595326820071, "7": 0.06762613611171302, "8": 0.07699048261170006, "9": 0.038177890399156304, "10": 0.0753179684846746, "11": 0.044286538918839526, "12": 0.07956569149342443}, "noon": {"1": 0.08362706924914311, "2": 0.10156981495204542, "3": 0.08585498801136356, "4": 0.1280404454251422, "5": 0.1298127095194089, "6": 0.10942301798852613, "7": 0.06442135806803714, "8": 0.08227261370579061, "9": 0.03282794709674084, "10": 0.07523208916412852, "11": 0.03490493145228922, "12": 0.07201301536738451}, "afternoon": {"1": 0.08118860621679445, "2": 0.09018508838916942, "3": 0.08428539535834538, "4": 0.12307111506636612, "5": 0.1267320001118472, "6": 0.11011278802905052, "7": 0.06317731965719994, "8": 0.09005554162001958, "9": 0.03837407469998418, "10": 0.07087066836330448, "11": 0.04150004688889805, "12": 0.08044735559902089}, "evening": {"1": 0.08511192887884009, "2": 0.08989161124158836, "3": 0.08783183460974028, "4": 0.12968121724441825, "5": 0.13238739879600206, "6": 0.10613163494203919, "7": 0.06527472822224992, "8": 0.07767369862115633, "9": 0.037295883508876485, "10": 0.07309286359575037, "11": 0.039308084771635825, "12": 0.07631911556770285}, "night": {"1": 0.06702984931583449, "2": 0.06791378942502468, "3": 0.065924987202162, "4": 0.09215546967291356, "5": 0.12866758509711748, "6": 0.12160401451381389, "7": 0.07500290899993217, "8": 0.07925479691853475, "9": 0.044939536454610136, "10": 0.10137285490728318, "11": 0.05190139715084764, "12": 0.104232810341926}}