{"morning": {"0": 0.04063443862079815, "1": 0.06208362095079362, "2": 0.058668034616051495, "3": 0.054972663532855896, "4": 0.05696959654116501, "5": 0.058648641974328036, "6": 0.06068148632510842, "7": 0.05704829627825195, "8": 0.047559229783882266, "9": 0.0289336015388211, "10": 0.06505378564440453, "11": 0.03594338742612252, "12": 0.05103514094897099, "13": 0.018195700919092662, "14": 0.032566935652336176, "15": 0.06078370110947321, "16": 0.03254622674950849, "17": 0.02946021073759822, "18": 0.02882084026336408, "19": 0.022063939424759663, "20": 0.0337443484011707, "21": 0.017300664472259274, "22": 0.025194300424951566, "23": 0.021091207663931955, "start": 1.0, "end": 4.0}, "noon": {"0": 0.04045576609533851, "1": 0.05491443364480875, "2": 0.05832436517790893, "3": 0.053091226419373354, "4": 0.059306348541562005, "5": 0.061256052951166345, "6": 0.06206522668112888, "7": 0.05434208770566651, "8": 0.049073255233592385, "9": 0.02848087286142743, "10": 0.0724367798900936, "11": 0.03438767675322109, "12": 0.04816078742405531, "13": 0.016128466971964045, "14": 0.03254233628585472, "15": 0.05765123515075965, "16": 0.033896404126077445, "17": 0.028269277317856233, "18": 0.027598083382355393, "19": 0.02112921436953863, "20": 0.03740476577600545, "21": 0.01821316219966224, "22": 0.028435376649286696, "23": 0.022436798391296423, "start": 4.0, "end": 6.0}, "afternoon": {"0": 0.03887519964637536, "1": 0.06089055849994254, "2": 0.057084231733558366, "3": 0.05273498213677142, "4": 0.059331300223282264, "5": 0.057017411688069834, "6": 0.06126305859084125, "7": 0.05665177173348407, "8": 0.048452810008980995, "9": 0.029550839015406047, "10": 0.06532154409741274, "11": 0.03492773135499916, "12": 0.05222278046088582, "13": 0.01720647665877605, "14": 0.0317720225919129, "15": 0.05616317323147114, "16": 0.03525519388445538, "17": 0.030922051613927165, "18": 0.028811564891014538, "19": 0.02370135370418674, "20": 0.03530727216516394, "21": 0.017552458710593334, "22": 0.026441457331928816, "23": 0.022542756026560095, "start": 6.0, "end": 10.0}, "evening": {"0": 0.039120070983450064, "1": 0.057102216651750026, "2": 0.05329258376812964, "3": 0.05418879139908864, "4": 0.06019761965262197, "5": 0.056493854870172104, "6": 0.0585921858153936, "7": 0.052358839134290534, "8": 0.04611669398085063, "9": 0.027810325560324662, "10": 0.0651968875570251, "11": 0.03393704819248087, "12": 0.05245767350951428, "13": 0.018205787503144374, "14": 0.03455950441353688, "15": 0.060009646588712974, "16": 0.03500122103999991, "17": 0.031923487849906826, "18": 0.03130986646283259, "19": 0.024592216584570822, "20": 0.037934624556310664, "21": 0.01802566712965798, "22": 0.028386605860867706, "23": 0.023186580935367143, "start": 10.0, "end": 15.0}, "night": {"0": 0.04149401735091033, "1": 0.057521212461318194, "2": 0.05003713948382221, "3": 0.05272779690937063, "4": 0.054618760031628764, "5": 0.05276813030044855, "6": 0.06490298987582585, "7": 0.05400936807462143, "8": 0.04866636947157033, "9": 0.029817325420065557, "10": 0.06841509490865925, "11": 0.03585152732714026, "12": 0.05439660606782502, "13": 0.01813812239846933, "14": 0.03554818076298607, "15": 0.06318817595396427, "16": 0.03306954984036966, "17": 0.027072699848849715, "18": 0.029814951841998158, "19": 0.025902901474717105, "20": 0.03539112045689709, "21": 0.017708916285931648, "22": 0.026496170644748684, "23": 0.0224428728078619, "start": 15.0, "end": 1.0}}