{"morning": {"1": 0.03388708977506212, "2": 0.024427655769185354, "3": 0.02637888926994817, "4": 0.030313354250333276, "5": 0.046682783186425096, "6": 0.03962725318033246, "7": 0.04405557907306841, "8": 0.033729120364675014, "9": 0.02274024320215355, "10": 0.08266558137029237, "11": 0.05338571085173497, "12": 0.061872169838967886, "13": 0.024910387211504816, "14": 0.04312679802110307, "15": 0.09544694990144623, "16": 0.053091243971605195, "17": 0.0428858824282229, "18": 0.04633208714378947, "19": 0.03184303407964584, "20": 0.04250110320138136, "21": 0.029625694181848388, "22": 0.04530339605634, "23": 0.035766244651557554, "24": 0.009401749019376491, "start": 1.0, "end": 10.0}, "noon": {"1": 0.02912056115750757, "2": 0.02192467876240356, "3": 0.02313477864258733, "4": 0.03033637571352015, "5": 0.0469260155335209, "6": 0.039427275360649515, "7": 0.04367272694829692, "8": 0.035071102955396984, "9": 0.020442837683283803, "10": 0.08883263874181385, "11": 0.053689732050833675, "12": 0.0623078999662014, "13": 0.022551227408940243, "14": 0.04169898769762531, "15": 0.09388414555851195, "16": 0.056263036763660026, "17": 0.04176896868101932, "18": 0.046435912969653756, "19": 0.029803873418758963, "20": 0.04453403861698408, "21": 0.029929185154787968, "22": 0.0507320035907856, "23": 0.03806645137643376, "24": 0.009445545246823358, "start": 10.0, "end": 11.0}, "afternoon": {"1": 0.031351509934509796, "2": 0.024880864472804763, "3": 0.026722197135571658, "4": 0.033571322788876236, "5": 0.04741161646322687, "6": 0.04296068479304137, "7": 0.0465708913609161, "8": 0.03829752734278559, "9": 0.02403150288656274, "10": 0.08155941603830281, "11": 0.05695902049279089, "12": 0.06321074998909923, "13": 0.023922392569776216, "14": 0.039274065946347955, "15": 0.08443859312513999, "16": 0.05521057883225207, "17": 0.04255177600445629, "18": 0.044995862037586626, "19": 0.03261946147684637, "20": 0.04089352146076289, "21": 0.028858543715250685, "22": 0.045088259955967686, "23": 0.035966789917739814, "24": 0.00865285125938534, "start": 11.0, "end": 12.0}, "evening": {"1": 0.02939860245219298, "2": 0.020672398485803923, "3": 0.023429174110688115, "4": 0.03012792404567783, "5": 0.04376495946065788, "6": 0.036630567779749795, "7": 0.040817635417032025, "8": 0.03173192053398274, "9": 0.019844418802685487, "10": 0.08137364559702662, "11": 0.05278328458270398, "12": 0.06530914132163845, "13": 0.024333515263446938, "14": 0.04459600348953053, "15": 0.09826639551070314, "16": 0.05683248376156593, "17": 0.045177176164983124, "18": 0.04882178134182251, "19": 0.03467438429659757, "20": 0.043769509969168195, "21": 0.029798353644694527, "22": 0.04925029446134444, "23": 0.03880716215075576, "24": 0.009789267355547498, "start": 12.0, "end": 15.0}, "night": {"1": 0.0257314603455824, "2": 0.020360604078582402, "3": 0.024601237526517182, "4": 0.026731201440042467, "5": 0.0382737553430335, "6": 0.036476160182159205, "7": 0.03975553970462149, "8": 0.029194808035786907, "9": 0.020326106569891332, "10": 0.08075467220749875, "11": 0.05628354874735906, "12": 0.07082603775009771, "13": 0.025635537457796953, "14": 0.045614380724973855, "15": 0.10218431454327885, "16": 0.05544831542221844, "17": 0.04328863877573412, "18": 0.051076953393468606, "19": 0.03880805411372136, "20": 0.04249822992520234, "21": 0.03079286476538685, "22": 0.0463008173952763, "23": 0.03926260523805781, "24": 0.009774156313712078, "start": 15.0, "end": 1.0}}