{"morning": {"0": 0.04156021195762437, "1": 0.06162081494551671, "2": 0.055970062380891826, "3": 0.05139849534503823, "4": 0.05315957968777675, "5": 0.06039561361839975, "6": 0.06124992952036795, "7": 0.059636501458067814, "8": 0.04943234080552702, "9": 0.02913064685425365, "10": 0.06587721338074105, "11": 0.03607733558124753, "12": 0.0531010495838897, "13": 0.018848637277008373, "14": 0.03379896416322526, "15": 0.06192474200939061, "16": 0.03297065988386966, "17": 0.028258472517612872, "18": 0.029410922056487352, "19": 0.02251007807575443, "20": 0.03400251777967181, "21": 0.01653229506124372, "22": 0.02386058996059728, "23": 0.01927232609579626, "start": 1.0, "end": 2.0}, "noon": {"0": 0.0413641378634757, "1": 0.0563520868743402, "2": 0.057136122881441216, "3": 0.04903981483582018, "4": 0.06010261267347983, "5": 0.06383613806230748, "6": 0.06497740175972916, "7": 0.055734785704225305, "8": 0.05135975113260349, "9": 0.02817219065748629, "10": 0.07092915448423905, "11": 0.0348493112637466, "12": 0.05124439234571731, "13": 0.016555546465317428, "14": 0.03398243076676348, "15": 0.05762491002384766, "16": 0.03367733261509054, "17": 0.026799570720566795, "18": 0.028322342162561083, "19": 0.02051295709185285, "20": 0.035066885962286506, "21": 0.016518447791016876, "22": 0.026672466192492274, "23": 0.019169209669592773, "start": 2.0, "end": 5.0}, "afternoon": {"0": 0.0383571287317187, "1": 0.06272558636216795, "2": 0.06012317192292415, "3": 0.05339156436643664, "4": 0.0629111425753818, "5": 0.06311180283298937, "6": 0.06492306030606958, "7": 0.05739668750091352, "8": 0.050953946701935336, "9": 0.029120943772119264, "10": 0.06472326091058013, "11": 0.033287135765320025, "12": 0.05037521144156468, "13": 0.0162119425453582, "14": 0.031194138816781278, "15": 0.05426423879488728, "16": 0.034338565411519216, "17": 0.028442255545900418, "18": 0.02916205519327022, "19": 0.02239342604567678, "20": 0.033456238093867614, "21": 0.015735755832396784, "22": 0.02444138072397569, "23": 0.018959359806245413, "start": 5.0, "end": 6.0}, "evening": {"0": 0.04194847646470267, "1": 0.058452677142347455, "2": 0.055461387042003346, "3": 0.05113098062585298, "4": 0.05873921939172595, "5": 0.058933942334632165, "6": 0.06025034879264291, "7": 0.053725423749620714, "8": 0.047910909207119434, "9": 0.028579355536975284, "10": 0.06444971192555664, "11": 0.03415975060592787, "12": 0.053798677213240616, "13": 0.018189485245990747, "14": 0.03587435240861529, "15": 0.06108936056312079, "16": 0.03421072013651818, "17": 0.03045899632671118, "18": 0.031190877887780088, "19": 0.023667674981495235, "20": 0.03587638978276146, "21": 0.01605766971833515, "22": 0.026292473728865996, "23": 0.01955113918745789, "start": 6.0, "end": 10.0}, "night": {"0": 0.04287174079802928, "1": 0.06050428133334521, "2": 0.04813192699755726, "3": 0.05044797331245597, "4": 0.05107985465326098, "5": 0.05683169121040744, "6": 0.06454742854480879, "7": 0.05638119988392107, "8": 0.049854246009654005, "9": 0.03020527359393283, "10": 0.07265965554038345, "11": 0.03733830159186231, "12": 0.05467051249098758, "13": 0.018223131309035467, "14": 0.03711624618166565, "15": 0.06635595327740741, "16": 0.03166053250875457, "17": 0.025246967368907785, "18": 0.030149120792772113, "19": 0.024079808921322533, "20": 0.0327788040808009, "21": 0.015474586239760347, "22": 0.024509619347788492, "23": 0.018881144011178397, "start": 10.0, "end": 1.0}}