{"start": {"morning": {"1": 0.03578348843166031, "2": 0.09838314318814013, "3": 0.06342962954633166, "4": 0.12885083218271515, "5": 0.1412507838512328, "6": 0.1454944509094296, "7": 0.07838553347585518, "8": 0.07053171612016326, "9": 0.03825837007247322, "10": 0.0715093751377803, "11": 0.041123703909932016, "12": 0.08699897317428636}, "noon": {"1": 0.029737499535479134, "2": 0.09337211370881861, "3": 0.053575916171912694, "4": 0.1279151012049607, "5": 0.14111456697798483, "6": 0.16484911025168958, "7": 0.08155690838556731, "8": 0.07637578453934783, "9": 0.03495911369465164, "10": 0.08023111148171, "11": 0.032247148316537744, "12": 0.08406562573133991}, "afternoon": {"1": 0.028772741571881318, "2": 0.09800566598621803, "3": 0.05740186818559072, "4": 0.1398716067322609, "5": 0.14111073681587966, "6": 0.14921425270570718, "7": 0.0767725897358512, "8": 0.07507525703572834, "9": 0.04024970000951124, "10": 0.0653599140362968, "11": 0.0377261714137001, "12": 0.09043949577137454}, "evening": {"1": 0.031060534922431386, "2": 0.06610440649828335, "3": 0.05357977713836934, "4": 0.12017529254626146, "5": 0.13425009004683655, "6": 0.13853348978341307, "7": 0.0952215836082029, "8": 0.08183746450669967, "9": 0.04527524216937062, "10": 0.08889064219117615, "11": 0.04381587441321686, "12": 0.10125560217573865}, "night": {"1": 0.026340646196976694, "2": 0.055920827910423965, "3": 0.044010945059777824, "4": 0.09180589265339617, "5": 0.13385628031709124, "6": 0.14109337400649566, "7": 0.07653056186764959, "8": 0.07307599125256385, "9": 0.043160458342644696, "10": 0.12883201850539258, "11": 0.05159693014347055, "12": 0.13377607374411718}}, "end": {"morning": {"1": 0.04906382611199871, "2": 0.10218201973277949, "3": 0.06924526027689229, "4": 0.10865453392481675, "5": 0.1412776801275349, "6": 0.11230540522555135, "7": 0.05973866361455196, "8": 0.07075597182394348, "9": 0.0454210426970796, "10": 0.0976101032075952, "11": 0.0535599550513682, "12": 0.0901855382058881}, "noon": {"1": 0.03944551433641834, "2": 0.09606918852067708, "3": 0.05853931061230696, "4": 0.11251215479039242, "5": 0.1441432215679998, "6": 0.1386590253285222, "7": 0.06261206606854382, "8": 0.07375007728014334, "9": 0.042340344966695545, "10": 0.10473941121462174, "11": 0.045121160465863834, "12": 0.0820685248478147}, "afternoon": {"1": 0.03371779577778287, "2": 0.10461936998462598, "3": 0.05649319764393632, "4": 0.1208624471519806, "5": 0.136584041429722, "6": 0.11524766312628755, "7": 0.05573426029901304, "8": 0.07869480914477076, "9": 0.0422323524745145, "10": 0.09053507736600608, "11": 0.048519935159579204, "12": 0.11675905044178111}, "evening": {"1": 0.03709255730671088, "2": 0.06836820796810038, "3": 0.05580722525251066, "4": 0.10909898017728607, "5": 0.1334662388626648, "6": 0.10961557676379595, "7": 0.07452174945749944, "8": 0.07984825452617852, "9": 0.05513847551168646, "10": 0.11694254680200751, "11": 0.05717858687012056, "12": 0.10292160050143877}, "night": {"1": 0.0376141375583246, "2": 0.06077458637324464, "3": 0.051591116255148214, "4": 0.08029437299332835, "5": 0.14666268476234126, "6": 0.12475182629162916, "7": 0.06486042424903632, "8": 0.07770726725312148, "9": 0.05793730749070703, "10": 0.13741257764839493, "11": 0.05433768724937928, "12": 0.10605601187534472}}}