{"morning": {"1": 0.021760065461803334, "2": 0.028119182482541267, "3": 0.02096357668040376, "4": 0.026841983090990444, "5": 0.036937183740130476, "6": 0.03693111988391083, "7": 0.0331812725712322, "8": 0.027052955752834312, "9": 0.018862907746121767, "10": 0.07756755964796984, "11": 0.06805813990350199, "12": 0.07292595748257799, "13": 0.03130391862149797, "14": 0.05658310778425124, "15": 0.11239645194718795, "16": 0.0557454351900461, "17": 0.03997661977563157, "18": 0.047742244203095974, "19": 0.03981552908324937, "20": 0.044446697131391336, "21": 0.029237297739140328, "22": 0.037224055875862826, "23": 0.02898860704541713, "24": 0.0073381311592100205, "start": 10.0, "end": 11.0}, "noon": {"1": 0.020967701318513325, "2": 0.021524714690405584, "3": 0.014380391914715443, "4": 0.021724659213749765, "5": 0.02955255450645387, "6": 0.03301603520812717, "7": 0.022272197486748933, "8": 0.021537832048990475, "9": 0.014851622942658899, "10": 0.08102705388383727, "11": 0.06586892934504181, "12": 0.07499046896027949, "13": 0.02348665771896837, "14": 0.043957781500022684, "15": 0.09351270542283545, "16": 0.0592630595236758, "17": 0.04305610802896528, "18": 0.05246034537388068, "19": 0.04850801646438524, "20": 0.06525109924014408, "21": 0.03781229466491114, "22": 0.06130044578298181, "23": 0.04015878355883522, "24": 0.00951854120087221, "start": 11.0, "end": 12.0}, "afternoon": {"1": 0.023613432805993383, "2": 0.030973057756396177, "3": 0.01985181657598862, "4": 0.02886401694729395, "5": 0.03693159748684823, "6": 0.045888897874388, "7": 0.029463706333294155, "8": 0.02605980402128268, "9": 0.01902928571894202, "10": 0.07534697435910519, "11": 0.07137214011425294, "12": 0.07342759169504769, "13": 0.02740519578555459, "14": 0.0531600494945479, "15": 0.10187435465681716, "16": 0.05596002525034651, "17": 0.03719302143145712, "18": 0.04672866295194622, "19": 0.041005975522970105, "20": 0.0454674706343365, "21": 0.03074969090441242, "22": 0.04308153438179257, "23": 0.028583521788033854, "24": 0.007968175508952211, "start": 12.0, "end": 14.0}, "evening": {"1": 0.03004551338649226, "2": 0.0318298530130391, "3": 0.023207248637150096, "4": 0.029095267973534733, "5": 0.038712955420078535, "6": 0.0387161390908412, "7": 0.031439315245262, "8": 0.026394933408036392, "9": 0.019141680091812923, "10": 0.07354304487761723, "11": 0.06252075541624176, "12": 0.07092597667246281, "13": 0.02952446665094783, "14": 0.05449165556243205, "15": 0.10246429413125331, "16": 0.05444463183405903, "17": 0.038378776318373616, "18": 0.04895526888199304, "19": 0.039882853549424, "20": 0.043756349912530024, "21": 0.031093983591777, "22": 0.042520630832499226, "23": 0.030249116937287678, "24": 0.008665288564854138, "start": 14.0, "end": 15.0}, "night": {"1": 0.022081638261602466, "2": 0.028827773321585676, "3": 0.020479899592407542, "4": 0.030572111501033884, "5": 0.03627414038993462, "6": 0.03462373373533094, "7": 0.029651066222817213, "8": 0.02506576503934262, "9": 0.016863521252598733, "10": 0.07911945158724179, "11": 0.06795991911334369, "12": 0.07586894088562006, "13": 0.02944694572690616, "14": 0.05784392039544568, "15": 0.10702649591167131, "16": 0.05656697776242493, "17": 0.04043441449875018, "18": 0.04959425367320726, "19": 0.0423626973493902, "20": 0.045269830022494385, "21": 0.028414645103396818, "22": 0.0390090316969108, "23": 0.02802074567852237, "24": 0.008622081278020674, "start": 15.0, "end": 10.0}}