{"morning": {"0": 0.04488998400732997, "1": 0.047281220410845856, "2": 0.08055797960051865, "3": 0.04467094108459465, "4": 0.03675393502285486, "5": 0.05202935733244004, "6": 0.0500451103309953, "7": 0.043049638210595396, "8": 0.045734275573759677, "9": 0.028779870132997352, "10": 0.06943760209582799, "11": 0.05756104071810228, "12": 0.05149115208803919, "13": 0.0215943842572574, "14": 0.03745588112526662, "15": 0.06505936350383652, "16": 0.029223278484065317, "17": 0.02073701329322664, "18": 0.02744239030041472, "19": 0.0247601497736247, "20": 0.042094918294256066, "21": 0.025637754042920805, "22": 0.030544516259776937, "23": 0.023168244056453086, "start": 2.0, "end": 10.0}, "noon": {"0": 0.05905048028330321, "1": 0.051530337227570736, "2": 0.07103844408032314, "3": 0.03641395182796131, "4": 0.03535273817263492, "5": 0.04513380645205239, "6": 0.04549305080544238, "7": 0.03356236507279938, "8": 0.04171244940209474, "9": 0.026695851853907125, "10": 0.07155633484019629, "11": 0.053565666788288335, "12": 0.05476021510700579, "13": 0.019784178407066, "14": 0.035958726350716785, "15": 0.06550438133239997, "16": 0.03432766517920211, "17": 0.024568655769733442, "18": 0.02936571575999928, "19": 0.029589865705956616, "20": 0.050158550216398555, "21": 0.02489149508229468, "22": 0.03512713099357302, "23": 0.0248579432890798, "start": 10.0, "end": 11.0}, "afternoon": {"0": 0.06174617195599212, "1": 0.04792383741289689, "2": 0.06829142241105017, "3": 0.042126454464408894, "4": 0.03509629938638894, "5": 0.050178912570161126, "6": 0.04868275796038529, "7": 0.035514310696906165, "8": 0.038442433645096544, "9": 0.02870396727130441, "10": 0.06893506685882222, "11": 0.05790367571968395, "12": 0.05083980473174048, "13": 0.02110772407134942, "14": 0.03680744624830708, "15": 0.06801654290795336, "16": 0.03278344720723435, "17": 0.023707149234375658, "18": 0.027205320178011784, "19": 0.02725955221824027, "20": 0.043935444652235575, "21": 0.027169327628534464, "22": 0.03251452984049061, "23": 0.025108400728430215, "start": 11.0, "end": 12.0}, "evening": {"0": 0.051073101909063695, "1": 0.05686417746041191, "2": 0.06912451015564038, "3": 0.04143785039028048, "4": 0.038205170556066245, "5": 0.050000311110800576, "6": 0.04806226968515398, "7": 0.038014859996633794, "8": 0.04373585138571983, "9": 0.028534151747432547, "10": 0.07005701719947664, "11": 0.05461816744601302, "12": 0.05174717926719999, "13": 0.02171969334773395, "14": 0.036701414974164764, "15": 0.06489824574397172, "16": 0.03239294193855751, "17": 0.02277950446728049, "18": 0.029141387521374292, "19": 0.027694124308188864, "20": 0.044736368464595694, "21": 0.024480607006578926, "22": 0.0307147053030746, "23": 0.02326638861458618, "start": 12.0, "end": 15.0}, "night": {"0": 0.07291600810443187, "1": 0.04999825772898294, "2": 0.052235483871877826, "3": 0.03822049475688314, "4": 0.03977583359809951, "5": 0.06490556242887661, "6": 0.0453451775172641, "7": 0.0435997280993676, "8": 0.045716192653863605, "9": 0.026971818735576823, "10": 0.0705669012479393, "11": 0.05080826503648859, "12": 0.04950660631883201, "13": 0.020777660085675897, "14": 0.035134696071850435, "15": 0.07022014047307396, "16": 0.03092374532505638, "17": 0.022552443185707736, "18": 0.02685619046392757, "19": 0.028072262440218567, "20": 0.04537418416111947, "21": 0.02117689229210379, "22": 0.027779574747855324, "23": 0.020565880654926955, "start": 15.0, "end": 2.0}}