{"morning": {"0": 0.048392827726218605, "1": 0.04911239306844438, "2": 0.11541840397827177, "3": 0.04598706549107251, "4": 0.03926248711943701, "5": 0.05484850864100319, "6": 0.051327022195243474, "7": 0.04148095242027966, "8": 0.04230002692147058, "9": 0.028045032391094894, "10": 0.06641485957481942, "11": 0.05398437924448043, "12": 0.045444992930036274, "13": 0.01849461949789521, "14": 0.039373897442915196, "15": 0.06535011603609461, "16": 0.02594957095343571, "17": 0.017957247713116818, "18": 0.02605680713308497, "19": 0.02024012007496474, "20": 0.033749366487855814, "21": 0.02170396151622975, "22": 0.027792323473001097, "23": 0.021313017969533877, "start": 2.0, "end": 10.0}, "noon": {"0": 0.06712118279955524, "1": 0.05952500535056441, "2": 0.0802811258172284, "3": 0.04059359579173926, "4": 0.03967455782145274, "5": 0.047744368220321964, "6": 0.04530214094786892, "7": 0.028686155807181656, "8": 0.03606666476920595, "9": 0.026240291250821456, "10": 0.07165673521241878, "11": 0.05566222168416153, "12": 0.057601828458858514, "13": 0.015466083794609314, "14": 0.035830330901928456, "15": 0.06390686211240937, "16": 0.029029345282929463, "17": 0.021655126962617958, "18": 0.028885957712793713, "19": 0.02587923580739569, "20": 0.043386153439164465, "21": 0.0213334717239447, "22": 0.0339313672009424, "23": 0.02454019112988564, "start": 10.0, "end": 11.0}, "afternoon": {"0": 0.08039575469372624, "1": 0.054826598751967125, "2": 0.07803263189839424, "3": 0.046841209389068536, "4": 0.03857477796487861, "5": 0.053907995509902926, "6": 0.048788811140958885, "7": 0.03385147433410349, "8": 0.034301167938193745, "9": 0.027762335259222132, "10": 0.06734103807651182, "11": 0.05784540712569074, "12": 0.05100705705486184, "13": 0.01804682356039601, "14": 0.03663382669256526, "15": 0.06760120155866832, "16": 0.027494743676910006, "17": 0.01926586976323371, "18": 0.02539755990696812, "19": 0.02206998083632819, "20": 0.034754916620553314, "21": 0.022845433643685832, "22": 0.02899111623120062, "23": 0.023422268372010273, "start": 11.0, "end": 12.0}, "evening": {"0": 0.05687959950327808, "1": 0.06637915634388837, "2": 0.0766385571553806, "3": 0.04218289285357185, "4": 0.04289841160147003, "5": 0.05395837561230444, "6": 0.05018336340587005, "7": 0.035236454864533855, "8": 0.042156416045703506, "9": 0.02839113359704122, "10": 0.06964614812547852, "11": 0.052628991292802615, "12": 0.048199693018681676, "13": 0.018704612174960753, "14": 0.039100770288768745, "15": 0.06448542352526807, "16": 0.030417534858645623, "17": 0.021238611053302554, "18": 0.02842405283635537, "19": 0.023980434161040592, "20": 0.038865624625810835, "21": 0.02065143198765788, "22": 0.02807488516265286, "23": 0.020677425905531892, "start": 12.0, "end": 15.0}, "night": {"0": 0.11876753784345664, "1": 0.05585404336384527, "2": 0.05040025150969937, "3": 0.04022568055837093, "4": 0.0391674700929031, "5": 0.06643846776948399, "6": 0.044974755921709166, "7": 0.044677018079341206, "8": 0.041937990385403336, "9": 0.02568096811098255, "10": 0.06679154743502753, "11": 0.049199656835852326, "12": 0.04756940608779536, "13": 0.018315423124683303, "14": 0.03342937239755099, "15": 0.06801840154445903, "16": 0.02631842917150645, "17": 0.019953397148896483, "18": 0.026114835204249547, "19": 0.02242908644552439, "20": 0.03483062470605354, "21": 0.017459031980050898, "22": 0.023828993200601545, "23": 0.017617611082553056, "start": 15.0, "end": 2.0}}