{"morning": {"13": 0.14048663702446612, "2": 0.22259959648132072, "3": 0.09871599561445141, "4": 0.09596079474769284, "5": 0.08316776160477804, "6": 0.0427192243900814, "7": 0.040735002027540636, "8": 0.0348151603859503, "9": 0.027403564002347787, "10": 0.09782928759735462, "11": 0.06176486526895686, "12": 0.05380211085505931, "start": 2.0, "end": 13.0}, "noon": {"13": 0.2307165641040434, "14": 0.37710875996637727, "15": 0.055543871178758954, "16": 0.07098636225778839, "17": 0.055811847469816524, "18": 0.033777732988021184, "19": 0.023053630094537488, "20": 0.010611142629009869, "9": 0.014278156455703617, "10": 0.0645107635219505, "11": 0.03479596770131554, "12": 0.028805201632677104, "start": 13.0, "end": 14.0}, "afternoon": {"13": 0.20841084605140106, "14": 0.4122332482255187, "15": 0.06939836302426194, "16": 0.07622810622000743, "17": 0.03649307718540225, "18": 0.02060695146918164, "19": 0.022552348364412517, "20": 0.01680855534363631, "21": 0.010633640310060437, "22": 0.0668304178220344, "11": 0.02845810881667125, "12": 0.031346337167412065, "start": 14.0, "end": 15.0}, "evening": {"13": 0.20837072217278718, "14": 0.25598877871444436, "15": 0.10718662427772031, "16": 0.10734226084140168, "17": 0.08775739361421613, "18": 0.03661347859611747, "7": 0.029381748670303878, "20": 0.018094440976533628, "21": 0.01464559327100354, "10": 0.06687553799646244, "11": 0.030498750663767206, "24": 0.037244670205242296, "start": 15.0, "end": 16.0}, "night": {"1": 0.13378010413052008, "2": 0.2767393857521685, "3": 0.11595525066748848, "16": 0.11221199409928491, "17": 0.08420790844303816, "18": 0.042186702566627474, "19": 0.03372681907753347, "20": 0.024599149199358655, "21": 0.01606901484707706, "22": 0.07999478876199989, "23": 0.03930309531118702, "24": 0.04122578714371631, "start": 16.0, "end": 2.0}}