{"start": {"morning": {"1": 0.28326590745668995, "2": 0.14394904840466335, "3": 0.04096117071313835, "4": 0.028862745305894087, "5": 0.0547297804940425, "6": 0.03385640372351468, "7": 0.024777208511241443, "8": 0.021990100238315536, "9": 0.010857030776178334, "10": 0.0976301120992073, "11": 0.12998525749428608, "12": 0.12913523478282857}, "noon": {"1": 0.1115372810482197, "2": 0.08477537840570981, "3": 0.04360767326327921, "4": 0.056950060233869435, "5": 0.08035900716750533, "6": 0.09190813935520456, "7": 0.026815185004466818, "8": 0.0335568616501847, "9": 0.016779234683436957, "10": 0.13369075199315925, "11": 0.1648432975340865, "12": 0.15517712966087774}, "afternoon": {"1": 0.14765520461353643, "2": 0.15726105101844917, "3": 0.07297538855642202, "4": 0.03967582360314646, "5": 0.07448353269330325, "6": 0.05651495079807177, "7": 0.01917532719629328, "8": 0.0, "9": 0.0, "10": 0.10087702188814258, "11": 0.18076776518889642, "12": 0.15061393444373858}, "evening": {"1": 0.6952494155407323, "2": 0.03881842380738229, "3": 0.026993125569785642, "4": 0.031411408347105804, "5": 0.05340702936095608, "6": 0.04526962532325882, "7": 0.025636227859643108, "8": 0.020087613608992878, "9": 0.010849628829593944, "10": 0.016862209179603162, "11": 0.011403330988686084, "12": 0.024011961584259958}, "night": {"1": 0.34810279722757326, "2": 0.11114073410901315, "3": 0.03529092935449907, "4": 0.03660978181912694, "5": 0.053074057530269586, "6": 0.03148316022038194, "7": 0.017496665520281014, "8": 0.019817219136433747, "9": 0.008214127130998068, "10": 0.12124176119974672, "11": 0.11495015855098017, "12": 0.10257860820069634}}, "end": {"morning": {"1": 0.21296347235330287, "2": 0.16490762290089991, "3": 0.1640044591953687, "4": 0.030959711738999928, "5": 0.07455900082972103, "6": 0.03308356292465194, "7": 0.029160329843381502, "8": 0.0, "9": 0.0, "10": 0.10484212723737141, "11": 0.09450085275032392, "12": 0.09101886022597878}, "noon": {"1": 0.19911756368080663, "2": 0.14015646561608677, "3": 0.09394877444661778, "4": 0.027876717844858043, "5": 0.07413404343305263, "6": 0.02099519770925816, "7": 0.020467429632747027, "8": 0.0, "9": 0.02161060868215198, "10": 0.1304489448854485, "11": 0.13426144594230732, "12": 0.13698280812666513}, "afternoon": {"1": 0.36793941304932687, "2": 0.16541859298541003, "3": 0.10083670016840308, "4": 0.02623217797887558, "5": 0.027948466662174504, "6": 0.013611086327911921, "7": 0.0, "8": 0.0, "9": 0.0, "10": 0.07692480056742085, "11": 0.12299959795674137, "12": 0.09808916430373596}, "evening": {"1": 0.2670124073897955, "2": 0.23774979099963733, "3": 0.26591793638048294, "4": 0.016688371651196805, "5": 0.052997239545017526, "6": 0.03049514539379104, "7": 0.018980868808947893, "8": 0.017511829160638433, "9": 0.020459437247154322, "10": 0.02662636838431433, "11": 0.0270126016650476, "12": 0.018548003373976333}, "night": {"1": 0.20517432708669617, "2": 0.13148238459450923, "3": 0.13397311893453626, "4": 0.05672173115233918, "5": 0.10305821985282082, "6": 0.028964937517907092, "7": 0.02433458992156671, "8": 0.02094615243121393, "9": 0.01957192762937866, "10": 0.12751352688260842, "11": 0.07453311345936468, "12": 0.07372597053705901}}}