{"start": {"morning": {"1": 0.012751547505977689, "2": 0.014171385042634481, "3": 0.01296893374953561, "4": 0.013727595786974685, "5": 0.021477583527000632, "6": 0.02836727383227841, "7": 0.01459048101474117, "8": 0.012182238445590202, "9": 0.008900379519073553, "10": 0.06326860967117791, "11": 0.07758629344763304, "12": 0.08160043130805486, "13": 0.023618312703515096, "14": 0.04776464877931954, "15": 0.11170785931737706, "16": 0.06189984355186736, "17": 0.05050372290967637, "18": 0.07042130349665904, "19": 0.05044903229137762, "20": 0.06533629812173831, "21": 0.048290548872056, "22": 0.05987815519186686, "23": 0.038865261835486484, "24": 0.009672260078388}, "noon": {"1": 0.008475287905350168, "2": 0.009001853330684853, "3": 0.008161806208498067, "4": 0.012050592685553078, "5": 0.0160168172745892, "6": 0.02370292330005601, "7": 0.010749024073926422, "8": 0.01018578768869375, "9": 0.008422599087937285, "10": 0.06315541138017008, "11": 0.05636420416907285, "12": 0.07489943958311271, "13": 0.01976589827438441, "14": 0.04151965692877282, "15": 0.09261751784738517, "16": 0.07152490555941962, "17": 0.0627502597946681, "18": 0.09964461059941149, "19": 0.07109960578764274, "20": 0.07597277523365217, "21": 0.04481843642494497, "22": 0.06236706247681144, "23": 0.041470489875247735, "24": 0.015263034510014829}, "afternoon": {"1": 0.021317782193379597, "2": 0.026127180765081134, "3": 0.01849035549364362, "4": 0.0220524492591876, "5": 0.024617120648855222, "6": 0.03957352725544718, "7": 0.015229090281286767, "8": 0.014141141995416336, "9": 0.010521577695725462, "10": 0.0542481071163058, "11": 0.06556371809530662, "12": 0.06780150286023416, "13": 0.019544869037922196, "14": 0.03660077550310792, "15": 0.08749239284830806, "16": 0.06578253174648478, "17": 0.04506179775436161, "18": 0.07208536419527568, "19": 0.05853151668089004, "20": 0.06583508666989418, "21": 0.05206360391317587, "22": 0.06079675358409364, "23": 0.04260282355640354, "24": 0.013918930850213151}, "evening": {"1": 0.010929780729129868, "2": 0.013659928592652386, "3": 0.010899498711733178, "4": 0.010827027507061528, "5": 0.018008716242810772, "6": 0.024579672164691656, "7": 0.013231184181845351, "8": 0.014347408309274272, "9": 0.00896828026171591, "10": 0.05487241008523236, "11": 0.05720484423803055, "12": 0.06452289007099396, "13": 0.02869290472793739, "14": 0.05067228629150453, "15": 0.0981337137342583, "16": 0.07481040596951863, "17": 0.060328445256810914, "18": 0.08904565844925652, "19": 0.06108363595288645, "20": 0.06960585645482831, "21": 0.04923616890838545, "22": 0.0635527506194442, "23": 0.04140919424757755, "24": 0.011377338292419974}, "night": {"1": 0.01910474770595295, "2": 0.02995368595937666, "3": 0.025381293458731014, "4": 0.03676901592054814, "5": 0.031885562281523464, "6": 0.04501482908819714, "7": 0.016029673569963206, "8": 0.016333583260888684, "9": 0.008757188187986034, "10": 0.06761640225631334, "11": 0.06257751794158728, "12": 0.06459759198022773, "13": 0.01919447383393995, "14": 0.03896054977443962, "15": 0.08390867275482494, "16": 0.06767813184675528, "17": 0.04762256740191484, "18": 0.07209217731007166, "19": 0.06287175643583492, "20": 0.057131324322787114, "21": 0.03511418567979286, "22": 0.04888004915398175, "23": 0.031961641060917645, "24": 0.010563378813443786}}, "end": {"morning": {"1": 0.013545180656125528, "2": 0.01672326858599124, "3": 0.018406116763277948, "4": 0.017244055369207874, "5": 0.027642836740033334, "6": 0.027615600322427027, "7": 0.018678587733825098, "8": 0.015400815665746255, "9": 0.012336788991984749, "10": 0.08353296412310601, "11": 0.07470540692060805, "12": 0.07997534454039507, "13": 0.02705188860485884, "14": 0.046758757707916064, "15": 0.11854170841209634, "16": 0.04670231864806129, "17": 0.040425712429287, "18": 0.05902211730924361, "19": 0.041534741022657015, "20": 0.056940890335207855, "21": 0.04133783559721311, "22": 0.06120943541070033, "23": 0.044135588605090995, "24": 0.010532039504939356}, "noon": {"1": 0.014414128647504016, "2": 0.012416316346846895, "3": 0.012524141399908494, "4": 0.013705136409733356, "5": 0.019346963676782365, "6": 0.022859776337909452, "7": 0.013195584098173148, "8": 0.01284381906339204, "9": 0.012176673175407354, "10": 0.08176906971136638, "11": 0.06449639784782876, "12": 0.07449685886319568, "13": 0.02105257571451611, "14": 0.037945353635259776, "15": 0.10163414310933244, "16": 0.05579753497216955, "17": 0.05061999424959398, "18": 0.07854816569856315, "19": 0.056536625645379104, "20": 0.07911175560596229, "21": 0.04368550320362138, "22": 0.06873828095690687, "23": 0.03877148743777184, "24": 0.013313714192875553}, "afternoon": {"1": 0.014735508979289935, "2": 0.019448852075574778, "3": 0.018412816602824292, "4": 0.01721195912495687, "5": 0.025465182373725335, "6": 0.03222369950048002, "7": 0.01568293726915087, "8": 0.014838053157909188, "9": 0.01241007000553203, "10": 0.07371018299551053, "11": 0.06617489579670857, "12": 0.06686826484100733, "13": 0.02467589929579362, "14": 0.03898098021319342, "15": 0.10676760349922473, "16": 0.05313917809715196, "17": 0.04141650462662408, "18": 0.06196815267247116, "19": 0.05160139051642511, "20": 0.07088974611136192, "21": 0.05060609004861841, "22": 0.06524423160884588, "23": 0.04545227634254312, "24": 0.012075524245076824}, "evening": {"1": 0.009292526108974313, "2": 0.012129751411317731, "3": 0.01341156348773793, "4": 0.010281680260295979, "5": 0.017980297255259098, "6": 0.020182557831389586, "7": 0.012690256589116104, "8": 0.012216839544315558, "9": 0.011274729506725827, "10": 0.07724649626920993, "11": 0.06797474253791509, "12": 0.06531769737000954, "13": 0.035719062780388125, "14": 0.052750383979996665, "15": 0.10524831322301016, "16": 0.056029535286740026, "17": 0.052883991351421154, "18": 0.06943664175404057, "19": 0.056741403524778605, "20": 0.06119840150981453, "21": 0.050019311358116186, "22": 0.06598720209360576, "23": 0.05194093639088735, "24": 0.012045678574934188}, "night": {"1": 0.01559155985949864, "2": 0.016704078153877172, "3": 0.018334787505699047, "4": 0.021477380021250752, "5": 0.027597250666698415, "6": 0.03220206270992741, "7": 0.016772005899233867, "8": 0.015918470409286876, "9": 0.011961577111047218, "10": 0.10266317675396364, "11": 0.07436988735094589, "12": 0.07550139941070205, "13": 0.023295887325967428, "14": 0.04345424633875524, "15": 0.10017081378451387, "16": 0.045226141253922256, "17": 0.03976874678364343, "18": 0.06369897596234814, "19": 0.047750080593791454, "20": 0.06252529083499461, "21": 0.035822550880937845, "22": 0.059835653969426, "23": 0.03636009915610304, "24": 0.012997877263465739}}}