{"morning": {"start": 1.0, "end": 10.0}, "noon": {"start": 10.0, "end": 11.999999999999996}, "afternoon": {"start": 11.999999999999993, "end": 15.0}, "evening": {"start": 15.0, "end": 18.0}, "night": {"start": 18.0, "end": 1.0}}