{"morning": {"1": 0.26741388083279305, "2": 0.3120362667888229, "3": 0.13893723618992546, "4": 0.030749088558611616, "5": 0.060592381642763524, "6": 0.013242911272044744, "7": 0.015736573807891174, "8": 0.029611033332750086, "9": 0.01198416907563997, "10": 0.07560674861362071, "11": 0.013780946742710881, "12": 0.030308763142425844}, "noon": {"1": 0.15597275908836206, "2": 0.42425882440374996, "3": 0.06182140375772427, "4": 0.01752636264890321, "5": 0.026691758563358856, "6": 0.0168202380619371, "7": 0.02911831814348993, "8": 0.026011937346744698, "9": 0.02321999683956723, "10": 0.1085645112683586, "11": 0.047774998495024486, "12": 0.062218891382779605}, "afternoon": {"1": 0.26490734792066617, "2": 0.24541779613628584, "3": 0.20913819809826753, "4": 0.06383360806648987, "5": 0.07392894121096079, "6": 0.011820062638643472, "7": 0.014503649186828019, "8": 0.030366298040705043, "9": 0.012937941872229946, "10": 0.043427619104103685, "11": 0.011626792267200826, "12": 0.01809174545761884}, "evening": {"1": 0.24017827495970562, "2": 0.35143907285019615, "3": 0.09569367302731435, "4": 0.04401603097831697, "5": 0.06642606353975072, "6": 0.02071333746935748, "7": 0.01419618700842036, "8": 0.031134063158552418, "9": 0.0187117415741577, "10": 0.06808109640559248, "11": 0.01573048614221133, "12": 0.0336799728864242}, "night": {"1": 0.24584118669198127, "2": 0.3744387818803054, "3": 0.12149775103389346, "4": 0.022181056871505664, "5": 0.056457227089822495, "6": 0.01761894802784258, "7": 0.009738049806870082, "8": 0.023450032813406674, "9": 0.00828460410559876, "10": 0.056295534729605835, "11": 0.030185482856438666, "12": 0.03401134409272895}}