{"morning": {"0": 0.028019527223144883, "1": 0.10683369867674768, "2": 0.10344583820274615, "3": 0.08276964123319144, "4": 0.038532768467835606, "5": 0.0568321596251296, "6": 0.03895665821282127, "7": 0.0403508486166785, "8": 0.0383651949404561, "9": 0.027374383604449572, "10": 0.059371867431247664, "11": 0.034588314827481766, "12": 0.043568789211265245, "13": 0.022657979734394335, "14": 0.03500320849990969, "15": 0.07172369566526361, "16": 0.031934329943186915, "17": 0.019508662856485098, "18": 0.03130281234854238, "19": 0.019069658203698516, "20": 0.028368916199215003, "21": 0.01163802041470733, "22": 0.01664125861064764, "23": 0.013141767250753972, "start": 1.0, "end": 2.0}, "noon": {"0": 0.04056936660444701, "1": 0.10229923457428884, "2": 0.098819689969485, "3": 0.05824263531773508, "4": 0.034607478688861354, "5": 0.0624353967575178, "6": 0.04502762553060836, "7": 0.06022021444928061, "8": 0.041384987978699675, "9": 0.028840407594777368, "10": 0.05203703043489799, "11": 0.037717135534342715, "12": 0.05670540970024163, "13": 0.025399922496586305, "14": 0.03402708006043379, "15": 0.05407672894778793, "16": 0.02749474900611024, "17": 0.021164254791709986, "18": 0.02759373779527193, "19": 0.02016064457278479, "20": 0.025165054576321965, "21": 0.015510925548007579, "22": 0.01685641562443156, "23": 0.013643873445370458, "start": 2.0, "end": 3.0}, "afternoon": {"0": 0.0329192347857782, "1": 0.11110614844249846, "2": 0.08914736746378858, "3": 0.07416263639850505, "4": 0.04271559938360713, "5": 0.05652265606436041, "6": 0.0400410682449421, "7": 0.03848919047622514, "8": 0.03486568187352661, "9": 0.029142989286954787, "10": 0.06277843945235886, "11": 0.03762939848967262, "12": 0.04920084077770665, "13": 0.026459234278132713, "14": 0.03585735580869867, "15": 0.06039327056878991, "16": 0.03467308567397604, "17": 0.01964514128520597, "18": 0.030498426917713747, "19": 0.019475749813269674, "20": 0.0326353897486706, "21": 0.013339062209930906, "22": 0.016457827740166114, "23": 0.011844204815521021, "start": 3.0, "end": 5.0}, "evening": {"0": 0.02603137015877686, "1": 0.10764423585067633, "2": 0.08064288581583832, "3": 0.0696977533664928, "4": 0.04340040363931052, "5": 0.05564749711766076, "6": 0.047993451701048656, "7": 0.0413136742344866, "8": 0.03855526180918098, "9": 0.029647084497822457, "10": 0.06232536188110744, "11": 0.04110002176639877, "12": 0.05414511229806451, "13": 0.0247276390721717, "14": 0.03529121695797876, "15": 0.06643880177041665, "16": 0.037970517005139016, "17": 0.020610682133829886, "18": 0.03473393826487653, "19": 0.020464048560468535, "20": 0.027009693343847913, "21": 0.011391965021478594, "22": 0.012784737862930594, "23": 0.0104326458699968, "start": 5.0, "end": 15.0}, "night": {"0": 0.030477798490779275, "1": 0.10659239092005778, "2": 0.09183655769798367, "3": 0.08057627841117183, "4": 0.04110731935422756, "5": 0.048837637665564364, "6": 0.04291420364100238, "7": 0.04127589916644659, "8": 0.033168727752847744, "9": 0.025354726771165088, "10": 0.056813954744197294, "11": 0.04299682089934793, "12": 0.05365742803688223, "13": 0.02517188438369616, "14": 0.03481960270557991, "15": 0.06361484766948687, "16": 0.03440544662184807, "17": 0.021256706435701, "18": 0.03389200131794546, "19": 0.02094336446713126, "20": 0.027641104372974606, "21": 0.01336609969540125, "22": 0.01598719436997799, "23": 0.013292004408583712, "start": 15.0, "end": 1.0}}