{"morning": {"0": 0.03485954387842115, "1": 0.07592575323568723, "2": 0.07834812725531613, "3": 0.06261109477462566, "4": 0.03606048566176882, "5": 0.04947346213523864, "6": 0.041577207757500914, "7": 0.040683399328199664, "8": 0.0375687895880314, "9": 0.029149674185031116, "10": 0.07281333150207354, "11": 0.04093195957589393, "12": 0.04639340958700544, "13": 0.024690720930425965, "14": 0.03951311199547438, "15": 0.07060297252494824, "16": 0.03647558611812349, "17": 0.02399831109048904, "18": 0.03695796370193261, "19": 0.02358780769197193, "20": 0.03727636520775455, "21": 0.019274094498106086, "22": 0.022938099084178175, "23": 0.018288728691801894, "start": 1.0, "end": 2.0}, "noon": {"0": 0.03728989670098451, "1": 0.06858532592587314, "2": 0.07536459856751784, "3": 0.05185398613573471, "4": 0.031850522364546274, "5": 0.04983555291252419, "6": 0.05031744397705782, "7": 0.05216647719407812, "8": 0.041618273442750105, "9": 0.0319038477897509, "10": 0.06866962172263641, "11": 0.049644407470947775, "12": 0.059468007548121433, "13": 0.027939924262562574, "14": 0.03657191758751969, "15": 0.05776413454325595, "16": 0.033609515056084296, "17": 0.024692935618723835, "18": 0.03403187312354503, "19": 0.02305164500380244, "20": 0.03238920307936093, "21": 0.021287167161113, "22": 0.02183988789335442, "23": 0.01825383491815461, "start": 2.0, "end": 10.0}, "afternoon": {"0": 0.034564025159312985, "1": 0.07791861920695066, "2": 0.0801132380816591, "3": 0.0629393289470989, "4": 0.04177915348609471, "5": 0.04839443933446082, "6": 0.044088998859465225, "7": 0.03865237763212474, "8": 0.03602272422368835, "9": 0.030274721830622298, "10": 0.06814489052100005, "11": 0.04322175812812524, "12": 0.05181366011885041, "13": 0.026275176016457437, "14": 0.036911264066765745, "15": 0.05991428937375676, "16": 0.03915751444660516, "17": 0.022531258516660126, "18": 0.03675421371403721, "19": 0.02376156113950652, "20": 0.036646214992968336, "21": 0.02113344616266601, "22": 0.022093547441481388, "23": 0.016893578599641836, "start": 10.0, "end": 12.0}, "evening": {"0": 0.037216912192553235, "1": 0.06912393096668214, "2": 0.06186623270182529, "3": 0.05114842439241413, "4": 0.03667598565247608, "5": 0.04491500772760629, "6": 0.045558714266169996, "7": 0.03765814910507096, "8": 0.036804596131044705, "9": 0.028651035660230476, "10": 0.07098291439142441, "11": 0.04661863987536432, "12": 0.0589672057646419, "13": 0.02777723661049448, "14": 0.03947391811656814, "15": 0.06872473580213646, "16": 0.04433932630750156, "17": 0.02745716485059236, "18": 0.04447074924253595, "19": 0.02624181209285863, "20": 0.03743807127948775, "21": 0.01964924093756105, "22": 0.020869087938107683, "23": 0.01737090799465199, "start": 12.0, "end": 15.0}, "night": {"0": 0.03139461264631626, "1": 0.06499080727207676, "2": 0.06426167914546739, "3": 0.0543674964593723, "4": 0.033884057352287146, "5": 0.042890745425203054, "6": 0.043393424461850766, "7": 0.041528709900182176, "8": 0.034067452654096914, "9": 0.029600119594023235, "10": 0.07431718577976426, "11": 0.0487245408650235, "12": 0.05575785705492538, "13": 0.029114956025034874, "14": 0.04307884092424337, "15": 0.06774857585343488, "16": 0.03898719397815707, "17": 0.028484937073418995, "18": 0.040971728213520964, "19": 0.0273626215289552, "20": 0.037696565745516934, "21": 0.023176647833527242, "22": 0.024176033685473643, "23": 0.020023210528127666, "start": 15.0, "end": 1.0}}