{"morning": {"1": 0.04052139333493947, "2": 0.03667988121168057, "3": 0.03915103099290974, "4": 0.024445256405257694, "5": 0.04343261502580949, "6": 0.03208330588500353, "7": 0.029637448738562146, "8": 0.027838584938780116, "9": 0.02076774618175964, "10": 0.08138733293686774, "11": 0.05643993692389278, "12": 0.06347883237690558, "13": 0.030295565721540314, "14": 0.04553727892203008, "15": 0.13059774006333202, "16": 0.054829837626654075, "17": 0.040555391922950844, "18": 0.051956246302448675, "19": 0.029999055916095297, "20": 0.04250437925181701, "21": 0.02069557984373573, "22": 0.02658124916939212, "23": 0.021112994985171135, "24": 0.009471315322464254, "start": 10.0, "end": 11.0}, "noon": {"1": 0.027518517266876253, "2": 0.030376098590096563, "3": 0.029576338530828528, "4": 0.020870871356969568, "5": 0.03701106370563396, "6": 0.03403230241498307, "7": 0.03559974407713486, "8": 0.026869256857159008, "9": 0.022721896773408513, "10": 0.07898598496347421, "11": 0.06628851527003027, "12": 0.08068590602842918, "13": 0.036429758082883776, "14": 0.052468371170401894, "15": 0.1082738632009903, "16": 0.04746408706876877, "17": 0.044139292903601565, "18": 0.054205930508125846, "19": 0.03290265877805023, "20": 0.04201914188618795, "21": 0.028708954399838116, "22": 0.029636315863894862, "23": 0.021313268368011937, "24": 0.01190186193422079, "start": 11.0, "end": 12.0}, "afternoon": {"1": 0.03990190863562631, "2": 0.039498772053348535, "3": 0.0369747302205349, "4": 0.02788141043735015, "5": 0.048860609439385284, "6": 0.03903670386267827, "7": 0.02977381631993503, "8": 0.028307852532564466, "9": 0.023525237544763055, "10": 0.0835380497357611, "11": 0.05985685440440791, "12": 0.06274470430631063, "13": 0.03189048571031946, "14": 0.049539110895728475, "15": 0.10093935395019075, "16": 0.05216707429895941, "17": 0.03864119734650466, "18": 0.05027298200452247, "19": 0.028233525790567926, "20": 0.04531588576421258, "21": 0.023940686844351123, "22": 0.029244982510173, "23": 0.019460683676211336, "24": 0.010453381715593171, "start": 12.0, "end": 15.0}, "evening": {"1": 0.03975488352337397, "2": 0.03443358401650838, "3": 0.03698002868922255, "4": 0.027287129238500442, "5": 0.04835601076979928, "6": 0.03849917308020464, "7": 0.028706382129493647, "8": 0.027593871663467752, "9": 0.023549172957586594, "10": 0.07562038355603573, "11": 0.05940373476318248, "12": 0.06289692271258254, "13": 0.03163087207636329, "14": 0.04765492706402448, "15": 0.10964943180756521, "16": 0.05550774631148544, "17": 0.042867853306941525, "18": 0.05597516234810086, "19": 0.03119495319592479, "20": 0.042107728658141046, "21": 0.023480374510327664, "22": 0.026986313565190507, "23": 0.019675993103520622, "24": 0.010187366952456567, "start": 15.0, "end": 18.0}, "night": {"1": 0.040068797147785926, "2": 0.03584382252024911, "3": 0.03713707729130833, "4": 0.025494898233486003, "5": 0.04240494616154998, "6": 0.029687586922372017, "7": 0.02708573230850453, "8": 0.0249035329713747, "9": 0.022354623908301192, "10": 0.08099609129757654, "11": 0.06740178384171844, "12": 0.06312566453074632, "13": 0.03159097200135875, "14": 0.04700850521483357, "15": 0.10504094893757579, "16": 0.05353590377417274, "17": 0.04299054246196056, "18": 0.05587351559207303, "19": 0.03288727232815249, "20": 0.043156879698121396, "21": 0.027139481579608778, "22": 0.03083992514133821, "23": 0.023027374143748523, "24": 0.010404121992083078, "start": 18.0, "end": 10.0}}