{"start": {"morning": {"1": 0.03402645870343622, "2": 0.03940216700691341, "3": 0.035341930985524996, "4": 0.02735800766689875, "5": 0.043005764522531485, "6": 0.04291326404840935, "7": 0.027177832850145748, "8": 0.02493188277823229, "9": 0.019588918655496064, "10": 0.06820662022723013, "11": 0.06400147382297686, "12": 0.06351183498869627, "13": 0.027527421897444823, "14": 0.04883137437317325, "15": 0.11965615230423553, "16": 0.04547617036190029, "17": 0.028138860651491272, "18": 0.062146334655468115, "19": 0.03516242222247277, "20": 0.05242697561833915, "21": 0.028164653530515508, "22": 0.033305765155863386, "23": 0.021871347310481553, "24": 0.007826365662122964}, "noon": {"1": 0.020958487973216654, "2": 0.02859856644988288, "3": 0.022394095265926204, "4": 0.02277166712080882, "5": 0.04314512904248398, "6": 0.05209425174850995, "7": 0.03579515133348782, "8": 0.031164417124559394, "9": 0.022063523081782697, "10": 0.07904703542808861, "11": 0.0932550076927181, "12": 0.09889373679003755, "13": 0.03042284456972008, "14": 0.04183791780028306, "15": 0.07973921837893172, "16": 0.037109882523006996, "17": 0.026892116504588615, "18": 0.0569939533231606, "19": 0.03595725789783407, "20": 0.050827060725943375, "21": 0.03286668644914141, "22": 0.030132393654503015, "23": 0.01832283456255019, "24": 0.008716764558834206}, "afternoon": {"1": 0.03905537394270407, "2": 0.038267917287190666, "3": 0.030707611516805816, "4": 0.0291476736598323, "5": 0.04057400160511283, "6": 0.047885788517627786, "7": 0.023280785272671096, "8": 0.019713745574435216, "9": 0.019223241821518855, "10": 0.0731219870359985, "11": 0.07064208710240737, "12": 0.0670921224955347, "13": 0.029741102582924773, "14": 0.05270150218698245, "15": 0.10027796372852364, "16": 0.03730796943739002, "17": 0.02384706129733371, "18": 0.0546413591317088, "19": 0.04031741643340107, "20": 0.06140962701425818, "21": 0.03267614241045672, "22": 0.03691480161561057, "23": 0.02194737093417016, "24": 0.009505347395400708}, "evening": {"1": 0.02428437956995741, "2": 0.024096499798292766, "3": 0.021642130088054604, "4": 0.02079622696574304, "5": 0.035847024199334776, "6": 0.03666912133101095, "7": 0.021373067644713594, "8": 0.02040582147213922, "9": 0.0206449191939157, "10": 0.08178598544365585, "11": 0.06769990140940381, "12": 0.07270319197140625, "13": 0.03208122298816702, "14": 0.05860229268224505, "15": 0.11421237880532491, "16": 0.04704884767093535, "17": 0.03133360890191192, "18": 0.0710125862505558, "19": 0.044457576474142134, "20": 0.061788249706249035, "21": 0.02945264320643787, "22": 0.03349106665579643, "23": 0.01931951236496555, "24": 0.009251745205640977}, "night": {"1": 0.023509154707775856, "2": 0.024581853509402604, "3": 0.024790650681648204, "4": 0.02114033824394369, "5": 0.03250850732485932, "6": 0.03747441361210652, "7": 0.0220297142429264, "8": 0.01733370489535916, "9": 0.017166251537246827, "10": 0.0684980328692689, "11": 0.06808252445980392, "12": 0.0663559432187716, "13": 0.028255167185588514, "14": 0.05809594937648761, "15": 0.10840200573127211, "16": 0.04587885621682988, "17": 0.03203043653150115, "18": 0.07914910359359426, "19": 0.047775982789406674, "20": 0.057655987183657095, "21": 0.0397140408682299, "22": 0.04405293791549218, "23": 0.02526866104555819, "24": 0.010249782259269423}}, "end": {"morning": {"1": 0.03155548443752225, "2": 0.03413100323759745, "3": 0.03307818338641775, "4": 0.025628953418311368, "5": 0.047297990376188925, "6": 0.03873937900277818, "7": 0.025128224974807142, "8": 0.02696226701948068, "9": 0.023351223120448676, "10": 0.07902858105236713, "11": 0.06304454924510108, "12": 0.07022909111163665, "13": 0.031234407321708332, "14": 0.05142521459674506, "15": 0.11856404916125415, "16": 0.048634213313710935, "17": 0.029355306643604986, "18": 0.05931764648489434, "19": 0.03361785675042282, "20": 0.046841284130884314, "21": 0.024847076318660424, "22": 0.030033703801542293, "23": 0.019546815589542875, "24": 0.008407495504372184}, "noon": {"1": 0.01927318917029672, "2": 0.029307498674169943, "3": 0.023126811678582205, "4": 0.02008705993146708, "5": 0.03852941694441213, "6": 0.04077107686038763, "7": 0.028361488765524343, "8": 0.029280622131713358, "9": 0.023253602565178957, "10": 0.08415028336119491, "11": 0.07613184053258257, "12": 0.1010733135440052, "13": 0.031988069681733886, "14": 0.04388844138574935, "15": 0.08611627955545247, "16": 0.04778515166597506, "17": 0.0348080607304998, "18": 0.05945937296208085, "19": 0.036547446476253416, "20": 0.04928917925664847, "21": 0.03302580336253241, "22": 0.03307604256953968, "23": 0.02037260643479539, "24": 0.010297341759224176}, "afternoon": {"1": 0.03630881261080876, "2": 0.03557785382219345, "3": 0.03011935210867683, "4": 0.026350056405878026, "5": 0.03997864010707903, "6": 0.04481406623205967, "7": 0.02108838961669607, "8": 0.019892267429209097, "9": 0.02081112190626033, "10": 0.07554722252257567, "11": 0.06704791182104512, "12": 0.0747527151669279, "13": 0.03344589577297904, "14": 0.05617165467857361, "15": 0.10196944811857861, "16": 0.044835266411837736, "17": 0.02738094282848636, "18": 0.05404144109096532, "19": 0.03830266895598178, "20": 0.05306531991639591, "21": 0.031103612597631298, "22": 0.03542891024407668, "23": 0.020804910086370126, "24": 0.011161519548713568}, "evening": {"1": 0.026874109091375997, "2": 0.025424516300129756, "3": 0.022421440506316857, "4": 0.021267645706902198, "5": 0.0392822025520439, "6": 0.04017216317703166, "7": 0.02110304564984141, "8": 0.020925924535523242, "9": 0.022597466724978147, "10": 0.09362014357721307, "11": 0.06986906490708476, "12": 0.08871192481120058, "13": 0.03251311607506871, "14": 0.05782904370125271, "15": 0.10641056746548685, "16": 0.046767966249312884, "17": 0.029131146175864295, "18": 0.06119089071164313, "19": 0.037045337414830806, "20": 0.05313422032175888, "21": 0.024960953980489704, "22": 0.03157665917850951, "23": 0.017420003974225943, "24": 0.009750447211914997}, "night": {"1": 0.026868687552204756, "2": 0.02901653616622563, "3": 0.029804981690173208, "4": 0.02466743120455211, "5": 0.038778162393189916, "6": 0.04430848414615267, "7": 0.02355071392825412, "8": 0.01991589878824242, "9": 0.020841309526327248, "10": 0.07602756248381429, "11": 0.07148622420801226, "12": 0.08158769098570168, "13": 0.028632026379286267, "14": 0.05451913330410514, "15": 0.09586307481894787, "16": 0.04724703616465999, "17": 0.03152182044430576, "18": 0.07018303189441276, "19": 0.04136670204099919, "20": 0.04536857041670152, "21": 0.031146026439687977, "22": 0.03607514093322907, "23": 0.021064428556438718, "24": 0.010159325534375444}}}