{"start": {"morning": {"1": 0.16110716124343522, "2": 0.26058109087083214, "3": 0.19382798214012203, "4": 0.0736750953322734, "5": 0.07702559065911121, "6": 0.04637122040742579, "7": 0.042376789559692395, "8": 0.03239584428670956, "9": 0.008894758154866695, "10": 0.04537969412926966, "11": 0.02604644589935559, "12": 0.03231832731690633}, "noon": {"1": 0.17108252037631116, "2": 0.21260297909783268, "3": 0.08858161077146669, "4": 0.047666581587800086, "5": 0.07833449668623096, "6": 0.05483633359806445, "7": 0.07860333950842355, "8": 0.05618791150783036, "9": 0.029071367129977845, "10": 0.07041863297027372, "11": 0.041341368690217095, "12": 0.07127285807557154}, "afternoon": {"1": 0.19738931331063145, "2": 0.2702130125576015, "3": 0.16614127952793054, "4": 0.09318175375299993, "5": 0.05552588654978221, "6": 0.03521634751647507, "7": 0.03860059206392199, "8": 0.033361950344077754, "9": 0.0, "10": 0.03591431529281961, "11": 0.03285798927287387, "12": 0.041597559810886114}, "evening": {"1": 0.20819265478251864, "2": 0.18075819097645573, "3": 0.11058621035451904, "4": 0.061026673033371184, "5": 0.06669949076703151, "6": 0.04396745566311737, "7": 0.04311343211591249, "8": 0.0568530678688514, "9": 0.023837101356937847, "10": 0.0734610870240347, "11": 0.05116029706839775, "12": 0.08034433898885233}, "night": {"1": 0.11928700250570934, "2": 0.2464430328006851, "3": 0.18642860794600016, "4": 0.06804859685896723, "5": 0.1053444861113314, "6": 0.07085631541978972, "7": 0.04961410155822147, "8": 0.023228382745478487, "9": 0.015704554936012895, "10": 0.05547255059223529, "11": 0.02140447805378838, "12": 0.03816789047178053}}, "end": {"morning": {"1": 0.16878795494823803, "2": 0.24934923389841304, "3": 0.1684530665300213, "4": 0.08869936575384264, "5": 0.0895141124373151, "6": 0.03884172655676679, "7": 0.0356651982464879, "8": 0.032565810140062566, "9": 0.018197746816288468, "10": 0.053295787190842485, "11": 0.019322287899546625, "12": 0.03730770958217521}, "noon": {"1": 0.11902268393524132, "2": 0.24869464167186334, "3": 0.10284358567213032, "4": 0.05768581297237025, "5": 0.07443448426031578, "6": 0.05691482557116727, "7": 0.06484847357243353, "8": 0.05645955336279463, "9": 0.028324242869683026, "10": 0.06723287855045325, "11": 0.036249861737237626, "12": 0.08728895582430979}, "afternoon": {"1": 0.13375828299381723, "2": 0.2883604987668394, "3": 0.1636571435279829, "4": 0.11668875826481262, "5": 0.08805853386450137, "6": 0.03731679842074153, "7": 0.03322747525827151, "8": 0.03222775606224557, "9": 0.015998079615997696, "10": 0.032976300473441744, "11": 0.01740966074934875, "12": 0.04032071200199986}, "evening": {"1": 0.13731865805572663, "2": 0.17794181123227, "3": 0.1302041400529163, "4": 0.09668542198018015, "5": 0.10882583697748226, "6": 0.04553424956710287, "7": 0.034728454226347454, "8": 0.039329025087341936, "9": 0.022198480803537698, "10": 0.08327852570400908, "11": 0.04071356050474917, "12": 0.08324183580833647}, "night": {"1": 0.11658212569562704, "2": 0.22755887136171798, "3": 0.18444860654489717, "4": 0.11503209053066042, "5": 0.10298432900466374, "6": 0.06868123575451963, "7": 0.04725260898719888, "8": 0.01783539740909426, "9": 0.01426145438457798, "10": 0.05127104668634429, "11": 0.01777498184744855, "12": 0.03631725179325004}}}