{"morning": {"0": 0.06918112446901996, "1": 0.07206635645653274, "2": 0.03310376016369377, "3": 0.03179556668839944, "4": 0.019985849698679958, "5": 0.0397854891203151, "6": 0.05085130306436058, "7": 0.0485255981170744, "8": 0.044860215910415606, "9": 0.031245037279908343, "10": 0.06094376902124411, "11": 0.04580134792951254, "12": 0.060893128738463365, "13": 0.02128320492649943, "14": 0.03775857915822218, "15": 0.0766190734409386, "16": 0.03403408733111908, "17": 0.02790381947337711, "18": 0.03083315547824259, "19": 0.03018010652111214, "20": 0.044589856737214634, "21": 0.02871793603783617, "22": 0.03381294695107689, "23": 0.02522868728674126, "start": 1.0, "end": 2.0}, "noon": {"0": 0.07912877727271021, "1": 0.07420658403565385, "2": 0.06594674660800622, "3": 0.03077741880887203, "4": 0.027079796468260673, "5": 0.05845061582576432, "6": 0.0617363450309448, "7": 0.03904457434036268, "8": 0.045091390364568294, "9": 0.032523310811852744, "10": 0.04531805170034914, "11": 0.04313112392720029, "12": 0.05116184323621423, "13": 0.015832765545108107, "14": 0.03160515320418062, "15": 0.05862698293725228, "16": 0.03372811356444078, "17": 0.029866992421085658, "18": 0.028954499836119352, "19": 0.03259575383504592, "20": 0.04018313050524982, "21": 0.02483871570444428, "22": 0.02850977574275185, "23": 0.021661538273561824, "start": 2.0, "end": 6.0}, "afternoon": {"0": 0.07033351165660795, "1": 0.06581848800099087, "2": 0.03325180448242652, "3": 0.03488039691727848, "4": 0.021430392774378932, "5": 0.04293910375487262, "6": 0.05222115090970472, "7": 0.05167817326823976, "8": 0.04348708121702719, "9": 0.034694688483175196, "10": 0.05822832768129768, "11": 0.04503782123166225, "12": 0.05767943922966801, "13": 0.02197283368995158, "14": 0.03814178672934242, "15": 0.08348854571540752, "16": 0.034178875757796316, "17": 0.0300249989731015, "18": 0.03020310781142713, "19": 0.02880924546981978, "20": 0.0380656732571852, "21": 0.027734082349001526, "22": 0.03029919417719246, "23": 0.025401276462444392, "start": 6.0, "end": 15.0}, "night": {"0": 0.06517238158187975, "1": 0.05425548224811893, "2": 0.02522547927574633, "3": 0.02817031169833698, "4": 0.0200105659313522, "5": 0.04037735491654914, "6": 0.05446909355015688, "7": 0.05402901828450497, "8": 0.045452194228718025, "9": 0.03179791864908136, "10": 0.05665591742605345, "11": 0.043496064898398044, "12": 0.06206008190671098, "13": 0.022176168698804063, "14": 0.040829722066447825, "15": 0.08175833237848926, "16": 0.0373419406676332, "17": 0.030770826998249137, "18": 0.035924587753795735, "19": 0.036845648744817834, "20": 0.04552633018882202, "21": 0.02758498974546668, "22": 0.03305967269423039, "23": 0.02700991546763678, "start": 15.0, "end": 1.0}}