{"morning": {"13": 0.1435765645825937, "14": 0.0630374059482161, "15": 0.1250566540154402, "16": 0.02798925433438245, "17": 0.06129663798944154, "18": 0.10668285822015969, "7": 0.14347331472788608, "8": 0.02111244701026834, "9": 0.030429417338249644, "10": 0.16710791031693376, "11": 0.04820810930700526, "12": 0.0620294262094233, "start": 7.0, "end": 14.0}, "noon": {"13": 0.020763117182785232, "14": 0.33085250904685165, "15": 0.0744239544580684, "16": 0.0439641099454702, "17": 0.05063150302716306, "18": 0.0791737752498281, "19": 0.08954766813242634, "20": 0.044111634958384015, "21": 0.027595632064140223, "22": 0.1299156257945058, "23": 0.05951380334627483, "12": 0.04950666679410215, "start": 14.0, "end": 15.0}, "afternoon": {"13": 0.07280382306955271, "14": 0.0761424907273506, "15": 0.09749948683494776, "16": 0.060618744997924336, "17": 0.0724046346146472, "18": 0.1001665188803658, "19": 0.13871823145066467, "20": 0.050297107494603276, "21": 0.028367638859869416, "22": 0.163954893534572, "11": 0.06311357907319216, "24": 0.0759128504623101, "start": 15.0, "end": 22.0}, "night": {"1": 0.021226566133080448, "2": 0.09152532220365651, "3": 0.07854337617934258, "4": 0.041296574213189906, "5": 0.058433363223710066, "6": 0.07383654164634332, "7": 0.1531528529188176, "8": 0.040877768373492315, "9": 0.02149165275333235, "22": 0.24105078801335608, "23": 0.07325528312216212, "24": 0.10530991121951672, "start": 22.0, "end": 7.0}}