{"morning": {"0": 0.07643168403290652, "1": 0.05640043503659973, "2": 0.028280199586665545, "3": 0.030341475594842782, "4": 0.019976263687426304, "5": 0.04234257481453926, "6": 0.05188729673599069, "7": 0.0467050641112593, "8": 0.045632371823498864, "9": 0.03003744397215503, "10": 0.057177288077109055, "11": 0.04619287506725864, "12": 0.05673184390209186, "13": 0.021549535039871462, "14": 0.04038977653476982, "15": 0.08257549449278866, "16": 0.036156649059766274, "17": 0.028226910370077726, "18": 0.029494702673672362, "19": 0.030785337850742972, "20": 0.047456809991180876, "21": 0.030601012542372002, "22": 0.03661604010366124, "23": 0.028010914898753004, "start": 1.0, "end": 2.0}, "noon": {"0": 0.09190063313920055, "1": 0.061072007914677505, "2": 0.05827137896563064, "3": 0.022026579753320123, "4": 0.02683617070173505, "5": 0.0712331585164277, "6": 0.06111076731695168, "7": 0.03441058497823125, "8": 0.04480318510684888, "9": 0.030262188522594536, "10": 0.045038877720673144, "11": 0.04898913457078824, "12": 0.04858447810554172, "13": 0.014131265669011473, "14": 0.03144783698938412, "15": 0.060331141109906644, "16": 0.03688485541053582, "17": 0.03147410641299244, "18": 0.02671541594783296, "19": 0.034434672570671766, "20": 0.04412766382037244, "21": 0.02528021340297314, "22": 0.028091912042911074, "23": 0.022541771310787093, "start": 2.0, "end": 6.0}, "afternoon": {"0": 0.08031633428188396, "1": 0.04853595789844922, "2": 0.02696520896374385, "3": 0.02973192890653271, "4": 0.020478925481665935, "5": 0.04197951313198959, "6": 0.05198944925148824, "7": 0.0482807337889553, "8": 0.04528042143906911, "9": 0.03146086726491801, "10": 0.05306517306132994, "11": 0.04477002177327328, "12": 0.055306130183432035, "13": 0.022723426238867753, "14": 0.04279232126361266, "15": 0.08721043488523866, "16": 0.038184623805761354, "17": 0.03201715773529778, "18": 0.030754427252295474, "19": 0.03140691521628304, "20": 0.04310817821260273, "21": 0.03049922889066599, "22": 0.03442587255976699, "23": 0.028716748512876325, "start": 6.0, "end": 15.0}, "night": {"0": 0.07987716692560602, "1": 0.047674962617604136, "2": 0.022951158593216104, "3": 0.026336153560759416, "4": 0.019265738313520655, "5": 0.041903298970335866, "6": 0.05760395315629177, "7": 0.04921214566909705, "8": 0.04596187800092432, "9": 0.03053796037111274, "10": 0.05445651926945852, "11": 0.044397417162071164, "12": 0.056926216267545085, "13": 0.020467680405451983, "14": 0.04149010176586174, "15": 0.08095198085429473, "16": 0.0386670790129554, "17": 0.03159725779058337, "18": 0.03403419261102942, "19": 0.03629918241461826, "20": 0.047266269139453726, "21": 0.028068072601335092, "22": 0.03577983099516352, "23": 0.02827378353170989, "start": 15.0, "end": 1.0}}