{"start": {"morning": {"1": 0.012662128863934932, "2": 0.011115831498884543, "3": 0.008589025813775297, "4": 0.008909558125442507, "5": 0.014086558117334008, "6": 0.024080044575034487, "7": 0.023345234942769216, "8": 0.013474883799504463, "9": 0.014572450726696202, "10": 0.09807530415139926, "11": 0.07970219430700623, "12": 0.11054310770165376, "13": 0.023501154879689422, "14": 0.05485107983528726, "15": 0.08605994465642157, "16": 0.03828557843532882, "17": 0.04604383783576771, "18": 0.059517457765477726, "19": 0.05119771754287511, "20": 0.06405259588283535, "21": 0.04537034988606094, "22": 0.06583422567029248, "23": 0.03575077024131538, "24": 0.010378964745213328}, "noon": {"1": 0.009935429657531272, "2": 0.007414805704042367, "3": 0.005468430197605976, "4": 0.006628567290815223, "5": 0.009780303776381545, "6": 0.018469070398053483, "7": 0.01548121948328536, "8": 0.011413132883905662, "9": 0.013557024162238852, "10": 0.07700012676379762, "11": 0.07586673875885246, "12": 0.09966999350954336, "13": 0.023609374219989016, "14": 0.04840874282582046, "15": 0.07782594432973929, "16": 0.04315774251470781, "17": 0.04559396555303286, "18": 0.05858228959682448, "19": 0.0648125986030806, "20": 0.08521356468656496, "21": 0.062130849176276946, "22": 0.08150544611478319, "23": 0.046835137652909226, "24": 0.011639502140217963}, "afternoon": {"1": 0.01380899266936811, "2": 0.01224984000267656, "3": 0.009410774654244308, "4": 0.010377255572645166, "5": 0.016420322698718962, "6": 0.022848573350938862, "7": 0.025180887755440664, "8": 0.014431251204958353, "9": 0.014782426647548811, "10": 0.10071462148971101, "11": 0.08920412935300218, "12": 0.08682846997908326, "13": 0.023629597508066563, "14": 0.04981895307158399, "15": 0.0965344674710304, "16": 0.039829855198684413, "17": 0.046734472828048504, "18": 0.05208905662660857, "19": 0.044324808876200536, "20": 0.061494439627156505, "21": 0.04915432553301946, "22": 0.0674160262749854, "23": 0.040655999574534724, "24": 0.01206045203174468}, "night": {"1": 0.00970460180256589, "2": 0.007927451049084882, "3": 0.007031186981771694, "4": 0.008032686756487585, "5": 0.01195446514357625, "6": 0.018373364663307256, "7": 0.018407564436895195, "8": 0.01243895435003013, "9": 0.013029822148518135, "10": 0.08766997315209672, "11": 0.07034383076067656, "12": 0.09824368857786307, "13": 0.024427863917046974, "14": 0.0541987952730064, "15": 0.08676319269707673, "16": 0.04709739520590692, "17": 0.0476169489947302, "18": 0.06556822581022093, "19": 0.058571188818636925, "20": 0.0669837869262504, "21": 0.04862742969485094, "22": 0.07502608187898598, "23": 0.0470913330101395, "24": 0.014870167950274746}}, "end": {"morning": {"1": 0.012553525073821358, "2": 0.01171440346495306, "3": 0.009729092929075563, "4": 0.009337871459404465, "5": 0.01546501861394336, "6": 0.026812182923779994, "7": 0.021123302429431466, "8": 0.014619465130101641, "9": 0.015519863300639232, "10": 0.07972603459664786, "11": 0.06867460928249106, "12": 0.10863679170351644, "13": 0.027243221328347444, "14": 0.05096134167169557, "15": 0.08471202351669127, "16": 0.04131681262115688, "17": 0.04898329714785458, "18": 0.06652535200851503, "19": 0.059170961996507745, "20": 0.0731344248228193, "21": 0.04833420007259342, "22": 0.059087556680513645, "23": 0.034917229170048296, "24": 0.011701418055451331}, "noon": {"1": 0.006997663401502719, "2": 0.0071655616273729175, "3": 0.005710329408908597, "4": 0.005397853477047776, "5": 0.00801995372527807, "6": 0.01775077415249943, "7": 0.009425558257890898, "8": 0.011522352383184007, "9": 0.011788163885402702, "10": 0.05031475156583794, "11": 0.0641793031134545, "12": 0.08862057585212786, "13": 0.033251070550306384, "14": 0.04977216757830712, "15": 0.059874596787755585, "16": 0.04789990584450999, "17": 0.04006219156956012, "18": 0.07963125342968778, "19": 0.08811392840342785, "20": 0.09740272520898217, "21": 0.0782360291658323, "22": 0.07279469067013242, "23": 0.05436499854804075, "24": 0.011703601392950121}, "afternoon": {"1": 0.011102461393022227, "2": 0.010355236252213235, "3": 0.00807849188922213, "4": 0.008404131437839302, "5": 0.01458233500079397, "6": 0.02147659155163107, "7": 0.02062073181948232, "8": 0.013671076725394901, "9": 0.01376138596039128, "10": 0.08097330515940118, "11": 0.06866016655421728, "12": 0.09523470010023387, "13": 0.026442366424555355, "14": 0.050233376298746704, "15": 0.10157336581653117, "16": 0.04508975696452278, "17": 0.05271280445900946, "18": 0.06189214100401902, "19": 0.05441041758070128, "20": 0.07305687151680433, "21": 0.050902638476600294, "22": 0.06408956260991218, "23": 0.039205607631792566, "24": 0.013470477372962097}, "night": {"1": 0.006449774271029025, "2": 0.005866082652309941, "3": 0.0064250763740648096, "4": 0.006674189954414624, "5": 0.010760419793327515, "6": 0.015093468542456627, "7": 0.012804457237111606, "8": 0.01063103211866083, "9": 0.010674981526850487, "10": 0.0724227403300247, "11": 0.05835057751747187, "12": 0.0936744530877456, "13": 0.02869114391734698, "14": 0.05142466646915043, "15": 0.09491433742478839, "16": 0.04964983442892774, "17": 0.04674813455722744, "18": 0.07732694949990808, "19": 0.06955587229957867, "20": 0.08218719180057352, "21": 0.053896694087363625, "22": 0.06826696321545848, "23": 0.05119790591517492, "24": 0.016313052979034112}}}