{"morning": {"start": 5.999999999999918, "end": 10.00000000000001}, "noon": {"start": 10.000000000000014, "end": 12.000000000000107}, "afternoon": {"start": 12.0, "end": 15.0}, "night": {"start": 15.0, "end": 5.999999999999918}}