{"morning": {"0": 0.04850497510326921, "1": 0.12279079263635855, "2": 0.0675232747124138, "3": 0.07024275279437477, "4": 0.03671295568803644, "5": 0.06390217366967325, "6": 0.03695147200312397, "7": 0.03689878344026847, "8": 0.02922097908198192, "9": 0.03288974077629526, "10": 0.10489145492148066, "11": 0.036101007155022145, "12": 0.04933646853277826, "13": 0.016071474541693578, "14": 0.024263794439042422, "15": 0.03957499393145263, "16": 0.026879038853305403, "17": 0.021191979561850746, "18": 0.029925068736530922, "19": 0.022560011201660176, "20": 0.03299131443173853, "21": 0.016365260024913737, "22": 0.01840826632287711, "23": 0.015801967439858008, "start": 1.0000000000000009, "end": 2.0000000000000044}, "noon": {"0": 0.04438432147152192, "1": 0.1324291864437526, "2": 0.06117538831311399, "3": 0.05583004955304665, "4": 0.044525122629758315, "5": 0.051300868235906495, "6": 0.043904346257233454, "7": 0.03628688605650404, "8": 0.03330174528696241, "9": 0.03794746036626924, "10": 0.0751040120985865, "11": 0.044033422948181314, "12": 0.04772469594893574, "13": 0.015056857252427572, "14": 0.02332053225390155, "15": 0.04666947785465569, "16": 0.0331909968217981, "17": 0.024354871758078205, "18": 0.036477313682317755, "19": 0.02791344394936309, "20": 0.037414928874747816, "21": 0.017232972769457674, "22": 0.01729144164575486, "23": 0.013129657527725023, "start": 2.0000000000000044, "end": 3.0000000000000044}, "afternoon": {"0": 0.05452667235247912, "1": 0.09800480963717105, "2": 0.11047853565408756, "3": 0.06556039452049212, "4": 0.05635567526895888, "5": 0.050451391373764774, "6": 0.04979894489275635, "7": 0.032989486449762226, "8": 0.028778428845432066, "9": 0.03650060040713953, "10": 0.06414162933360064, "11": 0.03625102608920153, "12": 0.041501022046381876, "13": 0.013097850660423837, "14": 0.02314066398428694, "15": 0.04149695541907137, "16": 0.03061618010675762, "17": 0.024091195903831356, "18": 0.03492462816532648, "19": 0.028724813314825553, "20": 0.031816001875811156, "21": 0.014923850440133191, "22": 0.017961798707087532, "23": 0.013867444551217236, "start": 3.0000000000000044, "end": 10.0}, "evening": {"0": 0.061069347550538514, "1": 0.09444986583567157, "2": 0.05432629903447216, "3": 0.05084005659468686, "4": 0.04030950091222048, "5": 0.044247589025237274, "6": 0.044419636026285354, "7": 0.04041442090723896, "8": 0.034700939663890686, "9": 0.03731373809472207, "10": 0.06801873556752454, "11": 0.04458900113038478, "12": 0.05526891969797685, "13": 0.015008388602696396, "14": 0.02593534837244951, "15": 0.05029619047501968, "16": 0.03482597104874492, "17": 0.025966450905109087, "18": 0.041238304313497696, "19": 0.037853642825436566, "20": 0.04574648138468978, "21": 0.017396150216523982, "22": 0.020835600040556405, "23": 0.014929421774425843, "start": 10.0, "end": 20.0}, "night": {"0": 0.0376492793405116, "1": 0.11318943096503052, "2": 0.08684260427473385, "3": 0.08726317283514774, "4": 0.06325188685242457, "5": 0.03908297164352325, "6": 0.04409435763883448, "7": 0.03167864545263206, "8": 0.02891230112229493, "9": 0.030748518538700195, "10": 0.06133899864192166, "11": 0.04054029887411423, "12": 0.0492981890174675, "13": 0.015092575399724422, "14": 0.02213872691832749, "15": 0.04099847516949328, "16": 0.029811596603473284, "17": 0.02477988425951204, "18": 0.038203046899746365, "19": 0.03127868197145408, "20": 0.03554993867130585, "21": 0.015355488727807572, "22": 0.01888077981050553, "23": 0.014020150371313473, "start": 20.0, "end": 1.0000000000000009}}