{"morning": {"0": 0.06044580908474048, "1": 0.11365616801648751, "2": 0.0650154902792479, "3": 0.06316626762307173, "4": 0.037631121394256666, "5": 0.05374337792844805, "6": 0.044316907931717976, "7": 0.03746775901397544, "8": 0.030269933615900965, "9": 0.03426999567687966, "10": 0.08881131715636481, "11": 0.043471200008892465, "12": 0.053896044921767444, "13": 0.019712781653030486, "14": 0.029144957714334625, "15": 0.04680383555286783, "16": 0.028061773664698142, "17": 0.021840548209402514, "18": 0.032516155859213726, "19": 0.022682006570047826, "20": 0.028700366131208112, "21": 0.014675840693715095, "22": 0.0167663932587557, "23": 0.012933948040975007, "start": 1.0, "end": 2.0}, "noon": {"0": 0.052104561066149024, "1": 0.11817757662795846, "2": 0.05674084720235647, "3": 0.05561550149122802, "4": 0.03863463052387977, "5": 0.04716217860918765, "6": 0.04456768836117678, "7": 0.03526646763042907, "8": 0.029779548038686574, "9": 0.035759227501438104, "10": 0.08468477349797267, "11": 0.047749990003265026, "12": 0.05496531860848649, "13": 0.020312025093161996, "14": 0.02831183943490414, "15": 0.0504419156960421, "16": 0.03159292235107844, "17": 0.023808667467323654, "18": 0.03928356527099664, "19": 0.02694415917166114, "20": 0.033872299444842865, "21": 0.01533450245445711, "22": 0.01640427321277832, "23": 0.012485521240539412, "start": 2.0, "end": 3.0}, "afternoon": {"0": 0.05560835518127258, "1": 0.09665880741628814, "2": 0.07762394283258996, "3": 0.06727543371016112, "4": 0.04920795529730634, "5": 0.052683604034554285, "6": 0.04899432016889619, "7": 0.04008748971923727, "8": 0.03000279915898725, "9": 0.04026500708605396, "10": 0.06582643111373251, "11": 0.04590358646361768, "12": 0.045806611986320675, "13": 0.01844799860719992, "14": 0.029065283272582038, "15": 0.04343841446806517, "16": 0.026250433162401072, "17": 0.02577764482011979, "18": 0.03518241397086969, "19": 0.030097677634785644, "20": 0.02765961505797266, "21": 0.01683448817038408, "22": 0.017285286371643355, "23": 0.014016400294958644, "start": 3.0, "end": 10.0}, "evening": {"0": 0.07166862885443506, "1": 0.10681819156772633, "2": 0.06463285764894058, "3": 0.05438657481790566, "4": 0.036389641632377207, "5": 0.04926556703940413, "6": 0.04588786600723966, "7": 0.03913366911776873, "8": 0.03076375180135632, "9": 0.034164666648221015, "10": 0.06355325066492479, "11": 0.045477760539334666, "12": 0.05578961954376775, "13": 0.018651433541064782, "14": 0.029403743374196042, "15": 0.04977917248788828, "16": 0.030694454587861523, "17": 0.023118948775188358, "18": 0.03780365451098754, "19": 0.03044747474932499, "20": 0.03623976266488827, "21": 0.015590475844761613, "22": 0.017840468568842163, "23": 0.012498365011594553, "start": 10.0, "end": 12.0}, "night": {"0": 0.05231991898706525, "1": 0.09921554738396847, "2": 0.06791155302276054, "3": 0.08062042517019004, "4": 0.04987672891810537, "5": 0.04431208597811367, "6": 0.05292190272096803, "7": 0.037632886358361935, "8": 0.02978545072389202, "9": 0.03535762059957788, "10": 0.06517821498397895, "11": 0.04836906758564144, "12": 0.05125157923920417, "13": 0.019714158842521107, "14": 0.027599956679646074, "15": 0.04511657892621916, "16": 0.02738034426961829, "17": 0.023815073088783698, "18": 0.0356731708361552, "19": 0.02805744611195132, "20": 0.03151999940606188, "21": 0.01562269431050277, "22": 0.01760939605303192, "23": 0.01313819980368078, "start": 12.0, "end": 1.0}}