{"start": {"morning": {"1": 0.019037957763708296, "2": 0.01182030505646026, "3": 0.012405105590729259, "4": 0.011349537686253216, "5": 0.01858665859096994, "6": 0.029204133622944526, "7": 0.015222959345033147, "8": 0.009511731764539734, "9": 0.01192879239492146, "10": 0.07292213417193277, "11": 0.08139451966511717, "12": 0.07192966883676152, "13": 0.027983609418728853, "14": 0.03839411239937702, "15": 0.08852995466868759, "16": 0.05186639097908872, "17": 0.0565742337536276, "18": 0.10732995785122816, "19": 0.0637884167457329, "20": 0.075779816924353, "21": 0.04895657423375363, "22": 0.03940210753804628, "23": 0.025977442749078556, "24": 0.01010387824892639}, "noon": {"1": 0.018660332174637737, "2": 0.008819334460590411, "3": 0.00990707329286622, "4": 0.011384368470441972, "5": 0.016178166393854512, "6": 0.026327385129174413, "7": 0.01250582365305165, "8": 0.008544275978089435, "9": 0.01161917323199458, "10": 0.07060869845900716, "11": 0.07135085887642469, "12": 0.06241776622854624, "13": 0.028003769577938077, "14": 0.034403532825322346, "15": 0.0900257829461503, "16": 0.04959932823451356, "17": 0.05532286425261311, "18": 0.11876493111254535, "19": 0.0869785718600278, "20": 0.08783682731010818, "21": 0.048676182954602, "22": 0.037099532873871265, "23": 0.02636326506188012, "24": 0.008602154641748865}, "afternoon": {"1": 0.011677810743978433, "2": 0.006866962583905749, "3": 0.0065370287630078855, "4": 0.007795474331636945, "5": 0.01252002973525162, "6": 0.020004165268898165, "7": 0.009753194218499111, "8": 0.007203642883651577, "9": 0.010501769291268332, "10": 0.06756894008764704, "11": 0.0598421634488894, "12": 0.06514870086343218, "13": 0.028238416397072044, "14": 0.035537057851922155, "15": 0.09073459527610821, "16": 0.06038321936465978, "17": 0.06889281481326504, "18": 0.09394376345126398, "19": 0.07474101850836329, "20": 0.09202301689825182, "21": 0.06462783893150892, "22": 0.051180291726267764, "23": 0.040298575226212656, "24": 0.01397950933503793}, "evening": {"1": 0.008050367371833988, "2": 0.005198203452497297, "3": 0.005163218347937584, "4": 0.0070864319019499035, "5": 0.011474367202110449, "6": 0.018553593550996554, "7": 0.010949428386141845, "8": 0.007010474883163228, "9": 0.008433913087806246, "10": 0.06063465482560235, "11": 0.04896623701081935, "12": 0.056207031756733805, "13": 0.02072408121026316, "14": 0.03646434964077275, "15": 0.09550366055616273, "16": 0.04938823162837308, "17": 0.0638299711039211, "18": 0.11407249028621581, "19": 0.09731711048276527, "20": 0.1240654113743002, "21": 0.05728512537356074, "22": 0.05376012202707877, "23": 0.029505209135039942, "24": 0.010356315403953991}, "night": {"1": 0.014709349549821612, "2": 0.011863980483100185, "3": 0.012546777508338398, "4": 0.013719725409319051, "5": 0.01874597013690319, "6": 0.02631780219968043, "7": 0.014954545896411865, "8": 0.011049527587609749, "9": 0.01357737990118312, "10": 0.07475625321823881, "11": 0.07372603250480984, "12": 0.07251749430543135, "13": 0.028383315257131274, "14": 0.04398928465365482, "15": 0.08210885228454613, "16": 0.050321926522877376, "17": 0.058982901712451366, "18": 0.0974252498739128, "19": 0.07433886324892784, "20": 0.07517369547240126, "21": 0.04685194824212232, "22": 0.04279483199326322, "23": 0.029206927151478535, "24": 0.01193736488638547}}, "end": {"morning": {"1": 0.015077210032343224, "2": 0.012810232591324928, "3": 0.013549039700502275, "4": 0.012622157469673453, "5": 0.022001595633360425, "6": 0.031029559032341995, "7": 0.01634171737692419, "8": 0.012833245031411837, "9": 0.012695073926939658, "10": 0.08882029132991587, "11": 0.08262398218819646, "12": 0.07833469075368343, "13": 0.031818374339765434, "14": 0.045046375581297635, "15": 0.10100254102959577, "16": 0.052723244307334126, "17": 0.0511183722728002, "18": 0.07821785876129946, "19": 0.04720086062152892, "20": 0.07105243932967825, "21": 0.04338322903103279, "22": 0.04224884126650281, "23": 0.027956888951079985, "24": 0.00949217944146687}, "noon": {"1": 0.013412710495349965, "2": 0.008711078042590938, "3": 0.009383148473023512, "4": 0.009813360482043669, "5": 0.016682504670598116, "6": 0.025586024609039863, "7": 0.013251075954745376, "8": 0.009343920669750556, "9": 0.010971603251249233, "10": 0.09037280238820214, "11": 0.07432765618419036, "12": 0.0737243389795161, "13": 0.030725404060134666, "14": 0.03911457821382775, "15": 0.1142232010517468, "16": 0.04662581873386312, "17": 0.04986278617937163, "18": 0.0948309997744109, "19": 0.06130713649727903, "20": 0.08498731034914105, "21": 0.04357491920306551, "22": 0.04166442177002452, "23": 0.02911354145401134, "24": 0.00838965851282387}, "afternoon": {"1": 0.01071701631371649, "2": 0.007916111067739246, "3": 0.00732907212004074, "4": 0.00820409408881531, "5": 0.013373192327550005, "6": 0.018838102350690788, "7": 0.009500293027520593, "8": 0.00789595722994883, "9": 0.009940387495475655, "10": 0.07171960995126613, "11": 0.05711146582398815, "12": 0.06983162915226918, "13": 0.0300810762626254, "14": 0.04027485425911868, "15": 0.10145076207066756, "16": 0.05409360044443982, "17": 0.05971768338067065, "18": 0.08136776554911115, "19": 0.06416218820914896, "20": 0.10081401709907217, "21": 0.06270546671421276, "22": 0.05691718386074871, "23": 0.04128585360744765, "24": 0.01475261759371538}, "evening": {"1": 0.006347492456776724, "2": 0.005188687559005059, "3": 0.0046817804330974416, "4": 0.005962303552987639, "5": 0.011651969004634208, "6": 0.017625906437033607, "7": 0.010283835581986997, "8": 0.007904925498310986, "9": 0.007522925465060098, "10": 0.08656798926597253, "11": 0.06185053590782086, "12": 0.07124033548056326, "13": 0.024907386086132, "14": 0.04190508302784914, "15": 0.1094948288392332, "16": 0.04624186165667564, "17": 0.04990252775689716, "18": 0.08696915384469195, "19": 0.06381838825015686, "20": 0.12243358474519721, "21": 0.05491246529380087, "22": 0.05986144842006603, "23": 0.03162549194250954, "24": 0.011099093493540982}, "night": {"1": 0.011531915494521598, "2": 0.011327530813607569, "3": 0.011849771493017967, "4": 0.011010181535929012, "5": 0.017489811848700965, "6": 0.02380888268509029, "7": 0.013082646461769102, "8": 0.01085030224005116, "9": 0.011983406474841187, "10": 0.09626647678030184, "11": 0.07905134858958449, "12": 0.08264656420592353, "13": 0.03301872066676331, "14": 0.047858898919892624, "15": 0.09880929198848944, "16": 0.046944905683692244, "17": 0.05053133631809014, "18": 0.08182255693835054, "19": 0.05456335347432945, "20": 0.07262306917327425, "21": 0.04485721591430456, "22": 0.04439968935637335, "23": 0.03107749370108805, "24": 0.012594629242013499}}}