{"morning": {"0": 0.035694905235103554, "1": 0.0734128213782388, "2": 0.07789539300225744, "3": 0.061194754102718435, "4": 0.04870456715438632, "5": 0.057814946757425933, "6": 0.05213974352814712, "7": 0.05172355732574402, "8": 0.03975787158913131, "9": 0.0352447830155925, "10": 0.05759285596465127, "11": 0.04212854072175451, "12": 0.04401072912975068, "13": 0.02260231081545133, "14": 0.03558413564440452, "15": 0.06453271072651186, "16": 0.029901617169387135, "17": 0.024444960472445824, "18": 0.030633553398548563, "19": 0.022544506471843192, "20": 0.029009517589907025, "21": 0.01953218273317595, "22": 0.023448963257581792, "23": 0.02045007281584091, "start": 1.0, "end": 5.0}, "noon": {"0": 0.053328639221767386, "1": 0.06329727572218921, "2": 0.06052480279751996, "3": 0.04933491129402132, "4": 0.042318227104347426, "5": 0.05102185005757603, "6": 0.0514091371246669, "7": 0.04906239630946435, "8": 0.04055832822919048, "9": 0.03389006085062657, "10": 0.061908376355597726, "11": 0.04147592540182687, "12": 0.04675210536646981, "13": 0.022211838683610808, "14": 0.03681204360887358, "15": 0.06630141309442193, "16": 0.0333245895168567, "17": 0.02841988741803921, "18": 0.033815642424984915, "19": 0.024363196599761865, "20": 0.03500295342911832, "21": 0.021968370943282106, "22": 0.02967060288532505, "23": 0.02322742556046147, "start": 5.0, "end": 6.0}, "afternoon": {"0": 0.06602382532951014, "1": 0.04996659097886654, "2": 0.06200450244487607, "3": 0.05273537722655516, "4": 0.04183320137537446, "5": 0.053863954422199926, "6": 0.05430819663280038, "7": 0.052088024708405074, "8": 0.039257814895954785, "9": 0.03923667276870156, "10": 0.06605164033450901, "11": 0.044923581264694645, "12": 0.0434421415669741, "13": 0.02207685257054121, "14": 0.03639715675885517, "15": 0.06280883142495816, "16": 0.028514553469730603, "17": 0.026075908680605983, "18": 0.030443627814565555, "19": 0.022337336817291813, "20": 0.0297812270392299, "21": 0.022714034453140464, "22": 0.028855943920453455, "23": 0.024259003101205805, "start": 6.0, "end": 10.0}, "evening": {"0": 0.034962027062279945, "1": 0.05433824426282214, "2": 0.06708622254333943, "3": 0.05496120949523589, "4": 0.04500353073899671, "5": 0.05535938303931077, "6": 0.04735231253117717, "7": 0.05052583341299918, "8": 0.03929404279361939, "9": 0.036730011840328085, "10": 0.05699239390001052, "11": 0.04382399876965826, "12": 0.04956910235984912, "13": 0.025173673338373125, "14": 0.03647745610050366, "15": 0.06782283242402767, "16": 0.0330708423317124, "17": 0.032124853490237276, "18": 0.03808714022488228, "19": 0.027365906830004966, "20": 0.03118991762782267, "21": 0.022086057091631823, "22": 0.026357808740569946, "23": 0.0242451990506076, "start": 10.0, "end": 23.0}, "night": {"0": 0.0276147631291237, "1": 0.1092647024884228, "2": 0.07165389884051457, "3": 0.0586549290533033, "4": 0.049766920267387764, "5": 0.06233323695576214, "6": 0.0479678673323733, "7": 0.054741554752647, "8": 0.03779997828240786, "9": 0.030576636857665918, "10": 0.056789192250472555, "11": 0.04054517712505888, "12": 0.04499948131622191, "13": 0.02120384395254958, "14": 0.035662322183746084, "15": 0.06340835385132619, "16": 0.02719939376592952, "17": 0.02495606860430273, "18": 0.02972133102879168, "19": 0.023403836325148322, "20": 0.025533738824650626, "21": 0.015399959792184809, "22": 0.021905174644516703, "23": 0.018897638375491996, "start": 23.0, "end": 1.0}}