{"morning": {"1": 0.24717515195349388, "2": 0.23331621591012336, "3": 0.1394417078362331, "4": 0.047987556843662814, "5": 0.1455964289443575, "6": 0.024100247278394143, "7": 0.034640238380106096, "8": 0.028130284600677985, "9": 0.020528016561645983, "10": 0.03074117531223466, "11": 0.023665375072770663, "12": 0.024677601306299816, "start": 1.0, "end": 2.0}, "noon": {"13": 0.2611365503621604, "2": 0.2922343487046516, "3": 0.06588076389444288, "4": 0.05983572681911819, "5": 0.06486602019526554, "6": 0.031673482593615535, "7": 0.039772449249709185, "8": 0.038486071953748334, "9": 0.033595738136660905, "10": 0.049626115813614716, "11": 0.03224537189557581, "12": 0.030647360381437064, "start": 2.0, "end": 13.0}, "afternoon": {"13": 0.2597316145811932, "14": 0.3068176157966018, "15": 0.07357007502125931, "16": 0.060877069884498286, "17": 0.06255985958670238, "18": 0.028494864637256635, "7": 0.03360216391343361, "8": 0.03168597682703229, "9": 0.03175710631890046, "10": 0.053007937258514076, "11": 0.03314957202012557, "12": 0.024746144154482577, "start": 13.0, "end": 14.0}, "evening": {"13": 0.4350312677157319, "14": 0.09434915529170695, "15": 0.05854705578967814, "16": 0.06733856757079404, "17": 0.08035101541104603, "6": 0.04433350357968028, "7": 0.04561143670114404, "8": 0.040892594886872836, "9": 0.03163320855902, "10": 0.0456169307300148, "11": 0.026854092776708863, "12": 0.029441170987602083, "start": 14.0, "end": 17.0}, "night": {"1": 0.631371190535648, "14": 0.14272096911827867, "15": 0.10670543199681888, "16": 0.01952409322823052, "17": 0.025106215908491204, "18": 0.009207640478196742, "19": 0.010089090210730206, "20": 0.010460721053845275, "21": 0.01029158832332968, "22": 0.014701431240219937, "23": 0.010462573561280991, "24": 0.009359054344930033, "start": 17.0, "end": 1.0}}