{"morning": {"1": 0.025486939574159057, "2": 0.028475590237750127, "3": 0.030347419549095804, "4": 0.028330482036982928, "5": 0.03308724703350006, "6": 0.03119885698883883, "7": 0.026079079209299867, "8": 0.021086580214479726, "9": 0.015414858554368315, "10": 0.07196540679766064, "11": 0.059690942518000126, "12": 0.06858335907711541, "13": 0.032738090581647325, "14": 0.05357763191751304, "15": 0.11652735835789943, "16": 0.06354099776285449, "17": 0.04837694300939338, "18": 0.05166710867958133, "19": 0.040606717651325286, "20": 0.05038913719719995, "21": 0.0324153927681726, "22": 0.03663562847550794, "23": 0.026810562784039906, "24": 0.0069676690236144655, "start": 10.000000000000004, "end": 15.0}, "noon": {"1": 0.018342306524336646, "2": 0.02335486916922392, "3": 0.019495596867151653, "4": 0.02240723578014076, "5": 0.02921426488640307, "6": 0.030299641920413393, "7": 0.023568954466325717, "8": 0.019714720645179633, "9": 0.013847542751052863, "10": 0.07746509147351195, "11": 0.06060377431997903, "12": 0.07436437807738516, "13": 0.027821836157988323, "14": 0.05322357911384028, "15": 0.1075352293944984, "16": 0.06623419435964584, "17": 0.04897812511591593, "18": 0.061285433760465094, "19": 0.046853449969113344, "20": 0.05983441745485727, "21": 0.03325054283304317, "22": 0.047221830861758116, "23": 0.02868210162764363, "24": 0.006400882470126835, "start": 15.0, "end": 16.0}, "afternoon": {"1": 0.021631637335536642, "2": 0.026322736374559914, "3": 0.020642504831402293, "4": 0.02386841920606306, "5": 0.0307997701304715, "6": 0.03443872133420993, "7": 0.023589258729794935, "8": 0.01848516165913219, "9": 0.01500904967207844, "10": 0.07209616986888542, "11": 0.061886985977814724, "12": 0.0725812320631946, "13": 0.02815038674006027, "14": 0.0550806113625331, "15": 0.10140185569404511, "16": 0.06243098871390015, "17": 0.05061815073854846, "18": 0.05606861495725929, "19": 0.04813123955244557, "20": 0.05685876720674086, "21": 0.036294713702806, "22": 0.046842561429060174, "23": 0.029005636613088297, "24": 0.007764826106369041, "start": 16.0, "end": 17.0}, "evening": {"1": 0.028772081345666105, "2": 0.02707291465590324, "3": 0.0301236701066471, "4": 0.029327040550916717, "5": 0.03140701362356933, "6": 0.03217175129570307, "7": 0.02861769259705091, "8": 0.021666510877197, "9": 0.016655578902948852, "10": 0.06905232133906933, "11": 0.05649680565183686, "12": 0.0702357069826994, "13": 0.029158720081016564, "14": 0.04900627114132012, "15": 0.10342972987120305, "16": 0.058262716033396965, "17": 0.04913743862931266, "18": 0.060595675988343145, "19": 0.04689600685195409, "20": 0.05100484664878555, "21": 0.033603702477219076, "22": 0.042198502189310656, "23": 0.027848551089445495, "24": 0.0072587510694847365, "start": 17.0, "end": 18.0}, "night": {"1": 0.025882024072565207, "2": 0.03271604438967106, "3": 0.03352063745101982, "4": 0.03423144324122007, "5": 0.034525561212651955, "6": 0.03256818884588441, "7": 0.02394348325566311, "8": 0.019860227830959337, "9": 0.014959821751987854, "10": 0.07424813383107862, "11": 0.05304243147088502, "12": 0.06518721215412782, "13": 0.028249387169635855, "14": 0.04970104813134717, "15": 0.10757032169893854, "16": 0.0637480309556234, "17": 0.0484423099447011, "18": 0.05754170232721782, "19": 0.0473049218660175, "20": 0.054949835770483124, "21": 0.029710293685875477, "22": 0.03581615131381634, "23": 0.024812206672820615, "24": 0.007468580955808787, "start": 18.0, "end": 10.000000000000004}}