{"morning": {"0": 0.043036852537527585, "1": 0.05623781311639047, "2": 0.06566113037661366, "3": 0.05180029229945584, "4": 0.04261200865975942, "5": 0.053252153684929866, "6": 0.0480600057505574, "7": 0.047576169640641534, "8": 0.04281465167392978, "9": 0.038605502299568925, "10": 0.05922851178135714, "11": 0.04297125757048805, "12": 0.04863186790763879, "13": 0.024956864070538962, "14": 0.03905487307535053, "15": 0.07006513437765226, "16": 0.033504185230844946, "17": 0.028360581611092745, "18": 0.03403228072065058, "19": 0.025906163597198675, "20": 0.034271418791159955, "21": 0.022067128914600772, "22": 0.025502213509105948, "23": 0.02179093880294618, "start": 1.0, "end": 2.0}, "noon": {"0": 0.05596250486690618, "1": 0.05120495095060762, "2": 0.06097938204023391, "3": 0.05130238942263763, "4": 0.038488356466892845, "5": 0.05495020640280951, "6": 0.04936097035373544, "7": 0.0441454323456961, "8": 0.038598937060439355, "9": 0.034190237291246144, "10": 0.0676504020797567, "11": 0.04538011766751326, "12": 0.047484281697064576, "13": 0.023606179117480162, "14": 0.03789413014211031, "15": 0.0664108882189982, "16": 0.0332126075698564, "17": 0.029435193416056788, "18": 0.034913092299644496, "19": 0.025667586530187574, "20": 0.03591073541235842, "21": 0.022728998826326775, "22": 0.028187848011332162, "23": 0.022334571810109477, "start": 2.0, "end": 5.0}, "afternoon": {"0": 0.07207649933792495, "1": 0.045657407541027956, "2": 0.06016216819424663, "3": 0.04723690155344322, "4": 0.03875637109234867, "5": 0.05161755097336625, "6": 0.04984482258123647, "7": 0.04433748644673275, "8": 0.03649511960317078, "9": 0.036558407448436574, "10": 0.06904544305306196, "11": 0.04505794488746265, "12": 0.048699981768242605, "13": 0.02271897922882801, "14": 0.03869436619653091, "15": 0.064551239905969, "16": 0.030016660218912708, "17": 0.029071496217591322, "18": 0.03278288930125997, "19": 0.025188172125469626, "20": 0.03376182847165818, "21": 0.024349013485381623, "22": 0.02945406680325903, "23": 0.023865183564438164, "start": 5.0, "end": 10.0}, "evening": {"0": 0.03855032561997441, "1": 0.054836086168779975, "2": 0.062020970732822256, "3": 0.048260278465861985, "4": 0.04105104787153357, "5": 0.05037304776318591, "6": 0.04469290738246408, "7": 0.04626018796583816, "8": 0.03921664246285365, "9": 0.035588859326040535, "10": 0.06676681027336835, "11": 0.05339490332063249, "12": 0.05034026394269944, "13": 0.02509413927823106, "14": 0.03661982462926463, "15": 0.06825284749384083, "16": 0.03461257505387464, "17": 0.033093785714011344, "18": 0.038702635290068205, "19": 0.02888475921203149, "20": 0.032484042684872864, "21": 0.02269556133041801, "22": 0.02545490487035083, "23": 0.022752593146981324, "start": 10.0, "end": 15.0}, "night": {"0": 0.03483123118056533, "1": 0.0847336709622358, "2": 0.059166138020965126, "3": 0.052287172141189296, "4": 0.0446321054702133, "5": 0.05611106012695086, "6": 0.04629487198979492, "7": 0.05036840758349975, "8": 0.037680339177633956, "9": 0.03256068910740921, "10": 0.06000553254747283, "11": 0.03970518358651198, "12": 0.04890148890242772, "13": 0.024199079528934603, "14": 0.039358519087341594, "15": 0.06993561566514017, "16": 0.033207895359402516, "17": 0.030009862694771662, "18": 0.03381913239765961, "19": 0.027847797570841458, "20": 0.03174375032241034, "21": 0.01803047194971663, "22": 0.023770170052592257, "23": 0.02079981457431904, "start": 15.0, "end": 1.0}}