{"start": {"morning": {"1": 0.01247280181219713, "2": 0.011963184361944507, "3": 0.015701260439722312, "4": 0.013574613812867283, "5": 0.02855646207451025, "6": 0.030938060988450693, "7": 0.023993592822822544, "8": 0.014680474423048737, "9": 0.013138318682439431, "10": 0.07270511575270547, "11": 0.06536665674817152, "12": 0.07390108308747076, "13": 0.027875371351655173, "14": 0.049186534837540166, "15": 0.1414770572847727, "16": 0.057196485506487066, "17": 0.059943909035662754, "18": 0.0761456928487091, "19": 0.04007652206740041, "20": 0.04884111219466518, "21": 0.03424343883124174, "22": 0.04844379342205794, "23": 0.031350409877711656, "24": 0.008228047735745453}, "noon": {"1": 0.010510134447780747, "2": 0.009057383467539998, "3": 0.009166443425979803, "4": 0.011887280273287303, "5": 0.02268525565301617, "6": 0.02954518494898766, "7": 0.01830805556338147, "8": 0.010430210093207532, "9": 0.01092181985492579, "10": 0.0720145027084132, "11": 0.05994585876167831, "12": 0.06887193547787324, "13": 0.019230752212533935, "14": 0.0370692683547099, "15": 0.10441677872202991, "16": 0.05678324715246495, "17": 0.06947337037444215, "18": 0.09501026346869293, "19": 0.05855769017154372, "20": 0.07609661897025549, "21": 0.042357224728056024, "22": 0.06420951606385929, "23": 0.03404582373375907, "24": 0.009405381371581402}, "afternoon": {"1": 0.014049322441541421, "2": 0.010913308117553906, "3": 0.009604282531446321, "4": 0.011715004779659189, "5": 0.021653629343170125, "6": 0.028042206656434657, "7": 0.014189770654911876, "8": 0.009736556551160474, "9": 0.010123538369118789, "10": 0.059884619537528855, "11": 0.057180878287447195, "12": 0.06997797796881579, "13": 0.019219288885375004, "14": 0.038766284321022706, "15": 0.10585884279834336, "16": 0.0631625057122418, "17": 0.06411613317734918, "18": 0.08425431428221516, "19": 0.05638643548696877, "20": 0.07984862145929231, "21": 0.049771954347551155, "22": 0.07086864951122615, "23": 0.03919160796970488, "24": 0.01148426680992092}, "evening": {"1": 0.01025060017821967, "2": 0.00890809846793188, "3": 0.009954813595305497, "4": 0.011957515809333848, "5": 0.022089950940348498, "6": 0.026720952683064417, "7": 0.018037540738936115, "8": 0.010684317176586789, "9": 0.011645400467790855, "10": 0.06986163184712184, "11": 0.058940535112453875, "12": 0.07592212989161745, "13": 0.023528287967658913, "14": 0.043993054325246056, "15": 0.11014785416470016, "16": 0.054434166630271966, "17": 0.0662146226159416, "18": 0.08349478626783763, "19": 0.06122520542459319, "20": 0.07021156360545178, "21": 0.0453642146356002, "22": 0.06064520171481293, "23": 0.036079542400129345, "24": 0.009688013339045495}, "night": {"1": 0.014327875240101998, "2": 0.010900291954488528, "3": 0.011048825873229418, "4": 0.017435908625061773, "5": 0.02625994653389966, "6": 0.03322153305762399, "7": 0.018922378157298515, "8": 0.011669719298706636, "9": 0.010643174062742216, "10": 0.09475798152796588, "11": 0.06426202793210606, "12": 0.0696843621974679, "13": 0.020938230684326063, "14": 0.0480330314670777, "15": 0.11551943313813093, "16": 0.049241449595855837, "17": 0.06083570032912171, "18": 0.08450832023492093, "19": 0.05780745180635531, "20": 0.06250614690707644, "21": 0.03181570818788025, "22": 0.05301665555281115, "23": 0.023330633315028056, "24": 0.00931321432072304}}, "end": {"morning": {"1": 0.016748777050359372, "2": 0.015789139482193067, "3": 0.020658481641959905, "4": 0.016546655740203323, "5": 0.03246500759331743, "6": 0.029059929206876424, "7": 0.018428944114471185, "8": 0.014122472046019276, "9": 0.014282920403769911, "10": 0.08217333441744282, "11": 0.06842731630078222, "12": 0.06786483516470615, "13": 0.03257377100269965, "14": 0.056561911169712514, "15": 0.13541322787168333, "16": 0.05051777724997192, "17": 0.053521358751972115, "18": 0.060249587145802655, "19": 0.04805645985507734, "20": 0.051814605876997405, "21": 0.038997447444510384, "22": 0.04199189282012247, "23": 0.02606642308613741, "24": 0.007667724563211712}, "noon": {"1": 0.023288894292107398, "2": 0.016194312201463706, "3": 0.020446709397368007, "4": 0.01742727761165515, "5": 0.03218299101091188, "6": 0.032381350657236095, "7": 0.019704144370645264, "8": 0.015734042860054358, "9": 0.01916183741654154, "10": 0.0859967182639025, "11": 0.06848473823410385, "12": 0.05494371141658053, "13": 0.021589481275157158, "14": 0.036010154429330525, "15": 0.09718662791422987, "16": 0.049534040560002726, "17": 0.053113890530450354, "18": 0.07623756993194547, "19": 0.054717241043820475, "20": 0.058151515541745684, "21": 0.04902287023492029, "22": 0.05782224980361039, "23": 0.031169124716326203, "24": 0.009498506285890579}, "afternoon": {"1": 0.022228670809388028, "2": 0.020039381478735997, "3": 0.020882001748809283, "4": 0.0201074375172542, "5": 0.03148061446641103, "6": 0.03312788771105855, "7": 0.016353373453971563, "8": 0.014733844474924892, "9": 0.015876874967048104, "10": 0.06593320734848537, "11": 0.05922113629242092, "12": 0.05997524214913079, "13": 0.02430692458115478, "14": 0.03867166703111643, "15": 0.09251229692067908, "16": 0.05749743585482267, "17": 0.05561618284019974, "18": 0.06579213230677622, "19": 0.06393824333062195, "20": 0.06907105715664844, "21": 0.054407165237759375, "22": 0.0532622105192587, "23": 0.03304773829460325, "24": 0.011917273508720651}, "evening": {"1": 0.020658200181611363, "2": 0.016379459232112523, "3": 0.018919156859640844, "4": 0.017775361290728996, "5": 0.032077806894724024, "6": 0.028510491711210905, "7": 0.017671815393318947, "8": 0.013476318212585672, "9": 0.015440099400892682, "10": 0.08014241012039694, "11": 0.05757871508873524, "12": 0.06839011208669829, "13": 0.028764753006481483, "14": 0.040927740272665915, "15": 0.10172599702574464, "16": 0.0437999405312554, "17": 0.05802494420927876, "18": 0.0661928556987907, "19": 0.06183972786516871, "20": 0.07303224889571994, "21": 0.046795719465203674, "22": 0.050432803680804876, "23": 0.030351142181733334, "24": 0.011092180694496153}, "night": {"1": 0.02085947582481234, "2": 0.01367237497295035, "3": 0.017872726771733998, "4": 0.02072450241566949, "5": 0.03413843842100037, "6": 0.029522334133927033, "7": 0.01726241507077253, "8": 0.014634223133949938, "9": 0.015023542410316629, "10": 0.1026527911658806, "11": 0.0701331602569635, "12": 0.05737584580781378, "13": 0.02253009224967286, "14": 0.040178713405953546, "15": 0.10806352296440748, "16": 0.045420374290963746, "17": 0.049749596366664636, "18": 0.0645619545773494, "19": 0.05733908398418613, "20": 0.06090915614279201, "21": 0.04320354198709918, "22": 0.05389817729263755, "23": 0.029171626945158662, "24": 0.011102329407324252}}}