{"morning": {"1": 0.04339879657250335, "2": 0.03270488134910289, "3": 0.04498007289167157, "4": 0.036258057812526244, "5": 0.0473559522049236, "6": 0.05548519073571121, "7": 0.043358889425877956, "8": 0.04140739540820713, "9": 0.034252522991032874, "10": 0.05166875150328867, "11": 0.04174166770660409, "12": 0.05044426931839776, "13": 0.03143641887438019, "14": 0.03807589434873063, "15": 0.09095504325105104, "16": 0.052688716240670584, "17": 0.04207095271688783, "18": 0.0430009478499285, "19": 0.03290468629004435, "20": 0.046179494451342104, "21": 0.029249288436043915, "22": 0.03397421695364318, "23": 0.025723102517146695, "24": 0.010684790150283648, "start": 1.0, "end": 10.0}, "noon": {"1": 0.02600254645087704, "2": 0.02193233574660757, "3": 0.025260704322357885, "4": 0.02264569671206903, "5": 0.03400395325842022, "6": 0.041572851227880785, "7": 0.04109241536387656, "8": 0.03657529252449402, "9": 0.03176029600231062, "10": 0.06105195576651516, "11": 0.05263804484769822, "12": 0.05709249924741091, "13": 0.033727645900537014, "14": 0.03973883724526602, "15": 0.09606105186134063, "16": 0.05874585939088919, "17": 0.050760412235610994, "18": 0.049552349014701604, "19": 0.034701004962105444, "20": 0.05100730273565511, "21": 0.038530142750204194, "22": 0.050277953162854994, "23": 0.033257375322750124, "24": 0.012011473947566681, "start": 10.0, "end": 12.0}, "afternoon": {"1": 0.033431697719556744, "2": 0.026983156727112635, "3": 0.03565902017257102, "4": 0.031038228257966677, "5": 0.041708864189167964, "6": 0.043684815993785195, "7": 0.032639005578647774, "8": 0.032459114672385964, "9": 0.02663519443549673, "10": 0.057761743390528586, "11": 0.04175737070242458, "12": 0.050794657392187845, "13": 0.03181303001626507, "14": 0.03844797549902453, "15": 0.10228856321953077, "16": 0.05954060054501472, "17": 0.04528801910232668, "18": 0.05503908851688114, "19": 0.03974646699548736, "20": 0.06471501077110622, "21": 0.034511205593491856, "22": 0.036540164097201636, "23": 0.02625050503023878, "24": 0.011266501381599469, "start": 12.0, "end": 15.0}, "evening": {"1": 0.04143231901112758, "2": 0.031216588295225, "3": 0.04270740353340421, "4": 0.03753366876702687, "5": 0.04277404418800866, "6": 0.047964493738473765, "7": 0.04163435171301759, "8": 0.03744298698852608, "9": 0.0321237111033634, "10": 0.05171785962940304, "11": 0.04398903847636628, "12": 0.04987205875660467, "13": 0.03224861935738514, "14": 0.03626607071921404, "15": 0.0941923424584251, "16": 0.055642453898235765, "17": 0.04117910738628158, "18": 0.04545123707210646, "19": 0.03752068740711247, "20": 0.049641989449988135, "21": 0.03355551262243357, "22": 0.036562890133738674, "23": 0.02756890578754036, "24": 0.009761659506991526, "start": 15.0, "end": 16.0}, "night": {"1": 0.02738285389511853, "2": 0.02233872704780403, "3": 0.02778261529703882, "4": 0.02403791004229899, "5": 0.03260857112342501, "6": 0.04336656096846077, "7": 0.03470936272162496, "8": 0.03484703993390522, "9": 0.028161455709576046, "10": 0.05510837052378359, "11": 0.05047408893534298, "12": 0.053627042560831076, "13": 0.03314357784567408, "14": 0.037735019388063104, "15": 0.10206623099430527, "16": 0.06741895270175245, "17": 0.0479189891733867, "18": 0.055629078096751286, "19": 0.03312716158133712, "20": 0.05302030921025408, "21": 0.0374618217961325, "22": 0.05489514291071303, "23": 0.032645069503818354, "24": 0.01049404803860201, "start": 16.0, "end": 1.0}}