{"morning": {"0": 0.05298883143541414, "1": 0.04693494544646803, "2": 0.05567954216056347, "3": 0.04660730231849081, "4": 0.03909886866675958, "5": 0.049139640583844034, "6": 0.04615360073359078, "7": 0.053662376738725495, "8": 0.043646314227403046, "9": 0.036113439527154755, "10": 0.04123956005875582, "11": 0.04521876607187419, "12": 0.04367854058185289, "13": 0.02531742614349154, "14": 0.03634140551362704, "15": 0.07325367790660697, "16": 0.03541688894674176, "17": 0.033131869986516925, "18": 0.03126953483559964, "19": 0.03809873967272932, "20": 0.038244873652225474, "21": 0.02465602940661844, "22": 0.03546861337866485, "23": 0.028639212006280987, "start": 7.0, "end": 8.0}, "noon": {"0": 0.05936105159445054, "1": 0.039810592680638676, "2": 0.043762321030396956, "3": 0.03916674105564826, "4": 0.03208193454566931, "5": 0.04900661579085066, "6": 0.04378087908863802, "7": 0.0532631884060882, "8": 0.0457596777799795, "9": 0.033252488280032445, "10": 0.05082369991958053, "11": 0.04658286896012554, "12": 0.039560304561662846, "13": 0.023342588759913525, "14": 0.03635020877909176, "15": 0.08722689824168003, "16": 0.03500607167559276, "17": 0.03354511057806525, "18": 0.029554221695241568, "19": 0.037058769121935634, "20": 0.047215450615521945, "21": 0.02593384485093763, "22": 0.038381459687132524, "23": 0.030173012301125887, "start": 8.0, "end": 15.0}, "afternoon": {"0": 0.04858263996580675, "1": 0.04708625299484637, "2": 0.05433786654352871, "3": 0.05255409587744671, "4": 0.04311020389993011, "5": 0.052963626282610976, "6": 0.04024162491811881, "7": 0.045264762996070504, "8": 0.039241483140737894, "9": 0.03223570489702068, "10": 0.043339294529397526, "11": 0.04199084354826386, "12": 0.04048332412220955, "13": 0.026500412527521507, "14": 0.03425149808452809, "15": 0.07568451172183012, "16": 0.03757090650490597, "17": 0.03540009800534237, "18": 0.03389088685000033, "19": 0.04101760843214992, "20": 0.045791175267931604, "21": 0.0273535192797542, "22": 0.03297409063800916, "23": 0.028133568972038277, "start": 15.0, "end": 19.0}, "evening": {"0": 0.05871966944169916, "1": 0.0483056343837612, "2": 0.049840654037331164, "3": 0.04965404151344473, "4": 0.039149363328040726, "5": 0.04522504569151325, "6": 0.039181493753614904, "7": 0.0537862417431545, "8": 0.04309903146698041, "9": 0.034016839165103986, "10": 0.04538292054963936, "11": 0.04422892247620752, "12": 0.040887144033204356, "13": 0.02567907199973287, "14": 0.034601546990434454, "15": 0.08723188757112585, "16": 0.03556993389131629, "17": 0.029736218150530916, "18": 0.0330149285720666, "19": 0.04154912367935738, "20": 0.04054791213032856, "21": 0.022563932203329477, "22": 0.030613702439817685, "23": 0.027414740788264585, "start": 19.0, "end": 20.0}, "night": {"0": 0.06348035793058633, "1": 0.04689669191107922, "2": 0.05272027542820378, "3": 0.04804813116487153, "4": 0.03837235297017093, "5": 0.05714736781383773, "6": 0.05066717451442567, "7": 0.06000482545385686, "8": 0.048225492326708974, "9": 0.036106652914039084, "10": 0.04885689520800375, "11": 0.04283659907000311, "12": 0.03534936269555713, "13": 0.02071352070847522, "14": 0.03086427396322074, "15": 0.07791265066571362, "16": 0.029780505078901003, "17": 0.028140272548584727, "18": 0.027484308909654632, "19": 0.031537952761624306, "20": 0.03899669126534327, "21": 0.022146369506820404, "22": 0.036329600320598655, "23": 0.02738167486971947, "start": 20.0, "end": 7.0}}