{"morning": {"1": 0.2652811330151619, "2": 0.0958102436313244, "3": 0.08025049092080004, "4": 0.02847966311715501, "5": 0.053007119158830086, "6": 0.03594926425880297, "7": 0.023297298329475472, "8": 0.03165443057319341, "9": 0.025797739625377417, "10": 0.3004927143450569, "11": 0.027973766693687965, "12": 0.03200613633113426, "start": 1.0, "end": 10.0}, "noon": {"13": 0.2717636321577912, "14": 0.11441383726316028, "15": 0.041180444549642994, "17": 0.056558807197632045, "18": 0.05659854378917798, "19": 0.02187484273392091, "8": 0.022062623597081405, "21": 0.02351977127801086, "10": 0.2447928921730346, "11": 0.01826888784384446, "12": 0.03611779464195866, "start": 10.0, "end": 13.0}, "afternoon": {"13": 0.2462506062994963, "14": 0.1434419784909959, "15": 0.13728278590479231, "16": 0.05137917170233342, "17": 0.08543657836743843, "18": 0.09887009522848952, "19": 0.025591966133966193, "8": 0.025343218305038665, "21": 0.027660431581309545, "22": 0.08766530419547225, "23": 0.023152265461092978, "12": 0.047925598329574624, "start": 13.0, "end": 18.0}, "evening": {"13": 0.24352592610919538, "14": 0.10159451952857772, "15": 0.07918581409722296, "4": 0.03450117709248946, "5": 0.05707635745641835, "18": 0.09096802851929336, "19": 0.03966916632598015, "20": 0.06803243153963157, "21": 0.06614556858172178, "22": 0.13532534583441025, "11": 0.05292980780351897, "24": 0.03104585711154002, "start": 18.0, "end": 21.999999999999996}, "night": {"1": 0.2695771853550142, "2": 0.07468920132792278, "3": 0.07342014944779586, "16": 0.02586076188454344, "5": 0.2606674604040035, "18": 0.04784067578057549, "7": 0.01950159571702296, "20": 0.03527674168936364, "21": 0.03755849770894086, "22": 0.09921531906149675, "23": 0.024292654656652948, "24": 0.03209975696666756, "start": 21.999999999999996, "end": 1.0}}