{"morning": {"0": 0.049099174394628395, "1": 0.060219786538710934, "2": 0.05593268473815774, "3": 0.04550197867022851, "4": 0.0306528904620209, "5": 0.04601647550511324, "6": 0.0403792361780935, "7": 0.03606081411172016, "8": 0.028145267876649442, "9": 0.027805727600414245, "10": 0.055642455034133356, "11": 0.04392230535499327, "12": 0.05324471120736433, "13": 0.025673049499218382, "14": 0.03117920822727755, "15": 0.07552146771022943, "16": 0.03021317652584058, "17": 0.04124455105693459, "18": 0.03879604009164612, "19": 0.041839284746148224, "20": 0.05510155391215802, "21": 0.025974357677444836, "22": 0.03362229391160097, "23": 0.028211508969273224, "start": 10.0, "end": 12.0}, "noon": {"0": 0.0497386924972908, "1": 0.0997675987082117, "2": 0.04341171704700489, "3": 0.035011210312190656, "4": 0.0369565144402866, "5": 0.04156958869922679, "6": 0.042870551693302034, "7": 0.026364374269575316, "8": 0.024209134104039985, "9": 0.023690525411687573, "10": 0.04963186921743421, "11": 0.03335000847370986, "12": 0.06950238449180697, "13": 0.02505028644275321, "14": 0.031060783205386886, "15": 0.07389126648932468, "16": 0.03809275607758187, "17": 0.03736923066834386, "18": 0.04865950375557203, "19": 0.049899604598784515, "20": 0.04957657896686093, "21": 0.021677689119006468, "22": 0.025998076386571384, "23": 0.022650054924046845, "start": 12.0, "end": 15.0}, "afternoon": {"0": 0.07379889855587637, "1": 0.0940988390345247, "2": 0.04457717400113542, "3": 0.04394970448135397, "4": 0.030263450311606675, "5": 0.054051954504378476, "6": 0.04196533603851088, "7": 0.027360687618647822, "8": 0.024473645247694707, "9": 0.026122545084437346, "10": 0.049817431435877496, "11": 0.03225804082598476, "12": 0.049564387014104844, "13": 0.027015109733835297, "14": 0.027967085941771316, "15": 0.07228199233871237, "16": 0.03818413913128302, "17": 0.04021500924161568, "18": 0.036356065098145304, "19": 0.0412023971189904, "20": 0.05456858367556197, "21": 0.02275155166168125, "22": 0.02326524589149275, "23": 0.023890726012777194, "start": 15.0, "end": 17.0}, "evening": {"0": 0.0549688877151532, "1": 0.05441343752301288, "2": 0.03453253332002847, "3": 0.03552534253431961, "4": 0.02380826056251982, "5": 0.04583522867073886, "6": 0.036415052258172494, "7": 0.03291308969894887, "8": 0.02894981270963464, "9": 0.03025416890800194, "10": 0.05519128462975233, "11": 0.04151726477268378, "12": 0.047972531609184715, "13": 0.027046455497992797, "14": 0.03169138647292822, "15": 0.08595849791557032, "16": 0.032775225842837645, "17": 0.04386601697672001, "18": 0.047926313785970065, "19": 0.044141158394713005, "20": 0.06947005659402089, "21": 0.029418250628364208, "22": 0.03227688043131975, "23": 0.03313286254741146, "start": 17.0, "end": 20.0}, "night": {"0": 0.03828392262510823, "1": 0.06589089650616924, "2": 0.058090513297885095, "3": 0.05589197936129477, "4": 0.03478584537013251, "5": 0.055383513091865455, "6": 0.0417312405241387, "7": 0.038706064849869624, "8": 0.029779649168710086, "9": 0.029451953158195286, "10": 0.0515882195133986, "11": 0.03191184147019951, "12": 0.048747329237698096, "13": 0.02752253575215234, "14": 0.032518703757247726, "15": 0.06888458055984917, "16": 0.03383268601258984, "17": 0.04536038763718155, "18": 0.038831171367063856, "19": 0.040072211476275904, "20": 0.05387490630718543, "21": 0.02556167997095435, "22": 0.02622334898341418, "23": 0.027074820001420488, "start": 20.0, "end": 10.0}}