{"morning": {"1": 0.012830836338011433, "2": 0.011337316043468113, "3": 0.01509686068553616, "4": 0.013090058473904537, "5": 0.013220069331487505, "6": 0.016047105261202236, "7": 0.015850816450488445, "8": 0.01230777977286466, "9": 0.015645581930753848, "10": 0.0488276443526822, "11": 0.05849454215288367, "12": 0.07278551935413843, "13": 0.030828096263478662, "14": 0.052997454508858566, "15": 0.11510907608381278, "16": 0.07166227556664145, "17": 0.07061823730157712, "18": 0.07610364291681354, "19": 0.07245220966835215, "20": 0.06550550518447926, "21": 0.0368557452858529, "22": 0.05059819590071668, "23": 0.03615306042788178, "24": 0.015582370744113899, "start": 12.0, "end": 15.0}, "noon": {"1": 0.0163793893668092, "2": 0.007324453042390357, "3": 0.011042220756631168, "4": 0.012950479053142205, "5": 0.013788338798232321, "6": 0.01762895551193045, "7": 0.011182298031645652, "8": 0.009783218741407394, "9": 0.013844037700593895, "10": 0.043437998136542026, "11": 0.03862300867245677, "12": 0.07055023848652903, "13": 0.029851121084335207, "14": 0.05525437986795852, "15": 0.13318269134536773, "16": 0.08178774694143527, "17": 0.07334374070355794, "18": 0.08429349439563778, "19": 0.08691829244539416, "20": 0.06782335256681031, "21": 0.03217454729943682, "22": 0.04036640210803056, "23": 0.03002324261156286, "24": 0.01844635233216243, "start": 15.0, "end": 16.0}, "afternoon": {"1": 0.01044076064089599, "2": 0.007051641325653832, "3": 0.009035906441914387, "4": 0.00909852950410729, "5": 0.014484381548223332, "6": 0.018364130734480524, "7": 0.0117313779801617, "8": 0.011119087790536544, "9": 0.014749761686034668, "10": 0.04498872301849041, "11": 0.05508805042349363, "12": 0.07247746276373944, "13": 0.03456055491810902, "14": 0.04970800780863445, "15": 0.12804524763977296, "16": 0.08280547821881887, "17": 0.07822987014019447, "18": 0.07745955545837994, "19": 0.07464243385798011, "20": 0.06472199829561287, "21": 0.04035032340613698, "22": 0.04370461096279939, "23": 0.03471337082400505, "24": 0.012428734611824099, "start": 16.0, "end": 18.0}, "evening": {"1": 0.009874137559444338, "2": 0.009539677112075285, "3": 0.01042782636578308, "4": 0.010100804759558544, "5": 0.015080701251274784, "6": 0.01716580090819015, "7": 0.016361764527438396, "8": 0.015371922622071637, "9": 0.020399886440545776, "10": 0.05294900941586282, "11": 0.05497895635111727, "12": 0.06212356980606724, "13": 0.03276351646836828, "14": 0.053105628414969706, "15": 0.12118446760389087, "16": 0.07072428879830818, "17": 0.0684551039784334, "18": 0.07807231184316447, "19": 0.07060933695464496, "20": 0.07145748981825409, "21": 0.04021264761361918, "22": 0.0508310268494764, "23": 0.03777312517626151, "24": 0.010436999361179658, "start": 18.0, "end": 19.0}, "night": {"1": 0.007410045174680582, "2": 0.0073481107731242805, "3": 0.009909433575468552, "4": 0.00925788970206944, "5": 0.01082504592205628, "6": 0.013532832898225464, "7": 0.014014102130154072, "8": 0.012151208092077592, "9": 0.014877725520736323, "10": 0.04996758405828845, "11": 0.04683787119876616, "12": 0.07328839409768735, "13": 0.03619568930243411, "14": 0.053031855986160205, "15": 0.11210833978083397, "16": 0.07558475148106149, "17": 0.08291475597268841, "18": 0.07879541963793274, "19": 0.07918943531997198, "20": 0.07107197969927814, "21": 0.03856319201660807, "22": 0.0489538007982793, "23": 0.037880428431688894, "24": 0.016290108429728174, "start": 19.0, "end": 12.0}}