{"morning": {"0": 0.05185871879074726, "1": 0.05547587536205333, "2": 0.051062523358506404, "3": 0.04024240103247784, "4": 0.02533295463564533, "5": 0.041274215571874516, "6": 0.04302361380200107, "7": 0.03467054919797317, "8": 0.03379679152111446, "9": 0.027417484396506944, "10": 0.056967245027504256, "11": 0.04251237273842352, "12": 0.05584368209605466, "13": 0.028106426461708196, "14": 0.031938843431134775, "15": 0.07955710444767336, "16": 0.034007505450383044, "17": 0.04040748829817289, "18": 0.03898891444012506, "19": 0.04128633002478211, "20": 0.06061470957337717, "21": 0.02597676203931396, "22": 0.03011740184279202, "23": 0.029520086459654715, "start": 10.0, "end": 12.0}, "noon": {"0": 0.04288466859312196, "1": 0.07128006604233729, "2": 0.04355825189970471, "3": 0.03517906961459728, "4": 0.027409439891215193, "5": 0.04087549350262536, "6": 0.03765576562174999, "7": 0.023918138602039517, "8": 0.027183124896022693, "9": 0.02752222591958182, "10": 0.053033109367364585, "11": 0.028817247050301243, "12": 0.061142754998765696, "13": 0.0285882981506283, "14": 0.03565607285193009, "15": 0.07364964019129767, "16": 0.04599071066881199, "17": 0.04387442834641759, "18": 0.05180124636502106, "19": 0.05573587385404049, "20": 0.06079005017040657, "21": 0.02548955323776354, "22": 0.029214387764039455, "23": 0.028750382400215838, "start": 12.0, "end": 15.0}, "afternoon": {"0": 0.05666509696247735, "1": 0.06831940019031317, "2": 0.044394169190128036, "3": 0.04242497502828432, "4": 0.027918021260561962, "5": 0.04718888281452802, "6": 0.044193493770154725, "7": 0.028184518638885426, "8": 0.028436742860190743, "9": 0.030210013559881236, "10": 0.0497621440560203, "11": 0.03427152584588533, "12": 0.05423704834251409, "13": 0.03251716903088035, "14": 0.03046773692089468, "15": 0.07604622982889128, "16": 0.04392733082471973, "17": 0.04343252279339674, "18": 0.03770886841274306, "19": 0.04231900189281405, "20": 0.05673221651664347, "21": 0.025050871928830626, "22": 0.026275741148926307, "23": 0.029316278181434983, "start": 15.0, "end": 17.0}, "evening": {"0": 0.06430787758738792, "1": 0.042003144979228725, "2": 0.031037463605386565, "3": 0.02908716274973421, "4": 0.02101606424870271, "5": 0.04298376314314171, "6": 0.04081511238313241, "7": 0.03054759908475774, "8": 0.030929149644162105, "9": 0.02939597467071818, "10": 0.06105057584725996, "11": 0.03815818307154064, "12": 0.05098958038643275, "13": 0.028594054187155372, "14": 0.03352991486506172, "15": 0.08815689143217165, "16": 0.03583230990302882, "17": 0.0426992538565015, "18": 0.04771215994404907, "19": 0.04473134511570768, "20": 0.07494289047460449, "21": 0.027947115770415188, "22": 0.030835494941752598, "23": 0.03269691810796629, "start": 17.0, "end": 20.0}, "night": {"0": 0.046947673421691344, "1": 0.0707441142438629, "2": 0.05412802722648236, "3": 0.045972818393138805, "4": 0.028305136165322653, "5": 0.04435199650796326, "6": 0.04622031471475261, "7": 0.0366083528396856, "8": 0.03169464787346957, "9": 0.029877379644340788, "10": 0.05716432198137661, "11": 0.03448986860755842, "12": 0.05180242909617679, "13": 0.028421476212475788, "14": 0.03318004671654826, "15": 0.06872252573175838, "16": 0.034470263732562234, "17": 0.043781012176455324, "18": 0.03709988765314438, "19": 0.040919661285328944, "20": 0.055371313107814325, "21": 0.02487574367504883, "22": 0.02616692906621296, "23": 0.028684059926828872, "start": 20.0, "end": 10.0}}