{"start": {"morning": {"1": 0.016544423875249976, "2": 0.013259578276739108, "3": 0.013096628601430876, "4": 0.01153695421198318, "5": 0.018874091435928848, "6": 0.025538630483250644, "7": 0.017183023694262004, "8": 0.011387581194012576, "9": 0.02258542488092987, "10": 0.05099271071768872, "11": 0.06852479373728156, "12": 0.05416307152891032, "13": 0.039425085074836344, "14": 0.04791782565953162, "15": 0.07506396078089218, "16": 0.04621024490649177, "17": 0.07471277799118597, "18": 0.0656034706352999, "19": 0.08460352717118604, "20": 0.0725278646412906, "21": 0.06813261278817448, "22": 0.054226025663222766, "23": 0.03832110116589016, "24": 0.009568590884330503}, "noon": {"1": 0.01003989491037863, "2": 0.004627659832367978, "3": 0.006475860914333706, "4": 0.009302524166728995, "5": 0.011772049585859347, "6": 0.01707215042099952, "7": 0.010567374750566131, "8": 0.009197708996564542, "9": 0.014061442422655111, "10": 0.04698580606060411, "11": 0.04140613969765508, "12": 0.06397351281667621, "13": 0.026189540214025503, "14": 0.04586278014331359, "15": 0.11445764790220055, "16": 0.08320263575544037, "17": 0.07965714488768057, "18": 0.09537255104728538, "19": 0.12241569630979073, "20": 0.0728058663692388, "21": 0.033407418716116924, "22": 0.042024812332091446, "23": 0.02863832491412567, "24": 0.010483456833301114}, "afternoon": {"1": 0.012343291041346, "2": 0.010282696144229213, "3": 0.011794435165067018, "4": 0.010608760241575827, "5": 0.017781301203595758, "6": 0.02182693991464568, "7": 0.013974983371416783, "8": 0.011675636853062242, "9": 0.015504078958998108, "10": 0.04393796507321924, "11": 0.05364377340748287, "12": 0.06061890309848787, "13": 0.03231905659362287, "14": 0.04542422989195603, "15": 0.10493394220036331, "16": 0.06737613187682552, "17": 0.07922261802797771, "18": 0.07035883328978926, "19": 0.07995255175679315, "20": 0.07850620807302272, "21": 0.05455897628004512, "22": 0.05295580585457339, "23": 0.040058874727528324, "24": 0.010340006954375976}, "evening": {"1": 0.01617518855341843, "2": 0.01179136175072411, "3": 0.012610402902412787, "4": 0.011780299403650947, "5": 0.018893591622842286, "6": 0.025231526729756933, "7": 0.01896389308130001, "8": 0.01537118171691228, "9": 0.026963195134883097, "10": 0.056060035820075564, "11": 0.059660263048966364, "12": 0.0485730172085936, "13": 0.03665059470236657, "14": 0.0489782392474471, "15": 0.08996431711139957, "16": 0.05299016009745479, "17": 0.06731376832541408, "18": 0.07557739816944073, "19": 0.0754372333337894, "20": 0.07339946221851518, "21": 0.05845381570667549, "22": 0.05239376238590501, "23": 0.038050980423266156, "24": 0.008716311304789542}, "night": {"1": 0.014859849989184876, "2": 0.01190733186613738, "3": 0.014988299741125831, "4": 0.013321740452388542, "5": 0.019307474117811113, "6": 0.02196905301719248, "7": 0.020140838797985765, "8": 0.013900508265469402, "9": 0.023424301032796933, "10": 0.06018583996803245, "11": 0.051017091149063394, "12": 0.048408986158797976, "13": 0.04032241849851802, "14": 0.05510861453375828, "15": 0.08845030996575877, "16": 0.05026138834579006, "17": 0.06962934629726872, "18": 0.06568691677623818, "19": 0.0737295991255813, "20": 0.07333953547682097, "21": 0.05642863674281372, "22": 0.0559754532581921, "23": 0.04642880785382744, "24": 0.011207658569446322}}, "end": {"morning": {"1": 0.025040554250162245, "2": 0.019983213380185896, "3": 0.024588282023406145, "4": 0.026083940484543752, "5": 0.024268963717407853, "6": 0.026227604978258396, "7": 0.025606055044309534, "8": 0.014845932320425137, "9": 0.016588585318203303, "10": 0.052802945878005644, "11": 0.0640626103669377, "12": 0.05674471927908596, "13": 0.02553909760302136, "14": 0.032530610518493416, "15": 0.06495599286227913, "16": 0.04736231562034515, "17": 0.06308532633180614, "18": 0.056267307146425, "19": 0.07469271581131744, "20": 0.05236794510419025, "21": 0.05969488092910202, "22": 0.07539367205628278, "23": 0.0476973201656504, "24": 0.02356940881015536}, "noon": {"1": 0.008643614599693095, "2": 0.004224467181848148, "3": 0.0056598759797097855, "4": 0.007817262535533926, "5": 0.012193440713306747, "6": 0.014441420694509424, "7": 0.008918007560975705, "8": 0.00893927843633345, "9": 0.011308570166591432, "10": 0.053479850541366926, "11": 0.04234371367659086, "12": 0.07633985642515412, "13": 0.02600251901409089, "14": 0.044818242468982736, "15": 0.12571246768699773, "16": 0.08065116616829404, "17": 0.06769176462942375, "18": 0.08765543349752883, "19": 0.10196521530281748, "20": 0.0837821761741071, "21": 0.03440838404127731, "22": 0.04508276925069478, "23": 0.030949341235332755, "24": 0.01697116201883898}, "afternoon": {"1": 0.008472499802326398, "2": 0.0070288164968491836, "3": 0.008672916301615574, "4": 0.007985025234941342, "5": 0.01498950639954588, "6": 0.014940771507298252, "7": 0.009705602085833027, "8": 0.009409931452158451, "9": 0.011260016102366927, "10": 0.040388111904497585, "11": 0.0492827207505119, "12": 0.057956357084308345, "13": 0.03230411612659933, "14": 0.04213043186413681, "15": 0.110038639373231, "16": 0.07072614461456903, "17": 0.0770831040140013, "18": 0.07306611776641192, "19": 0.08039079166316467, "20": 0.09058558591492515, "21": 0.06262507983134301, "22": 0.060088799649862946, "23": 0.04666303737292036, "24": 0.014205876686581777}, "evening": {"1": 0.010913585102584486, "2": 0.009805302596963753, "3": 0.011653276534178756, "4": 0.011569386571525989, "5": 0.01903140532014567, "6": 0.02011202366470861, "7": 0.019009884955971668, "8": 0.01602070760404283, "9": 0.02614486096118218, "10": 0.052646010663818535, "11": 0.05822086015880507, "12": 0.04495861267288585, "13": 0.03089692393089491, "14": 0.040605685938555805, "15": 0.08800248906844976, "16": 0.05333144321280969, "17": 0.06885086140275223, "18": 0.06330694069679144, "19": 0.07055176378651509, "20": 0.0726499069830652, "21": 0.06918368369003673, "22": 0.07146560700152788, "23": 0.05675319222446333, "24": 0.014315585257324535}, "night": {"1": 0.028025136494349786, "2": 0.017077977672463183, "3": 0.025275877581200867, "4": 0.02378711188831906, "5": 0.033851418940210445, "6": 0.029024408708334764, "7": 0.041003354354713084, "8": 0.026970172894186285, "9": 0.028305300798735937, "10": 0.06842435245038817, "11": 0.03861542700152265, "12": 0.04764282681644258, "13": 0.03219229263279143, "14": 0.038692922928890164, "15": 0.08121873643589665, "16": 0.05390518545295834, "17": 0.053633045954487445, "18": 0.05161373791056577, "19": 0.05541923939135385, "20": 0.05973962748564467, "21": 0.04615882091787069, "22": 0.05495355807258081, "23": 0.04677639353664402, "24": 0.017693073679449348}}}