{"morning": {"start": 1.0, "end": 2.0}, "noon": {"start": 6.0, "end": 12.000000000000215}, "afternoon": {"start": 12.000000000000215, "end": 15.0}, "evening": {"start": 14.999999999999998, "end": 20.000000000000032}, "night": {"start": 20.000000000000032, "end": 1.0}}