{"morning": {"0": 0.049043346142654355, "1": 0.07695132197985333, "2": 0.053077595906163115, "3": 0.07293182867244288, "4": 0.03868060597114673, "5": 0.04770105703007236, "6": 0.07394427669440677, "7": 0.04910275338942177, "8": 0.04170601425768051, "9": 0.033407942026423984, "10": 0.07806486691365401, "11": 0.02930182461222219, "12": 0.03565621503712581, "13": 0.01548900050441018, "14": 0.024063559747580825, "15": 0.07299601155766737, "16": 0.04218638377253304, "17": 0.021206803211774577, "18": 0.033262557929328015, "19": 0.025341148363682967, "20": 0.03375107119393041, "21": 0.01558508518721143, "22": 0.022119259193011685, "23": 0.014429470705601626, "start": 3.0, "end": 9.0}, "noon": {"0": 0.025618883433694308, "1": 0.09080896116725633, "2": 0.04812459197659385, "3": 0.06733905495457539, "4": 0.04459999633993083, "5": 0.05500758045380227, "6": 0.04898535696259817, "7": 0.04038764348839574, "8": 0.029963677928885716, "9": 0.02830775083297972, "10": 0.12107553022134755, "11": 0.027898929664346605, "12": 0.040189129806691995, "13": 0.01424971651426031, "14": 0.02133100485955375, "15": 0.07560161720612017, "16": 0.039532279612332986, "17": 0.020385468006278794, "18": 0.038653995377813145, "19": 0.026303137059551892, "20": 0.05445384769605372, "21": 0.01268417954465248, "22": 0.01750857980955449, "23": 0.010989087082729769, "start": 9.0, "end": 10.0}, "afternoon": {"0": 0.021850311054384994, "1": 0.06151390967610023, "2": 0.06304002499264648, "3": 0.07859163387749801, "4": 0.04003002786314463, "5": 0.047501933816148055, "6": 0.061003194993901465, "7": 0.03847315718481323, "8": 0.032475104422450725, "9": 0.022177009802340927, "10": 0.10274322311580286, "11": 0.031061076469750794, "12": 0.04305235837343534, "13": 0.017107418707077313, "14": 0.028011828269275466, "15": 0.08584294881061709, "16": 0.04865698576825195, "17": 0.020682791772286657, "18": 0.036369059072370875, "19": 0.026004715573791297, "20": 0.045026614362818046, "21": 0.015676377364321738, "22": 0.022164560366352167, "23": 0.01094373429041956, "start": 10.0, "end": 15.0}, "evening": {"0": 0.03492169700843814, "1": 0.09553709045380077, "2": 0.045978377263061476, "3": 0.06418442132481317, "4": 0.03720001158891557, "5": 0.04106238445163101, "6": 0.05509749715259873, "7": 0.0555430054412672, "8": 0.03154291029730904, "9": 0.02547418445649659, "10": 0.052367889031537905, "11": 0.03313393960476569, "12": 0.041860456323734294, "13": 0.01776603824261705, "14": 0.030990652646896977, "15": 0.07915337723552787, "16": 0.03913120489958771, "17": 0.022961906747756, "18": 0.05209135039291585, "19": 0.03574822145734835, "20": 0.046341788336183735, "21": 0.019888747187359376, "22": 0.026589424486246523, "23": 0.015433423969191002, "start": 15.0, "end": 20.0}, "night": {"0": 0.02814667336687251, "1": 0.08331107088633048, "2": 0.06849730597464604, "3": 0.12236297261267447, "4": 0.03655399506552783, "5": 0.04684652402243807, "6": 0.037379313818112686, "7": 0.04361218917966674, "8": 0.02826000099544733, "9": 0.02257407180543366, "10": 0.06326925480767108, "11": 0.02751381733292046, "12": 0.03629182261236012, "13": 0.015483802847812077, "14": 0.029453237675205815, "15": 0.060027302190386295, "16": 0.0333072136560897, "17": 0.020992353779312713, "18": 0.04034617208444095, "19": 0.037090937221589376, "20": 0.046626731425514364, "21": 0.02105599946360801, "22": 0.030851843260372644, "23": 0.02014539391556664, "start": 20.0, "end": 3.0}}