{"morning": {"1": 0.019572575181673373, "2": 0.02069761360869052, "3": 0.02102745643963708, "4": 0.015104379670482495, "5": 0.02347539493479007, "6": 0.02326726278852178, "7": 0.025269779813068688, "8": 0.018631902554435104, "9": 0.01968484783713049, "10": 0.07382425220572657, "11": 0.053705852030697124, "12": 0.06901635790075397, "13": 0.03435297594954786, "14": 0.05289830257486713, "15": 0.12145343156071467, "16": 0.0699217697004902, "17": 0.055584076522742686, "18": 0.0681289091490534, "19": 0.04112745037212536, "20": 0.05404671587385793, "21": 0.03543460177216949, "22": 0.04194712332757704, "23": 0.029650142927580593, "24": 0.012176825303666384, "start": 10.0, "end": 15.0}, "noon": {"1": 0.0289418081397264, "2": 0.021430462111923745, "3": 0.02478719357335784, "4": 0.02273529390609431, "5": 0.028975867663032628, "6": 0.02518795522851176, "7": 0.02470288736047211, "8": 0.01699357063848649, "9": 0.01986738147989204, "10": 0.06168202474498191, "11": 0.0464866138623896, "12": 0.06252841284833859, "13": 0.03349433347528298, "14": 0.0436194346286213, "15": 0.11597073268962962, "16": 0.07677158575652673, "17": 0.06206493610064122, "18": 0.07780607212848849, "19": 0.04639734674381894, "20": 0.05333065462253596, "21": 0.032985882039168746, "22": 0.034355934856452074, "23": 0.02783135090687443, "24": 0.011052264494752082, "start": 15.0, "end": 16.0}, "afternoon": {"1": 0.019740293976224062, "2": 0.017922725709847886, "3": 0.018180819434382437, "4": 0.01747370415780699, "5": 0.026700189020415665, "6": 0.0257364812789743, "7": 0.024267532559615442, "8": 0.018026080255432172, "9": 0.01880474479751773, "10": 0.06286275310120451, "11": 0.05173673298577658, "12": 0.06620665244786417, "13": 0.037210704976361385, "14": 0.05464037212760413, "15": 0.10839166508872973, "16": 0.0815248878756884, "17": 0.056453110841798416, "18": 0.07662124952042973, "19": 0.043987973154478645, "20": 0.057110196043252494, "21": 0.039659704296041424, "22": 0.03999526243806101, "23": 0.025032847624402055, "24": 0.011713316288090667, "start": 16.0, "end": 18.0}, "evening": {"1": 0.019064866322482034, "2": 0.014936139847776498, "3": 0.019523791752780996, "4": 0.016552950348176956, "5": 0.023125863357745247, "6": 0.026350912492048788, "7": 0.02234850624316664, "8": 0.015532911434754323, "9": 0.017327046684160064, "10": 0.05921704120559079, "11": 0.050911429311211974, "12": 0.06634984553561277, "13": 0.0330937803460125, "14": 0.04943818875169625, "15": 0.12106393512371347, "16": 0.06826567164484743, "17": 0.05391679359750914, "18": 0.08500020956946831, "19": 0.053929778796794545, "20": 0.06523932227379223, "21": 0.03945752819142602, "22": 0.04153428904015622, "23": 0.0263345333271189, "24": 0.011484664801957912, "start": 18.0, "end": 20.0}, "night": {"1": 0.021846508565021665, "2": 0.023677777858244205, "3": 0.025111505814522133, "4": 0.016919730476692766, "5": 0.027211085308973777, "6": 0.02312694469612439, "7": 0.030270207545840234, "8": 0.019749025383642378, "9": 0.02094734286174884, "10": 0.07076294872377252, "11": 0.05615271504198771, "12": 0.0686146921603883, "13": 0.03449233573130397, "14": 0.050526874450591376, "15": 0.11786394661870787, "16": 0.060032271936088864, "17": 0.047381041559809545, "18": 0.06445850231374521, "19": 0.04438488183018881, "20": 0.05471467495437534, "21": 0.036289469180170994, "22": 0.04173620897551974, "23": 0.0316618418432209, "24": 0.01206746616931842, "start": 20.0, "end": 10.0}}