{"morning": {"0": 0.04714791595055736, "1": 0.07263121371268276, "2": 0.05327851055626424, "3": 0.060509679147916356, "4": 0.0428176599480595, "5": 0.04944312729335317, "6": 0.06713975933352202, "7": 0.045673760433515904, "8": 0.04031076974472386, "9": 0.03631915238523875, "10": 0.08523901068988987, "11": 0.03854953293822227, "12": 0.038905303620055155, "13": 0.01583938982315854, "14": 0.024152751051971368, "15": 0.07367219345927616, "16": 0.038208241223506134, "17": 0.021902319331306052, "18": 0.03324306417864532, "19": 0.024364077543784387, "20": 0.03284725131707214, "21": 0.01651035204233444, "22": 0.024252478288961862, "23": 0.0170424859859824, "start": 3.0, "end": 10.0}, "noon": {"0": 0.027043092586509353, "1": 0.10275832787289003, "2": 0.04600424880891097, "3": 0.05061997625601169, "4": 0.03873311935609003, "5": 0.04482275682409458, "6": 0.03849450065599424, "7": 0.04976682279069249, "8": 0.03231318475356537, "9": 0.033220895161180666, "10": 0.08848328624158075, "11": 0.03519338194515112, "12": 0.04271271077132985, "13": 0.016626866746909285, "14": 0.024060595630661, "15": 0.0801870511866994, "16": 0.0405567524543626, "17": 0.02503897960661505, "18": 0.04221245156085985, "19": 0.03096619963829217, "20": 0.05683594754531476, "21": 0.016753738159785342, "22": 0.020938698089255133, "23": 0.015656415357244238, "start": 10.0, "end": 12.0}, "afternoon": {"0": 0.02701403045841225, "1": 0.07155220329941293, "2": 0.05966944623272791, "3": 0.048365888126259214, "4": 0.035509874457859344, "5": 0.04194085991877011, "6": 0.04891920624547855, "7": 0.044339442441137536, "8": 0.031210414545895328, "9": 0.027632186648923588, "10": 0.08545952284269415, "11": 0.03708747370744504, "12": 0.04796968955903488, "13": 0.021248507533985522, "14": 0.031357060482510274, "15": 0.09131247405788752, "16": 0.04584570485001105, "17": 0.024925068497658114, "18": 0.043457777418332066, "19": 0.028414819432449077, "20": 0.04599440679282521, "21": 0.019174144389459517, "22": 0.025587425135110625, "23": 0.0160123729257202, "start": 12.0, "end": 15.0}, "evening": {"0": 0.031104006063271687, "1": 0.07805781099718458, "2": 0.042460222372713616, "3": 0.08051630626152309, "4": 0.031214059873745342, "5": 0.05686938440074974, "6": 0.057889132351132536, "7": 0.045196388385993526, "8": 0.03294909977349778, "9": 0.027350742193772263, "10": 0.061677977965831854, "11": 0.03711040843403294, "12": 0.04193723157537887, "13": 0.01672000628718751, "14": 0.03128403548054987, "15": 0.07219339156317746, "16": 0.04087324474424143, "17": 0.02214261805876113, "18": 0.04782890955842479, "19": 0.0372944557452881, "20": 0.046174157067137234, "21": 0.019514466372591764, "22": 0.025585850394620156, "23": 0.016056094079192756, "start": 15.0, "end": 20.0}, "night": {"0": 0.027712742174095563, "1": 0.07400705720284638, "2": 0.05616526211044544, "3": 0.09121242617783076, "4": 0.04846683709285411, "5": 0.04036267318197745, "6": 0.03809735073679046, "7": 0.048868785700736564, "8": 0.031653124205363585, "9": 0.02689381073425886, "10": 0.0981473642356413, "11": 0.031207807103636843, "12": 0.03861859681221775, "13": 0.01659641334011108, "14": 0.026333427599505483, "15": 0.05714208035853511, "16": 0.033407927239538886, "17": 0.02285056041480339, "18": 0.041129158002179894, "19": 0.03359557186545004, "20": 0.04214963529829219, "21": 0.02254170134660495, "22": 0.03001583990833423, "23": 0.02282384715794974, "start": 20.0, "end": 3.0}}