{"morning": {"start": 1.0, "end": 3.0}, "noon": {"start": 2.9999999999999645, "end": 10.000000000000137}, "afternoon": {"start": 10.000000000000135, "end": 12.0}, "evening": {"start": 12.0, "end": 15.0}, "night": {"start": 15.0, "end": 1.0}}