{"start": {"morning": {"1": 0.008173822392509085, "2": 0.009928703736652342, "3": 0.008060724861448928, "4": 0.007055487873676863, "5": 0.015003094675458442, "6": 0.01891610441749978, "7": 0.012164925371436527, "8": 0.009029245227694157, "9": 0.008825106342653242, "10": 0.07438841257985127, "11": 0.03902730947664122, "12": 0.06037932876294405, "13": 0.02697594232236153, "14": 0.04842628880685035, "15": 0.10796522952424673, "16": 0.06258883483059897, "17": 0.04792801362284169, "18": 0.10067593168274669, "19": 0.07081167229169019, "20": 0.11054104322836335, "21": 0.052277426534382124, "22": 0.057990856712925316, "23": 0.030607479500941927, "24": 0.0122590152235852}, "noon": {"1": 0.0069937754282530665, "2": 0.006138771890191262, "3": 0.006050484452363636, "4": 0.006271560087311059, "5": 0.014112100011545618, "6": 0.01920345927523696, "7": 0.01281194218291663, "8": 0.005911582331194911, "9": 0.00829331507186245, "10": 0.05866151383252741, "11": 0.030930964515008576, "12": 0.060412738951370934, "13": 0.023393027584890543, "14": 0.03711308641564665, "15": 0.1359910325430335, "16": 0.060241921244790234, "17": 0.050443431820470085, "18": 0.12157672510728695, "19": 0.08738640604817337, "20": 0.11034767220963891, "21": 0.042183740191432964, "22": 0.053241550701378794, "23": 0.03084671554349093, "24": 0.011442482559984559}, "afternoon": {"1": 0.00493536412896714, "2": 0.0050793271375761985, "3": 0.0046345329283806885, "4": 0.004488046561514365, "5": 0.010515540491084217, "6": 0.015531567450627606, "7": 0.008523234659664614, "8": 0.004767783113127265, "9": 0.00474989294943884, "10": 0.06352311467696485, "11": 0.03775821592289771, "12": 0.06723065777725136, "13": 0.028211500081959003, "14": 0.049922527858263545, "15": 0.13228500166237891, "16": 0.06386729309144577, "17": 0.041732484889199783, "18": 0.11758178438303557, "19": 0.07399464450744532, "20": 0.12100041832445353, "21": 0.0495990696178115, "22": 0.055566335976847424, "23": 0.026205186221068502, "24": 0.008296475588596298}, "evening": {"1": 0.008128109023591701, "2": 0.008749301076540043, "3": 0.007590934390156765, "4": 0.006778121869093907, "5": 0.015864694929806498, "6": 0.02025007691535708, "7": 0.012182342748475149, "8": 0.007374869821825997, "9": 0.007214076170023293, "10": 0.07816580344706155, "11": 0.04263420811963684, "12": 0.07826845382054977, "13": 0.023508833319333313, "14": 0.04992569349090897, "15": 0.12022268136014315, "16": 0.05928127389403749, "17": 0.044523478687754005, "18": 0.09996301278817163, "19": 0.07504482663565443, "20": 0.11245929809345334, "21": 0.04220297652626185, "22": 0.05019864042319831, "23": 0.02047868029736259, "24": 0.008989612151602338}, "night": {"1": 0.00909977445794271, "2": 0.01160164222454325, "3": 0.010893028210651969, "4": 0.008735774814752175, "5": 0.017562067794796965, "6": 0.020574297761109753, "7": 0.014664324841164237, "8": 0.008929174062102398, "9": 0.008695470658696093, "10": 0.054562780363349314, "11": 0.03299825665079678, "12": 0.054510981563155564, "13": 0.024925356509571794, "14": 0.052960626334047856, "15": 0.12148860127558794, "16": 0.06152716237583245, "17": 0.05267451889860271, "18": 0.104080928898124, "19": 0.07806155839995652, "20": 0.09304794632810663, "21": 0.051309958538756105, "22": 0.06303623091419751, "23": 0.032799593017112535, "24": 0.011259945107042754}}, "end": {"morning": {"1": 0.008235868527725048, "2": 0.010910481687503745, "3": 0.011744127661320894, "4": 0.009289900995351827, "5": 0.017627654528620963, "6": 0.01939086481033417, "7": 0.014182804033155728, "8": 0.012663106153425143, "9": 0.013295701319663091, "10": 0.07902148360524677, "11": 0.061363483151853394, "12": 0.06761954452226737, "13": 0.02987281958570178, "14": 0.04837756697120375, "15": 0.11464731915697232, "16": 0.06698852992325556, "17": 0.05021162868431103, "18": 0.08401082116696088, "19": 0.05844146956376042, "20": 0.0787896364897207, "21": 0.045940846687150684, "22": 0.050687455489456475, "23": 0.03316716844574571, "24": 0.01351971683929253}, "noon": {"1": 0.008227300651067979, "2": 0.00803659306356955, "3": 0.010061043102349069, "4": 0.008187843928531434, "5": 0.018983678416350142, "6": 0.020834086645742114, "7": 0.015079063462790473, "8": 0.00854554758414852, "9": 0.012406716085606404, "10": 0.07420462246821702, "11": 0.045131125982175044, "12": 0.07213542597235707, "13": 0.027185758970832356, "14": 0.03747175722040965, "15": 0.13085440742070772, "16": 0.06118627775453343, "17": 0.05723997235559699, "18": 0.09998006746652123, "19": 0.07004712997478005, "20": 0.08674480763640044, "21": 0.03789488112656761, "22": 0.04537452348574651, "23": 0.03117284852596047, "24": 0.0130145206990387}, "afternoon": {"1": 0.007691870659363549, "2": 0.008147014266653272, "3": 0.009339199052530766, "4": 0.007538019436017907, "5": 0.016497539737148778, "6": 0.020148406008227614, "7": 0.014455388862212338, "8": 0.008570032678967466, "9": 0.009568954130178029, "10": 0.07555908506975989, "11": 0.05485393533092561, "12": 0.0827741474358892, "13": 0.033963992411676955, "14": 0.04625084687180762, "15": 0.12524415249642626, "16": 0.06007062662466961, "17": 0.04560850073735129, "18": 0.09702838928362281, "19": 0.06158113784744879, "20": 0.08463677196812774, "21": 0.04552858016190425, "22": 0.047966891663508364, "23": 0.027344424531795322, "24": 0.009632092733786719}, "evening": {"1": 0.008311535877432727, "2": 0.009199539963726876, "3": 0.010104672007484381, "4": 0.008075215346698618, "5": 0.017445293014526783, "6": 0.021683228717511098, "7": 0.014491000205660189, "8": 0.010272042826610144, "9": 0.011272845138041507, "10": 0.09055234709703397, "11": 0.06314601533570743, "12": 0.09012356776599799, "13": 0.0312716185979164, "14": 0.04668014887733718, "15": 0.11171788235204594, "16": 0.060361147137819725, "17": 0.04701312289842581, "18": 0.08194137135558607, "19": 0.06206442671373361, "20": 0.08435924177523928, "21": 0.041980153680647184, "22": 0.042063909771910664, "23": 0.024326110595802884, "24": 0.011543562947103526}, "night": {"1": 0.00996293325751484, "2": 0.015057560763555227, "3": 0.016751066918043962, "4": 0.011906264000052572, "5": 0.021224905728925682, "6": 0.024016382899838564, "7": 0.019533321240261615, "8": 0.013888434190248983, "9": 0.013091783816922201, "10": 0.06341870770293058, "11": 0.05299083801132189, "12": 0.06646489795029777, "13": 0.02848870847058731, "14": 0.04664034165754455, "15": 0.10111188341808947, "16": 0.06536061125007375, "17": 0.05330280181492997, "18": 0.0998030305149611, "19": 0.0733053353391532, "20": 0.06976104472097953, "21": 0.04349236622094482, "22": 0.04815851043313792, "23": 0.03211872259348882, "24": 0.010149547086195664}}}