{"morning": {"start": 3.0, "end": 6.000000000000028}, "noon": {"start": 6.0, "end": 10.000000000000053}, "afternoon": {"start": 10.000000000000053, "end": 15.0}, "evening": {"start": 15.0, "end": 20.0}, "night": {"start": 20.0, "end": 3.000000000000032}}