{"morning": {"1": 0.3703217366902432, "2": 0.22316823673190517, "15": 0.025384147743134248, "16": 0.02539015407422236, "5": 0.1467494725627264, "18": 0.023856088868620395, "7": 0.04001008159336751, "20": 0.02226966664221326, "21": 0.024692265055072424, "10": 0.02637758366173475, "11": 0.02819218743946571, "12": 0.04358837893729469, "start": 1.0, "end": 2.0}, "noon": {"13": 0.4928441064130597, "2": 0.27234820222487055, "3": 0.026745175759408962, "4": 0.02478112864040425, "5": 0.04444895880887487, "6": 0.017414917712711787, "7": 0.026390793540299683, "8": 0.013158601081865794, "21": 0.019216339342862765, "10": 0.01744866841050669, "11": 0.013481558125087001, "12": 0.031721549940047944, "start": 2.0, "end": 3.0}, "afternoon": {"13": 0.2991553289255992, "14": 0.23077370490373736, "3": 0.034324164714399356, "4": 0.04236523359789, "5": 0.10488460299615825, "6": 0.0460237244072476, "7": 0.06584022087511915, "8": 0.03340607900193969, "9": 0.036497325865446725, "10": 0.029057027889004616, "11": 0.026960695808415265, "12": 0.05071189101504279, "start": 3.0, "end": 13.0}, "evening": {"13": 0.4047423167342712, "14": 0.17982756997295996, "15": 0.027139846012055963, "16": 0.02807237471570972, "17": 0.13150550433175917, "18": 0.03492406251840201, "19": 0.04889208481259431, "8": 0.02625554341974668, "9": 0.02588278910025642, "10": 0.025977349189732307, "11": 0.022594939058138065, "24": 0.044185620134374104, "start": 13.0, "end": 14.0}, "night": {"1": 0.3854600326873562, "14": 0.1760503266926485, "15": 0.03843891366859988, "16": 0.031522077577739116, "17": 0.20568531416170774, "18": 0.027755097396271484, "19": 0.038564616443534525, "20": 0.018971085384675505, "21": 0.016889318876248748, "22": 0.017391376953282595, "23": 0.014740486621949312, "24": 0.028531353535986587, "start": 14.0, "end": 1.0}}