{"morning": {"0": 0.04018465433241374, "1": 0.1184892564623713, "2": 0.041334673771793416, "3": 0.05129153913934739, "4": 0.04549192109276656, "5": 0.04820640920442402, "6": 0.043418199706317946, "7": 0.050723381567797356, "8": 0.03395224843696673, "9": 0.04637864058642941, "10": 0.05623108720885888, "11": 0.03902352422417552, "12": 0.05416866615079168, "13": 0.01987491487681693, "14": 0.023186928981697733, "15": 0.04483139277915656, "16": 0.02064121856282865, "17": 0.029822374358641296, "18": 0.04791321839205622, "19": 0.04703009612190041, "20": 0.03967022226298597, "21": 0.018689475255779485, "22": 0.019317654716347752, "23": 0.020128301807334985, "start": 1.0, "end": 7.0}, "noon": {"0": 0.05126154633336227, "1": 0.11426352636104703, "2": 0.03788583850540563, "3": 0.0539197455751442, "4": 0.03931705810189915, "5": 0.042716848410011804, "6": 0.045237685867499364, "7": 0.055545964108597065, "8": 0.041488908188902246, "9": 0.053043591419972766, "10": 0.054742548874650035, "11": 0.04227958643142353, "12": 0.0600218926875195, "13": 0.020736529748255014, "14": 0.01696201020210195, "15": 0.04497314142179014, "16": 0.019025490724481817, "17": 0.03060085485711843, "18": 0.04863651737039257, "19": 0.04437832380122996, "20": 0.0358182782643036, "21": 0.016325778961355255, "22": 0.013254403463036572, "23": 0.017563930320499993, "start": 7.0, "end": 12.0}, "afternoon": {"0": 0.04497535264207656, "1": 0.10825970666693813, "2": 0.038066714502406646, "3": 0.04526552977026504, "4": 0.03796869275391273, "5": 0.04274513245598518, "6": 0.049297446575611775, "7": 0.054836412403469835, "8": 0.03505638488368786, "9": 0.044987764447887324, "10": 0.04980459570456409, "11": 0.0389079200725913, "12": 0.05506408678701242, "13": 0.02099945168815906, "14": 0.026922450667556542, "15": 0.047659537930400064, "16": 0.022574886971731337, "17": 0.031779595099707215, "18": 0.04765553730395239, "19": 0.04977261314135358, "20": 0.04032364952543302, "21": 0.02156862210142813, "22": 0.022921335706709414, "23": 0.02258658019716034, "start": 12.0, "end": 19.0}, "evening": {"0": 0.052008267241748826, "1": 0.13073905031698332, "2": 0.03797560827363992, "3": 0.050423780007356395, "4": 0.04041496745542471, "5": 0.043998487544517455, "6": 0.043609144570740874, "7": 0.047459597578291136, "8": 0.03237878606155856, "9": 0.044668439550459786, "10": 0.04805376530530142, "11": 0.03589915583038997, "12": 0.051241585306519545, "13": 0.02085579762899948, "14": 0.0216262713580878, "15": 0.04525443671286733, "16": 0.021344890826481448, "17": 0.03291438236881035, "18": 0.04823553145011724, "19": 0.04942158935479678, "20": 0.040834577746784166, "21": 0.018690033117261227, "22": 0.01912223109582679, "23": 0.02282962329703545, "start": 19.0, "end": 20.0}, "night": {"0": 0.03755831508309586, "1": 0.11590795157436345, "2": 0.04554373454736905, "3": 0.048544068783312015, "4": 0.04225377815766033, "5": 0.04574953247239291, "6": 0.0562010492195165, "7": 0.05928146435310724, "8": 0.03205802191790619, "9": 0.03940857706066512, "10": 0.05193075918451794, "11": 0.037227383976094625, "12": 0.050120205185497084, "13": 0.018580151477637682, "14": 0.029544928973752594, "15": 0.05171481338264477, "16": 0.023448365027899695, "17": 0.028512133788510335, "18": 0.044504760621686394, "19": 0.04063200599738895, "20": 0.037460983089193246, "21": 0.021756415884835473, "22": 0.02445930263024787, "23": 0.01760129761070463, "start": 20.0, "end": 1.0}}