{"morning": {"0": 0.03397703592103635, "1": 0.09046387404762406, "2": 0.04738523226466423, "3": 0.04793184077496995, "4": 0.04054496902326759, "5": 0.0464357649773, "6": 0.05212154657915533, "7": 0.06156706312651758, "8": 0.039464543569969805, "9": 0.04657410046013935, "10": 0.061776980156208666, "11": 0.04678698083488795, "12": 0.05359276941378711, "13": 0.021468274196205787, "14": 0.032812022120414217, "15": 0.05613168829235393, "16": 0.02349610211923878, "17": 0.02644840774185191, "18": 0.03716716459746717, "19": 0.03661656091263733, "20": 0.033851170782062345, "21": 0.0210834051516903, "22": 0.023289049079026642, "23": 0.019013453857523645, "start": 1.0, "end": 7.0}, "noon": {"0": 0.04172221900476891, "1": 0.09531616649983887, "2": 0.04118826534123402, "3": 0.050992409617602374, "4": 0.03913813558396052, "5": 0.044510370438473314, "6": 0.05079020270733358, "7": 0.061023814674312386, "8": 0.04126310419622809, "9": 0.052861415741295735, "10": 0.05908565060854943, "11": 0.04590369207155042, "12": 0.057370927381880016, "13": 0.020649851013159394, "14": 0.02312239750597279, "15": 0.05081950567627247, "16": 0.02191028540493782, "17": 0.029774801810131857, "18": 0.04418514137177109, "19": 0.04037006042113352, "20": 0.034308001225162366, "21": 0.018941995222142186, "22": 0.01737696540757548, "23": 0.01737462107471344, "start": 7.0, "end": 12.0}, "afternoon": {"0": 0.03676583452897649, "1": 0.08343278113785763, "2": 0.04464498263479419, "3": 0.04364941424722041, "4": 0.037744615376989775, "5": 0.045294061796652546, "6": 0.057662218002589166, "7": 0.06423471191328899, "8": 0.037414505369096664, "9": 0.04380476523144939, "10": 0.055391417383141635, "11": 0.04373378244299545, "12": 0.05217527752881474, "13": 0.021184594883170885, "14": 0.03465211235428656, "15": 0.05591760919607521, "16": 0.025025784377310928, "17": 0.030653461367187395, "18": 0.03939874594924231, "19": 0.039728709605190225, "20": 0.03506634405047563, "21": 0.024652575847856656, "22": 0.02667566059376211, "23": 0.021096034181575057, "start": 12.0, "end": 15.0}, "evening": {"0": 0.04862220560017194, "1": 0.10957230955824802, "2": 0.03949914092287842, "3": 0.04499075340508985, "4": 0.037577925563675445, "5": 0.04191775260028261, "6": 0.051248161125454654, "7": 0.0551410985590834, "8": 0.034682271032749776, "9": 0.044071780581748925, "10": 0.051958409624887465, "11": 0.04069560630222608, "12": 0.0548214237372455, "13": 0.02085394073363064, "14": 0.02666978332111801, "15": 0.049459661267066725, "16": 0.02313223752209849, "17": 0.03214277514855043, "18": 0.045625520727209136, "19": 0.0463095986606017, "20": 0.03772972248487712, "21": 0.021013291948205056, "22": 0.02193268071055282, "23": 0.020331948862347755, "start": 15.0, "end": 19.0}, "night": {"0": 0.03755831508309586, "1": 0.11590795157436345, "2": 0.04554373454736905, "3": 0.048544068783312015, "4": 0.04225377815766033, "5": 0.04574953247239291, "6": 0.0562010492195165, "7": 0.05928146435310724, "8": 0.03205802191790619, "9": 0.03940857706066512, "10": 0.05193075918451794, "11": 0.037227383976094625, "12": 0.050120205185497084, "13": 0.018580151477637682, "14": 0.029544928973752594, "15": 0.05171481338264477, "16": 0.023448365027899695, "17": 0.028512133788510335, "18": 0.044504760621686394, "19": 0.04063200599738895, "20": 0.037460983089193246, "21": 0.021756415884835473, "22": 0.02445930263024787, "23": 0.01760129761070463, "start": 19.0, "end": 1.0}}