{"morning": {"0": 0.03412424623685522, "1": 0.08520913025990229, "2": 0.04518185117659192, "3": 0.04537846588932141, "4": 0.03704603002068254, "5": 0.039739417509745086, "6": 0.046956917545849575, "7": 0.06604283185406944, "8": 0.04035385556571352, "9": 0.04856458541014717, "10": 0.05662947120120917, "11": 0.055453596585806404, "12": 0.060159685417580606, "13": 0.026292242564717565, "14": 0.03851290578782181, "15": 0.059736734647625155, "16": 0.023331116968571784, "17": 0.027565177921139414, "18": 0.036755855251178596, "19": 0.03429626314865355, "20": 0.026523935893506517, "21": 0.02133850784680158, "22": 0.023416047597760392, "23": 0.02139112769874924, "start": 1.0, "end": 7.0}, "noon": {"0": 0.05147466908264441, "1": 0.09088534397173822, "2": 0.03876722856447222, "3": 0.04613489226292551, "4": 0.03585619654372184, "5": 0.04075454394034115, "6": 0.04627145810424157, "7": 0.06335425847171915, "8": 0.039887556071954273, "9": 0.05219731868433846, "10": 0.057769094313755175, "11": 0.04722685505878075, "12": 0.06177459662885894, "13": 0.025068644459224135, "14": 0.026935708123397826, "15": 0.050651642404088926, "16": 0.020690183741948826, "17": 0.03263189646166163, "18": 0.04578720117069303, "19": 0.0397350376314928, "20": 0.03096572203420873, "21": 0.018815691388616156, "22": 0.017214624198869516, "23": 0.01914963668630678, "start": 7.0, "end": 12.0}, "afternoon": {"0": 0.037364495168925135, "1": 0.07824795878418875, "2": 0.04436658545137289, "3": 0.04279892697768245, "4": 0.035422779799073253, "5": 0.03863964136471502, "6": 0.05140522385914807, "7": 0.06931719998781659, "8": 0.039712528307998936, "9": 0.04478161654099159, "10": 0.05195844196609153, "11": 0.051546140482599416, "12": 0.05828718006877859, "13": 0.025439967881169107, "14": 0.03933818585707181, "15": 0.05919694855973619, "16": 0.024531214807089086, "17": 0.03035254819776482, "18": 0.038803168111164126, "19": 0.03684518047737516, "20": 0.02802908740928176, "21": 0.02392791331881061, "22": 0.026658572492444473, "23": 0.02302849412871064, "start": 12.0, "end": 15.0}, "evening": {"0": 0.045746037052170535, "1": 0.09201604136922216, "2": 0.03617166900701828, "3": 0.04312395935549957, "4": 0.03573873627344946, "5": 0.038261823955982, "6": 0.04525066174872808, "7": 0.06241784017382794, "8": 0.03740215649314548, "9": 0.04804878813544211, "10": 0.051139269313250635, "11": 0.04686311442395072, "12": 0.06473203561117928, "13": 0.027047801374731357, "14": 0.030660824507438112, "15": 0.05365765528036459, "16": 0.023202392492860092, "17": 0.033248270755526506, "18": 0.04561475103801654, "19": 0.04428429888299302, "20": 0.031525343099648356, "21": 0.020125194564849493, "22": 0.02060827680925711, "23": 0.023113058281448506, "start": 15.0, "end": 19.0}, "night": {"0": 0.036625030645837324, "1": 0.09742567811995341, "2": 0.04313689832076487, "3": 0.04838373194249306, "4": 0.03922777059755409, "5": 0.038736373680924606, "6": 0.051583841751010114, "7": 0.07093061312871475, "8": 0.036099442581157805, "9": 0.04348196427308409, "10": 0.05095692334027047, "11": 0.04564437814987093, "12": 0.05643045792855912, "13": 0.024125228316825488, "14": 0.035441255677749285, "15": 0.057309935471298916, "16": 0.023021257236438674, "17": 0.027912095685088685, "18": 0.042693635281296785, "19": 0.03716421134609365, "20": 0.028517861064173384, "21": 0.021127665619255897, "22": 0.02412248429020542, "23": 0.01990126555137923, "start": 19.0, "end": 1.0}}