{"morning": {"0": 0.03449203291780898, "1": 0.07796967972806942, "2": 0.0468793177687201, "3": 0.04407546149010987, "4": 0.035963896132468816, "5": 0.04302955553582786, "6": 0.05479960177214138, "7": 0.06300568749784928, "8": 0.04052961986718019, "9": 0.045262315212045746, "10": 0.061431782714297826, "11": 0.04849122361415844, "12": 0.05668358889816786, "13": 0.02284198824793762, "14": 0.03559375651887428, "15": 0.05880785728976028, "16": 0.02498164318582261, "17": 0.027861806376722625, "18": 0.0389496180871807, "19": 0.03842544823190313, "20": 0.03485323920307241, "21": 0.02170733820707836, "22": 0.024318068447113098, "23": 0.019045473055689124, "start": 1.0, "end": 2.0}, "noon": {"0": 0.07404360411006765, "1": 0.18140869719223465, "2": 0.06445046642863923, "3": 0.055741738479688906, "4": 0.04664807224427372, "5": 0.038781143132237725, "6": 0.041785325448014776, "7": 0.044655123129597074, "8": 0.02811882407300974, "9": 0.042632403004448954, "10": 0.04352576941954797, "11": 0.040988859805494084, "12": 0.04308852787045611, "13": 0.015536842396547247, "14": 0.021616262460520386, "15": 0.03309850194187191, "16": 0.01614816000342181, "17": 0.02377384514058137, "18": 0.030009512460222997, "19": 0.03504111585634508, "20": 0.026299798164938173, "21": 0.018677803996137478, "22": 0.017597209226135856, "23": 0.01633239401556708, "start": 2.0, "end": 6.0}, "afternoon": {"0": 0.03659938918919549, "1": 0.07038016321014147, "2": 0.04291068686889479, "3": 0.03873474588287147, "4": 0.03484667206208777, "5": 0.04152018423550522, "6": 0.06065053497175162, "7": 0.06729963700785822, "8": 0.03888775666981353, "9": 0.04376636667333175, "10": 0.05392719580241371, "11": 0.044634181939427114, "12": 0.05373395651062838, "13": 0.022542268491692122, "14": 0.03725424936520345, "15": 0.05849311724864656, "16": 0.026213158016703087, "17": 0.03227894923467068, "18": 0.0412979438138207, "19": 0.042859280943782024, "20": 0.036084706965698855, "21": 0.025352395588832986, "22": 0.028103811143903774, "23": 0.02162864816312522, "start": 6.0, "end": 7.0}, "evening": {"0": 0.03832723030513308, "1": 0.07904546856650178, "2": 0.04091773716025304, "3": 0.0397846071414552, "4": 0.033693727919577136, "5": 0.04055844153979363, "6": 0.05839815074133564, "7": 0.06400752216938899, "8": 0.03725589443566305, "9": 0.044812605353585805, "10": 0.056755536932367845, "11": 0.04473457218920316, "12": 0.05418878513929134, "13": 0.022064400613037466, "14": 0.03465553666113574, "15": 0.05795987238874659, "16": 0.02554374593498442, "17": 0.03194939568210145, "18": 0.04249059121394234, "19": 0.043854070544516816, "20": 0.036663152032648194, "21": 0.024930748218747315, "22": 0.0272323034096083, "23": 0.02017590370698171, "start": 7.0, "end": 15.0}, "night": {"0": 0.03755831508309586, "1": 0.11590795157436345, "2": 0.04554373454736905, "3": 0.048544068783312015, "4": 0.04225377815766033, "5": 0.04574953247239291, "6": 0.0562010492195165, "7": 0.05928146435310724, "8": 0.03205802191790619, "9": 0.03940857706066512, "10": 0.05193075918451794, "11": 0.037227383976094625, "12": 0.050120205185497084, "13": 0.018580151477637682, "14": 0.029544928973752594, "15": 0.05171481338264477, "16": 0.023448365027899695, "17": 0.028512133788510335, "18": 0.044504760621686394, "19": 0.04063200599738895, "20": 0.037460983089193246, "21": 0.021756415884835473, "22": 0.02445930263024787, "23": 0.01760129761070463, "start": 15.0, "end": 1.0}}