{"morning": {"start": 5.99999999999994, "end": 7.0}, "noon": {"start": 10.000000000000002, "end": 11.0}, "afternoon": {"start": 11.0, "end": 12.0}, "evening": {"start": 12.0, "end": 15.0}, "night": {"start": 15.0, "end": 5.999999999999938}}