{"start": {"morning": {"1": 0.06484922527847274, "2": 0.05235326019772313, "3": 0.05265349211878864, "4": 0.04406806103335896, "5": 0.04968259903449221, "6": 0.08795355451504916, "7": 0.08519459936455454, "8": 0.06276599074838854, "9": 0.08652170676626963, "10": 0.09921872335139664, "11": 0.135013208361582, "12": 0.1797255792299238}, "noon": {"1": 0.3638316990909663, "2": 0.08265817274366588, "3": 0.05658357271363909, "4": 0.04009631982191615, "5": 0.03435514214838314, "6": 0.03953082718686728, "7": 0.04865063438074326, "8": 0.023260195391463866, "9": 0.0658032065415539, "10": 0.03981128256897827, "11": 0.06858130519269631, "12": 0.13683764221912653}, "afternoon": {"1": 0.05541821189863076, "2": 0.055988371385428545, "3": 0.051243965585475976, "4": 0.040099729916526834, "5": 0.05067313775170122, "6": 0.1091827929549461, "7": 0.09868754506266181, "8": 0.0620414140137271, "9": 0.07824795278713724, "10": 0.09152607894049612, "11": 0.11842951121506531, "12": 0.18846128848820276}, "evening": {"1": 0.04954455775794164, "2": 0.045879670177950485, "3": 0.044039794219282676, "4": 0.038523116144354566, "5": 0.04680159917166273, "6": 0.11037205172136305, "7": 0.09073215894598466, "8": 0.06125290704381073, "9": 0.0919142570104873, "10": 0.09961681578447464, "11": 0.11729335515736233, "12": 0.20402971686532517}, "night": {"1": 0.07728114215408147, "2": 0.073057205774241, "3": 0.10997959276383398, "4": 0.06344486850058301, "5": 0.06372031509836906, "6": 0.10737348705687791, "7": 0.08925875306289335, "8": 0.05049996978421048, "9": 0.07404414482457457, "10": 0.07289407998182836, "11": 0.08910902233028489, "12": 0.12933741866822193}}, "end": {"morning": {"1": 0.10958363184543078, "2": 0.10691008362065474, "3": 0.04111703030532231, "4": 0.030302932415396007, "5": 0.051455446904456366, "6": 0.06808531961040273, "7": 0.06949136376966321, "8": 0.05283985757437533, "9": 0.07058214712239728, "10": 0.09232722830514034, "11": 0.13805212101404685, "12": 0.16925283751271408}, "noon": {"1": 0.4466240606680454, "2": 0.06397231171194788, "3": 0.03570632682853838, "4": 0.016360458401578213, "5": 0.03265816891500187, "6": 0.029524717335782595, "7": 0.03327554328689116, "8": 0.01578779977180859, "9": 0.044658505615224046, "10": 0.05020650524126152, "11": 0.08832526999457016, "12": 0.14290033222935042}, "afternoon": {"1": 0.08433773146697061, "2": 0.10260251413395106, "3": 0.04476704459087626, "4": 0.030342307267055963, "5": 0.043349188079731885, "6": 0.08036391712848162, "7": 0.08403689374281544, "8": 0.05379360194041821, "9": 0.06281034526599756, "10": 0.08942580942175947, "11": 0.13054167723896085, "12": 0.1936289697229811}, "evening": {"1": 0.09424126336528002, "2": 0.09071433521020425, "3": 0.039462864203589104, "4": 0.029794002425664837, "5": 0.04989615709910214, "6": 0.08241613814907742, "7": 0.08008688187360152, "8": 0.05493155621800578, "9": 0.07345155336353958, "10": 0.09159759268840922, "11": 0.12011044276422458, "12": 0.19329721263930155}, "night": {"1": 0.1032773001922731, "2": 0.06960239772809403, "3": 0.07814620162094192, "4": 0.04321002287189823, "5": 0.07141633624132354, "6": 0.08783518115453388, "7": 0.08034733725754699, "8": 0.05068548817595571, "9": 0.057748105199700125, "10": 0.08651773314911253, "11": 0.09968530686059746, "12": 0.1715285895480223}}}