{"start": {"morning": {"1": 0.015349224021627538, "2": 0.016000810422712803, "3": 0.016429439653117037, "4": 0.015988581599045336, "5": 0.020583118714690075, "6": 0.03708880527564068, "7": 0.035624842929602676, "8": 0.02235633082274901, "9": 0.022820656626185154, "10": 0.07708098867576176, "11": 0.06721518403720513, "12": 0.07632036526651212, "13": 0.034016132468145284, "14": 0.06045640319231367, "15": 0.09703478879390709, "16": 0.045018342530828204, "17": 0.048671454529133684, "18": 0.08259474552218693, "19": 0.05335469870888447, "20": 0.04562514888197655, "21": 0.031167901700255057, "22": 0.04387420818499059, "23": 0.027064823371427113, "24": 0.008263004071102033}, "noon": {"1": 0.029645367902642515, "2": 0.02576148415235631, "3": 0.02860111924698129, "4": 0.023731898093876908, "5": 0.03253279931384925, "6": 0.04398079129422321, "7": 0.042784397877704654, "8": 0.021196757677136184, "9": 0.03326751141556375, "10": 0.08476362386765826, "11": 0.07393492915227093, "12": 0.08130336801989763, "13": 0.026589910890118036, "14": 0.038198937855320164, "15": 0.08189756916883464, "16": 0.03654506714617098, "17": 0.04965665041583284, "18": 0.0698654918691363, "19": 0.053242221359291075, "20": 0.0399376474837088, "21": 0.026421534810642154, "22": 0.028524916383762967, "23": 0.022525164765423662, "24": 0.005090839837597454}, "afternoon": {"1": 0.015352590169475381, "2": 0.01559298206202374, "3": 0.015821696330026794, "4": 0.01670156174323928, "5": 0.021636486540990776, "6": 0.04424333199061953, "7": 0.04126622751004062, "8": 0.022077420063843497, "9": 0.021500628708963174, "10": 0.06576802837105664, "11": 0.06096742646718476, "12": 0.08149673156219193, "13": 0.03134236998255611, "14": 0.051690978045955585, "15": 0.0912497413865129, "16": 0.04733827245163827, "17": 0.0493244397641705, "18": 0.08209706237494191, "19": 0.053730184820777876, "20": 0.048644919367926996, "21": 0.03557777183821917, "22": 0.0484160406369912, "23": 0.02890085136912985, "24": 0.009262256441523519}, "evening": {"1": 0.01470949514800603, "2": 0.014311166016059858, "3": 0.01495724288392623, "4": 0.01585008167026058, "5": 0.02268081657434326, "6": 0.04453550015379361, "7": 0.039917197317973406, "8": 0.021989383676758227, "9": 0.023666667429179195, "10": 0.07618379646409697, "11": 0.06048865180093449, "12": 0.08247852165326036, "13": 0.030402997412820564, "14": 0.05133357400198903, "15": 0.08272424670076825, "16": 0.04141403576253662, "17": 0.04530926736462733, "18": 0.08594112647700936, "19": 0.05672181942765414, "20": 0.051850349862413124, "21": 0.03428531598079101, "22": 0.04998691688580198, "23": 0.02860248606754595, "24": 0.009659343267450445}, "night": {"1": 0.023734279721844602, "2": 0.019979391898927598, "3": 0.026857574750859068, "4": 0.021459375562254756, "5": 0.02352679429003067, "6": 0.03674628442110765, "7": 0.03803210391076493, "8": 0.018326417957283642, "9": 0.019796776969645755, "10": 0.07978295060538407, "11": 0.05547441188409813, "12": 0.07913849292725232, "13": 0.029476338736562913, "14": 0.05768598016806628, "15": 0.09218292476597931, "16": 0.04722429854479408, "17": 0.04388022982668187, "18": 0.09684551057377648, "19": 0.04800122964981571, "20": 0.04199196066910285, "21": 0.02402597301365037, "22": 0.04231810873827902, "23": 0.022808912523652282, "24": 0.010703677890185608}}, "end": {"morning": {"1": 0.014556492716531049, "2": 0.016823576340592877, "3": 0.018021762814611438, "4": 0.017238648230199625, "5": 0.021321994431948307, "6": 0.03211829188678984, "7": 0.033380179109495936, "8": 0.02467862958638786, "9": 0.02362368573867934, "10": 0.07066981865346594, "11": 0.06484103304907876, "12": 0.07911085490589094, "13": 0.033767981925966896, "14": 0.06043106977762631, "15": 0.09383751911860787, "16": 0.04811136584057975, "17": 0.047350716551374225, "18": 0.07487752148017128, "19": 0.05106569318506134, "20": 0.044790215859010406, "21": 0.035495349993981275, "22": 0.05099512048489867, "23": 0.0327578575705506, "24": 0.010134620748499454}, "noon": {"1": 0.01359081990320967, "2": 0.01125041047189318, "3": 0.013746183183620364, "4": 0.0120659604645577, "5": 0.017019756093570045, "6": 0.025335740077379744, "7": 0.026667322968928327, "8": 0.01659674925584012, "9": 0.021286712475262357, "10": 0.07790977807600957, "11": 0.07586185217447591, "12": 0.08977581662745272, "13": 0.02871031733303992, "14": 0.04412739458470025, "15": 0.11120649682505347, "16": 0.053822037994478586, "17": 0.05645448317342637, "18": 0.08468323382190268, "19": 0.06155322978743171, "20": 0.045763677125420885, "21": 0.03510231350189394, "22": 0.03853034029053279, "23": 0.031148505601460215, "24": 0.00779086818845947}, "afternoon": {"1": 0.016790884337740057, "2": 0.018904232830242458, "3": 0.019458183530580063, "4": 0.018988934491930173, "5": 0.022174304957230107, "6": 0.03818560838120755, "7": 0.03917649824173254, "8": 0.02456255450037155, "9": 0.023461563101509052, "10": 0.06102183723171163, "11": 0.06078126352425406, "12": 0.07870810231426377, "13": 0.031345229405038186, "14": 0.05096894323329998, "15": 0.08772148251495657, "16": 0.050939998545299695, "17": 0.049044818013885945, "18": 0.07343766222207612, "19": 0.05183803868229255, "20": 0.045575228845302275, "21": 0.039540793930808726, "22": 0.05323733914804757, "23": 0.03354655821449384, "24": 0.010589939801725536}, "evening": {"1": 0.015938961147763282, "2": 0.016683702399652056, "3": 0.017747027588111343, "4": 0.017750834604896806, "5": 0.02294065308406445, "6": 0.03768510990068388, "7": 0.03753824168702391, "8": 0.02380977112415371, "9": 0.024692533901733173, "10": 0.06916648253246706, "11": 0.061150609948419185, "12": 0.08326431837486566, "13": 0.03116767896431355, "14": 0.05252925495638913, "15": 0.08633271861223883, "16": 0.04759442406887671, "17": 0.04649139844996167, "18": 0.07617918063319623, "19": 0.05183605793567575, "20": 0.04780924452761014, "21": 0.0366542485372173, "22": 0.0523452448455465, "23": 0.03173970900578542, "24": 0.010952593169354239}, "night": {"1": 0.011520573193161288, "2": 0.013911630975205173, "3": 0.021283662393911707, "4": 0.016512200781579143, "5": 0.020698162223734624, "6": 0.024797708601758107, "7": 0.02983340240592385, "8": 0.018156237065601762, "9": 0.017601834005163856, "10": 0.06939417810483063, "11": 0.05124616497850077, "12": 0.08326661238116932, "13": 0.038225268705941985, "14": 0.0593976741559286, "15": 0.09884660356873663, "16": 0.05790877433312799, "17": 0.04651486972007834, "18": 0.0895324534710124, "19": 0.04875683253414872, "20": 0.0504656160404179, "21": 0.03583673570713813, "22": 0.05031503818806957, "23": 0.03277287664400744, "24": 0.013204889820852201}}}