{"morning": {"1": 0.03949839303329771, "2": 0.03207096111985285, "3": 0.045266887869516444, "4": 0.03896147635317429, "5": 0.041218436254918736, "6": 0.03889688555497715, "7": 0.05101057277069409, "8": 0.03446778728191612, "9": 0.04186926718141423, "10": 0.07363965969987162, "11": 0.059849204857917594, "12": 0.06890859842905962, "13": 0.027270497164928607, "14": 0.03932400184014806, "15": 0.06938133805361187, "16": 0.04071976281069856, "17": 0.038416337831843256, "18": 0.03984241006574909, "19": 0.03648962274786116, "20": 0.03404023777454047, "21": 0.02782369834975588, "22": 0.03597409681708493, "23": 0.031717010794549264, "24": 0.013342855342618446, "start": 7.0, "end": 10.0}, "noon": {"1": 0.044336452884019426, "2": 0.03798098154716875, "3": 0.05288281276828868, "4": 0.04362794382928302, "5": 0.04195748806429882, "6": 0.037998790148097095, "7": 0.04899207326971335, "8": 0.035961152559511406, "9": 0.041075834247696716, "10": 0.06737092063347738, "11": 0.05781366225875625, "12": 0.06955422168814342, "13": 0.026670396896585256, "14": 0.038288409924200614, "15": 0.06657166215240437, "16": 0.04168074182525563, "17": 0.03768192663747832, "18": 0.040389712256429844, "19": 0.035453273967246506, "20": 0.030672058747577037, "21": 0.02554249907536532, "22": 0.0333506674634096, "23": 0.030277149522647723, "24": 0.013869167632945472, "start": 10.0, "end": 11.0}, "afternoon": {"1": 0.042898840938380714, "2": 0.03694285104111123, "3": 0.05247330860959769, "4": 0.04404147664264771, "5": 0.04437547350595582, "6": 0.04205731969207435, "7": 0.05216699705738896, "8": 0.03682202706690028, "9": 0.043177232015444544, "10": 0.07182876729695895, "11": 0.06190532419558866, "12": 0.07461660718151283, "13": 0.02694218010944992, "14": 0.039234669668838304, "15": 0.06484743078018904, "16": 0.039373754460258835, "17": 0.03588358838684149, "18": 0.03829868797943982, "19": 0.03345605763339761, "20": 0.027850369107106792, "21": 0.022167482621889372, "22": 0.030192652770114285, "23": 0.02608981623549473, "24": 0.012357085003418112, "start": 11.0, "end": 12.0}, "evening": {"1": 0.035439697696611754, "2": 0.0317498755886821, "3": 0.04651794042294654, "4": 0.03923361373481841, "5": 0.040145651237677986, "6": 0.0393836859323977, "7": 0.05443836535272071, "8": 0.035967547569052495, "9": 0.042190195578043835, "10": 0.07148922368530221, "11": 0.05848001206012213, "12": 0.06741798513743462, "13": 0.0275759378775518, "14": 0.03827554433900371, "15": 0.06811154315531624, "16": 0.040745430893484105, "17": 0.03842402245120811, "18": 0.041228454175060894, "19": 0.03500103502964309, "20": 0.03556216321754464, "21": 0.02962048246327494, "22": 0.038290340168605094, "23": 0.030862567610617113, "24": 0.013848684622879808, "start": 12.0, "end": 15.0}, "night": {"1": 0.037514614919009655, "2": 0.0344198632598161, "3": 0.051175557723401946, "4": 0.04181994829611725, "5": 0.04136886545144318, "6": 0.04135064576092578, "7": 0.05606560427080512, "8": 0.036993191999051545, "9": 0.04219401159895118, "10": 0.06599145013472466, "11": 0.05614546919703999, "12": 0.06600040711265294, "13": 0.02776971654872873, "14": 0.037435073025242266, "15": 0.06467791769106379, "16": 0.04072870126261273, "17": 0.037871740881943616, "18": 0.0405400122866629, "19": 0.03468237809471503, "20": 0.03401641793292109, "21": 0.02923142645371773, "22": 0.0366100795314689, "23": 0.03119111201961722, "24": 0.01420579454736651, "start": 15.0, "end": 7.0}}