{"morning": {"0": 0.050666439962123805, "1": 0.09392165906244893, "2": 0.06641269811299477, "3": 0.07835399521286887, "4": 0.05736468700512473, "5": 0.06211375504949343, "6": 0.044525996065945955, "7": 0.055766474110595605, "8": 0.02848632537720634, "9": 0.03312344306925011, "10": 0.06717552904012897, "11": 0.04327034698344592, "12": 0.04066314399789052, "13": 0.013821364769346449, "14": 0.024349621052653654, "15": 0.04849017518813034, "16": 0.022258793083834872, "17": 0.03004426385815495, "18": 0.02786898393026222, "19": 0.02148190461620901, "20": 0.02768320863817499, "21": 0.018636511573725152, "22": 0.02341447551426785, "23": 0.02010620472572263, "start": 1.0, "end": 2.0}, "noon": {"0": 0.047304264265555646, "1": 0.1087646111956691, "2": 0.07031000281811302, "3": 0.08136077206464974, "4": 0.0564952935638423, "5": 0.05995014214078529, "6": 0.04475407832744297, "7": 0.05141716675822342, "8": 0.028974113073078067, "9": 0.03686194111364657, "10": 0.06332912307171115, "11": 0.04031705810375794, "12": 0.04261871355301546, "13": 0.01401459021685722, "14": 0.026032680310351757, "15": 0.04948022580882521, "16": 0.021422188590655408, "17": 0.03069537858697589, "18": 0.0283189250669857, "19": 0.02135322723398902, "20": 0.022529641660559596, "21": 0.01512804350124599, "22": 0.020476690199831515, "23": 0.018091128774231986, "start": 2.0, "end": 3.0}, "afternoon": {"0": 0.04520310674603988, "1": 0.10051766090018784, "2": 0.07140429524717745, "3": 0.08229471888155178, "4": 0.0598757617327384, "5": 0.0669430500557086, "6": 0.04749600916401019, "7": 0.05416444963822939, "8": 0.02973965053250636, "9": 0.03705866280043938, "10": 0.06648355835156651, "11": 0.041593132851951965, "12": 0.042825999002595004, "13": 0.013763548841924064, "14": 0.02553949644878985, "15": 0.04554144652328565, "16": 0.019792540908656318, "17": 0.028866110833410116, "18": 0.027626975443434745, "19": 0.021147437380353847, "20": 0.02135774539308349, "21": 0.014532880841108804, "22": 0.019648805394816785, "23": 0.01658295608643363, "start": 3.0, "end": 5.0}, "evening": {"0": 0.04045419831401075, "1": 0.11424861915907085, "2": 0.06583256959420192, "3": 0.08243533059638446, "4": 0.06459339187372314, "5": 0.054794421215710445, "6": 0.040728024342873856, "7": 0.06634551001918336, "8": 0.02891185904490828, "9": 0.03156255803571542, "10": 0.06140102455852869, "11": 0.03800022905524427, "12": 0.03663427224309398, "13": 0.013298441311235747, "14": 0.02450231554742718, "15": 0.0489881429091793, "16": 0.022023390143044785, "17": 0.028177386302374468, "18": 0.026004278905345266, "19": 0.020249403360061966, "20": 0.02664181183678147, "21": 0.02010166766403366, "22": 0.02507235622926554, "23": 0.018998797738601237, "start": 5.0, "end": 7.0}, "night": {"0": 0.04319972799509873, "1": 0.10649960511044894, "2": 0.06428190351876317, "3": 0.07562252889653902, "4": 0.06408750064222654, "5": 0.057006567384712686, "6": 0.04731342008430244, "7": 0.07487286103010156, "8": 0.032389856547955224, "9": 0.036601921558474707, "10": 0.05994259032400793, "11": 0.03665382526934961, "12": 0.03780467529986844, "13": 0.012609210979731828, "14": 0.024877871838246045, "15": 0.044754136889989526, "16": 0.02082339514402979, "17": 0.027762539028192524, "18": 0.024871884967582993, "19": 0.019702883094382173, "20": 0.0246494329017512, "21": 0.01992048909431756, "22": 0.024229111339964304, "23": 0.019522061059963063, "start": 7.0, "end": 1.0}}