{"morning": {"0": 0.07335069792908931, "1": 0.06315923741418074, "2": 0.0534278384939788, "3": 0.051098648851792945, "4": 0.04409719512060382, "5": 0.04216734583471105, "6": 0.04523663988335928, "7": 0.050910125862923546, "8": 0.038286918069328, "9": 0.038124715628430124, "10": 0.06828862295665485, "11": 0.05422008934345627, "12": 0.06095522697878017, "13": 0.019653887486283432, "14": 0.033154980991112915, "15": 0.05094200968735237, "16": 0.02682206497511347, "17": 0.02938695111234285, "18": 0.02808673808938936, "19": 0.024804863213163428, "20": 0.027430133768575133, "21": 0.02089827236168534, "22": 0.03098945321475098, "23": 0.024507342732941806, "start": 1.0, "end": 2.0}, "noon": {"0": 0.07733407502654199, "1": 0.07391219714321559, "2": 0.058064923143348504, "3": 0.054564337277583815, "4": 0.04280164066555839, "5": 0.04201286674970071, "6": 0.04466792602086581, "7": 0.04946902352130857, "8": 0.03770094181284575, "9": 0.03796744228376054, "10": 0.06760324167324845, "11": 0.05311870784300199, "12": 0.063355506476319, "13": 0.018195974747250977, "14": 0.030685743203912905, "15": 0.04862463151031473, "16": 0.027278222387839217, "17": 0.029126679302931176, "18": 0.027738144083542315, "19": 0.022620396826482182, "20": 0.024167061924984256, "21": 0.018812875206867495, "22": 0.027881044238822403, "23": 0.02229639692975324, "start": 2.0, "end": 2.9999999999999964}, "afternoon": {"0": 0.07706296257955747, "1": 0.06709569943394468, "2": 0.05943008568200083, "3": 0.0554531665776367, "4": 0.04420491091728609, "5": 0.04583280595001376, "6": 0.04753922249692747, "7": 0.05195513706364552, "8": 0.03896777902567564, "9": 0.03973372679365329, "10": 0.07019210774427011, "11": 0.05561933006728077, "12": 0.0628561948208733, "13": 0.018135937202015014, "14": 0.03106619002338062, "15": 0.04633395598729916, "16": 0.024577958636114176, "17": 0.027793853544881644, "18": 0.027179070039735763, "19": 0.021906014917336215, "20": 0.021826993237761213, "21": 0.018168002324077132, "22": 0.026906461027987424, "23": 0.020162433906646002, "start": 2.9999999999999964, "end": 10.0}, "evening": {"0": 0.053964329904206625, "1": 0.0735255421330621, "2": 0.04906912189785175, "3": 0.05311455374429261, "4": 0.04628613821391342, "5": 0.036827663106907646, "6": 0.042723105501968166, "7": 0.06432526765191808, "8": 0.04171194325311383, "9": 0.040467549295837305, "10": 0.06277488096429898, "11": 0.0517528776420648, "12": 0.06267842248949372, "13": 0.02190040419120758, "14": 0.035179225257528805, "15": 0.0560236539971451, "16": 0.02745086475995738, "17": 0.028812515069960316, "18": 0.026043754974575502, "19": 0.023134614188540473, "20": 0.026533782422682863, "21": 0.02140880248244757, "22": 0.03149507487817685, "23": 0.022795911978848542, "start": 10.0, "end": 12.0}, "night": {"0": 0.054958306719434226, "1": 0.07209135053932068, "2": 0.049171882496784815, "3": 0.053669818671856495, "4": 0.04522593962802132, "5": 0.03850878881153882, "6": 0.04657322974014679, "7": 0.06906104273709289, "8": 0.04196381261924704, "9": 0.04078482822073058, "10": 0.059972652005658524, "11": 0.046457770972954865, "12": 0.06309273925211868, "13": 0.02278685438879227, "14": 0.0360906158216309, "15": 0.0560662282960534, "16": 0.02677456387386527, "17": 0.028501502690994357, "18": 0.02481384210934628, "19": 0.02355980063929211, "20": 0.02596675907398348, "21": 0.02078823254421697, "22": 0.02903847819121962, "23": 0.024080959955699543, "start": 12.0, "end": 1.0}}