{"morning": {"1": 0.19691595250126376, "2": 0.07993086441196094, "3": 0.15837928703412135, "4": 0.08322321105004758, "5": 0.08380536815594569, "6": 0.07468405392677188, "7": 0.07866165364887712, "8": 0.03835172239366022, "9": 0.05281643966546785, "10": 0.06196424978980209, "11": 0.047807877951570384, "12": 0.04345931947051127}, "noon": {"1": 0.3155977554531795, "2": 0.03488635700606753, "3": 0.04960073063809015, "4": 0.02790880141643065, "5": 0.03797675232148843, "6": 0.24621682771103187, "7": 0.059593529246556295, "8": 0.04261495197301028, "9": 0.044441422594598275, "10": 0.046847852794890114, "11": 0.05460323426946188, "12": 0.03971178457519499}, "afternoon": {"1": 0.43893419974694875, "2": 0.053897966261469865, "3": 0.17735539873735914, "4": 0.0579219401020807, "5": 0.046210303113023474, "6": 0.02875587261291592, "7": 0.043980466404018634, "8": 0.020703929810511584, "9": 0.028174790904741114, "10": 0.04526312398265922, "11": 0.028317214320831063, "12": 0.030484794003440507}, "evening": {"1": 0.43491609178412044, "2": 0.0421067183549783, "3": 0.15567346656325293, "4": 0.03540703139474565, "5": 0.04344119136221561, "6": 0.04110084740867097, "7": 0.05198118905614755, "8": 0.028730847473020026, "9": 0.04762824933398169, "10": 0.04760873765820285, "11": 0.04050575753958961, "12": 0.03089987207107443}, "night": {"1": 0.5177014663205838, "2": 0.042758029888127644, "3": 0.06673261607739223, "4": 0.03817296917063768, "5": 0.038684059130031596, "6": 0.048040596346267395, "7": 0.0541132810900745, "8": 0.03019954887807454, "9": 0.04328183250254016, "10": 0.04730497653599269, "11": 0.04209289458500961, "12": 0.030917729475268378}}