{"morning": {"1": 0.21542041294225447, "2": 0.06820957218673517, "3": 0.18329128807499662, "4": 0.08399549124698744, "5": 0.09738424388894325, "6": 0.07333280364553402, "7": 0.07279017133202867, "8": 0.03674435658844163, "9": 0.041238753091840406, "10": 0.05035293127439605, "11": 0.03741474753765976, "12": 0.03982522819018254, "start": 1.0, "end": 5.0}, "noon": {"13": 0.22708563685984923, "14": 0.05991681677269237, "15": 0.10429871081803968, "16": 0.05806783079516126, "5": 0.07954964608754675, "6": 0.0776268682176893, "7": 0.08430050831407364, "8": 0.05804421622573876, "9": 0.054170803447823865, "10": 0.07018615235572519, "11": 0.07024409144536128, "12": 0.05650871866029873, "start": 5.0, "end": 13.0}, "afternoon": {"13": 0.29398179888136355, "14": 0.06735429154181927, "15": 0.22079176556498573, "16": 0.07990867197194615, "17": 0.07712996148610812, "18": 0.04326441843588979, "19": 0.052627250697463976, "20": 0.020668331796286552, "21": 0.029878012722775786, "22": 0.05148046578892546, "23": 0.029736641471601155, "12": 0.03317838964083465, "start": 13.0, "end": 15.0}, "evening": {"13": 0.2385517536852717, "14": 0.05623506832460157, "15": 0.17190696582486095, "16": 0.07495542414386529, "17": 0.07752243324151771, "18": 0.06628736067575683, "19": 0.0715280693776294, "20": 0.034453373363956506, "21": 0.052179476706727936, "22": 0.06429459383827585, "11": 0.04904478091644443, "12": 0.04304069990109182, "start": 15.0, "end": 22.0}, "night": {"1": 0.3275783570809459, "2": 0.056808081568155123, "3": 0.15483005687152152, "4": 0.0835691762689511, "5": 0.06562505215194528, "6": 0.053539279305211275, "19": 0.053911247130223036, "20": 0.03004609123493849, "21": 0.043023132529588184, "22": 0.052560636556987596, "23": 0.041776303496600956, "24": 0.0367325858049315, "start": 22.0, "end": 1.0}}