{"morning": {"1": 0.07395376082897179, "2": 0.07054246166179039, "3": 0.14273174550171036, "4": 0.07985299064229141, "5": 0.11101264780371385, "6": 0.04267346554732031, "7": 0.10040362144685751, "8": 0.06430523965452681, "9": 0.044832477747570564, "10": 0.2081459929755725, "11": 0.030879501945159548, "12": 0.030666094244514996}, "noon": {"1": 0.09239717551031307, "2": 0.13459792131158244, "3": 0.16827441838468643, "4": 0.14318690089239022, "5": 0.12417488063982134, "6": 0.03668717129805385, "7": 0.05563761526668596, "8": 0.03758581286335276, "9": 0.02600601361357686, "10": 0.1401605994379893, "11": 0.020239046958178686, "12": 0.021052443823369103}, "afternoon": {"1": 0.08573887379747634, "2": 0.0667094902396451, "3": 0.1589584435988797, "4": 0.10295011479887854, "5": 0.11681630306026244, "6": 0.0504269690917676, "7": 0.08737527667653729, "8": 0.06101118236576662, "9": 0.05231559304414346, "10": 0.14116768370706503, "11": 0.03772312999190643, "12": 0.03880693962767144}, "evening": {"1": 0.07912985045681388, "2": 0.1537898756895447, "3": 0.2135920244949856, "4": 0.1258866243479297, "5": 0.08440336642269397, "6": 0.027332890671147102, "7": 0.10242231832145773, "8": 0.03807390882203504, "9": 0.03942327980061409, "10": 0.10254217143972333, "11": 0.017847742636084036, "12": 0.015555946896970796}, "night": {"1": 0.07697816922989262, "2": 0.07515888355405669, "3": 0.15582183258575782, "4": 0.08546981297961956, "5": 0.08620620254405142, "6": 0.050754475715303095, "7": 0.12907153752109618, "8": 0.06669298360842643, "9": 0.05993671224699333, "10": 0.16681282996207805, "11": 0.02343634368097129, "12": 0.02366021637175351}}