{"morning": {"13": 0.09688409377965339, "14": 0.063750034708443, "3": 0.21754324218611823, "4": 0.02623254136352874, "5": 0.12966451551341834, "6": 0.01565405722669168, "7": 0.12488272042026241, "8": 0.03242331834359399, "9": 0.03811795708655924, "10": 0.22450756033126215, "11": 0.01597613485244818, "12": 0.014363824188020591, "start": 3.0, "end": 10.0}, "noon": {"13": 0.04428741955562475, "14": 0.13806277126493738, "15": 0.21326867002286015, "16": 0.17742325157186395, "17": 0.07213862408221587, "6": 0.01176615260163574, "19": 0.014007801361364026, "8": 0.01766496789390345, "9": 0.012328885130560633, "10": 0.2726491546251696, "11": 0.015158867173330209, "12": 0.01124343471653428, "start": 10.0, "end": 14.0}, "afternoon": {"13": 0.1243748923869239, "14": 0.02517375744429601, "15": 0.21044296193834922, "16": 0.10380346153841988, "17": 0.1665197215098926, "18": 0.023539602740506115, "19": 0.10670367742232902, "20": 0.03367279952546395, "9": 0.04497585063713918, "10": 0.11211078798937961, "11": 0.02406462404129604, "12": 0.024617862826004616, "start": 14.0, "end": 15.0}, "evening": {"13": 0.026006489258279402, "14": 0.11885054461245309, "15": 0.42925633908751154, "16": 0.0688742728580742, "17": 0.045948765942870035, "18": 0.014956632412226126, "19": 0.08815094709308992, "20": 0.03019443685837105, "21": 0.07861405169343577, "22": 0.07473487471745258, "23": 0.014372299243937424, "24": 0.010040346222298827, "start": 15.0, "end": 19.0}, "night": {"1": 0.028215586651282386, "2": 0.034787678858951745, "3": 0.2240950011931014, "4": 0.028062499956393584, "17": 0.034782534473584904, "18": 0.022467938504677876, "19": 0.32640456453364586, "20": 0.03314468756809345, "21": 0.07174084872009341, "22": 0.16797409107686795, "23": 0.015067248941647368, "24": 0.01325731952166001, "start": 19.0, "end": 3.0}}