{"morning": {"13": 0.07395376082897179, "14": 0.07054246166179039, "3": 0.14273174550171036, "4": 0.07985299064229141, "5": 0.11101264780371385, "6": 0.04267346554732031, "7": 0.10040362144685751, "8": 0.06430523965452681, "9": 0.044832477747570564, "10": 0.2081459929755725, "11": 0.030879501945159548, "12": 0.030666094244514996, "start": 3.0, "end": 10.0}, "noon": {"13": 0.09239717551031307, "14": 0.13459792131158244, "15": 0.16827441838468643, "16": 0.14318690089239022, "17": 0.12417488063982134, "18": 0.03668717129805385, "19": 0.05563761526668596, "20": 0.03758581286335276, "21": 0.02600601361357686, "10": 0.1401605994379893, "11": 0.020239046958178686, "12": 0.021052443823369103, "start": 10.0, "end": 14.0}, "afternoon": {"13": 0.08573887379747634, "14": 0.0667094902396451, "15": 0.1589584435988797, "16": 0.10295011479887854, "17": 0.11681630306026244, "18": 0.0504269690917676, "19": 0.08737527667653729, "20": 0.06101118236576662, "21": 0.05231559304414346, "10": 0.14116768370706503, "23": 0.03772312999190643, "12": 0.03880693962767144, "start": 14.0, "end": 15.0}, "evening": {"13": 0.07912985045681388, "14": 0.1537898756895447, "15": 0.2135920244949856, "16": 0.1258866243479297, "17": 0.08440336642269397, "18": 0.027332890671147102, "19": 0.10242231832145773, "20": 0.03807390882203504, "21": 0.03942327980061409, "22": 0.10254217143972333, "23": 0.017847742636084036, "24": 0.015555946896970796, "start": 15.0, "end": 16.0}, "night": {"1": 0.07697816922989262, "2": 0.07515888355405669, "3": 0.15582183258575782, "16": 0.08546981297961956, "17": 0.08620620254405142, "18": 0.050754475715303095, "19": 0.12907153752109618, "20": 0.06669298360842643, "21": 0.05993671224699333, "22": 0.16681282996207805, "23": 0.02343634368097129, "24": 0.02366021637175351, "start": 16.0, "end": 3.0}}