{"morning": {"1": 0.24929388596550472, "2": 0.07546953661700363, "3": 0.12762597308917428, "4": 0.04222987973136852, "5": 0.0804726961080472, "6": 0.055080956964903706, "19": 0.037450661847231226, "8": 0.032389364523419534, "21": 0.03911441482112364, "10": 0.1577534160531437, "11": 0.05164901394790543, "12": 0.051470200331174616, "start": 1.0, "end": 3.000000000000003}, "noon": {"13": 0.2088252408499769, "2": 0.12192815385617514, "3": 0.14243960200073053, "4": 0.05215270977075794, "5": 0.13049283091926794, "6": 0.059495656392854535, "7": 0.03538343828129674, "8": 0.028104997608808767, "9": 0.04302793440318077, "10": 0.10557935794535048, "11": 0.03723816902137768, "12": 0.03533190895022257, "start": 3.000000000000003, "end": 13.0}, "afternoon": {"13": 0.2229909555439821, "14": 0.10908096621247236, "15": 0.0523866944005037, "17": 0.16730355034643404, "18": 0.07129976855788414, "19": 0.04584252410450342, "20": 0.018940762191253385, "21": 0.0388741620842663, "22": 0.08329740853680631, "23": 0.027745690179358053, "12": 0.031163047171152175, "start": 13.0, "end": 17.0}, "evening": {"13": 0.1808120594612243, "14": 0.13251595415561393, "15": 0.11819120360227826, "16": 0.03782520704031771, "17": 0.11235022301251643, "18": 0.09025337582683629, "19": 0.06380135581623156, "20": 0.02958193347097258, "21": 0.03418232448786105, "22": 0.10919833839322377, "11": 0.04649442408031718, "24": 0.044793600652606964, "start": 17.0, "end": 22.0}, "night": {"1": 0.22341902336677297, "2": 0.13894012028993125, "3": 0.12444210015191937, "4": 0.03935658459022683, "17": 0.09137532404156622, "18": 0.06627837794166942, "19": 0.06086941815027613, "20": 0.02693538331231084, "9": 0.03673323763556916, "22": 0.1177114531515655, "23": 0.039410439284410716, "24": 0.034528538083781445, "start": 22.0, "end": 1.0}}