{"morning": {"1": 0.07571601749331719, "2": 0.0710882569772589, "3": 0.06168705598795933, "4": 0.07866609497417476, "5": 0.1352247966512248, "6": 0.08390775440633244, "7": 0.0883075852848657, "8": 0.06305295549093497, "9": 0.05531018609191331, "10": 0.10598312088672122, "11": 0.09337788001471949, "12": 0.08767829574057774}, "noon": {"1": 0.10507844466013125, "2": 0.08222128491846985, "3": 0.05858168682878503, "4": 0.10131464882018554, "5": 0.14043267991059066, "6": 0.07729608210884255, "7": 0.07089472398064546, "8": 0.0638687575745541, "9": 0.05443974582985291, "10": 0.08799715058372472, "11": 0.08296031005702167, "12": 0.0749144847271964}, "afternoon": {"1": 0.06852545719096556, "2": 0.06649031899578797, "3": 0.04746296333101406, "4": 0.08698896675712672, "5": 0.16106297362632713, "6": 0.10352701005136442, "7": 0.09397221551176625, "8": 0.07054146228252317, "9": 0.06325350914248902, "10": 0.08714847834934579, "11": 0.08027051444017795, "12": 0.07075613032111197}, "evening": {"1": 0.08372766551970721, "2": 0.08162642131594486, "3": 0.04768337481223327, "4": 0.09715307488985214, "5": 0.1521035681597471, "6": 0.09354866220851246, "7": 0.08003993513827382, "8": 0.06253359748256836, "9": 0.04852347146952367, "10": 0.08533030647356714, "11": 0.08766265478239126, "12": 0.08006726774767889}, "night": {"1": 0.06323352089510116, "2": 0.05932677145932661, "3": 0.053756749978727036, "4": 0.05425257403677456, "5": 0.11113602132910379, "6": 0.08389450072403395, "7": 0.09327710308081093, "8": 0.07390776540008713, "9": 0.05969982870613079, "10": 0.13481758523321266, "11": 0.10722084383958086, "12": 0.10547673531711073}}