{"start": {"morning": {"1": 0.06994331305975593, "2": 0.07994016709903094, "3": 0.16452019876967947, "4": 0.07477958626183703, "5": 0.09368333918298744, "6": 0.09377550010637631, "7": 0.07792819861255237, "8": 0.05798836266355479, "9": 0.045519013695913976, "10": 0.10002123785786099, "11": 0.08668780678925939, "12": 0.05521327590119155}, "noon": {"1": 0.04105904077318865, "2": 0.07859694758051658, "3": 0.12039159381816229, "4": 0.07510042599628466, "5": 0.08154882815794298, "6": 0.09377155484601168, "7": 0.07434116123338066, "8": 0.062040658630937995, "9": 0.0585787528355724, "10": 0.11930023473222477, "11": 0.09606003135833083, "12": 0.09921077003744648}, "afternoon": {"1": 0.033137408559321915, "2": 0.06515853343652744, "3": 0.11249173153964391, "4": 0.0750883824007086, "5": 0.08663613189644755, "6": 0.09430646747644157, "7": 0.08351186920860705, "8": 0.06118051175954588, "9": 0.06256563351000483, "10": 0.13138761295675908, "11": 0.10611871238382944, "12": 0.08841700487216292}, "evening": {"1": 0.055832702820696974, "2": 0.09850227865858148, "3": 0.11459109713374431, "4": 0.08054773853624227, "5": 0.06899785920063006, "6": 0.11232391943286048, "7": 0.06682149634788913, "8": 0.07527964512576714, "9": 0.05958214571763328, "10": 0.08683912804388758, "11": 0.09357822478471876, "12": 0.08710376419734854}, "night": {"1": 0.042925386209063034, "2": 0.06559191591596607, "3": 0.15026698179731887, "4": 0.07286961004626206, "5": 0.06881216217994406, "6": 0.08320533341030949, "7": 0.09005809649229543, "8": 0.07874417497518907, "9": 0.05273350649355064, "10": 0.10408842630417191, "11": 0.12049381004209676, "12": 0.07021059613383276}}, "end": {"morning": {"1": 0.13278822882155988, "2": 0.07723465839293572, "3": 0.15150262600457806, "4": 0.08063687413050755, "5": 0.1089331798700313, "6": 0.0759129864965665, "7": 0.03990981972694584, "8": 0.06401597991685322, "9": 0.039142445584093924, "10": 0.10579307498660917, "11": 0.0689194263983599, "12": 0.0552106996709589}, "noon": {"1": 0.061242014334812064, "2": 0.0704583157158915, "3": 0.10070530909335013, "4": 0.0512616748870525, "5": 0.05918304730463627, "6": 0.07007243809581369, "7": 0.03175267325890458, "8": 0.07354931884481565, "9": 0.05660515482885225, "10": 0.15744721833345296, "11": 0.15453935360901574, "12": 0.11318348169340264}, "afternoon": {"1": 0.04783638532901841, "2": 0.07234260304903713, "3": 0.10942811657706197, "4": 0.05136397617893976, "5": 0.06880514613392558, "6": 0.07521665727162792, "7": 0.04678597644141423, "8": 0.07757165781639062, "9": 0.06274957036042113, "10": 0.15477025748238343, "11": 0.1382740356181797, "12": 0.0948556177416001}, "evening": {"1": 0.11450643478637547, "2": 0.0829543950148944, "3": 0.10969572603268773, "4": 0.053194783481046753, "5": 0.08425804516189055, "6": 0.08448495233024067, "7": 0.028536279571076593, "8": 0.07825639162667318, "9": 0.046443310724329855, "10": 0.11478589728687036, "11": 0.11494834513219386, "12": 0.08793543885172056}, "night": {"1": 0.07618361910652544, "2": 0.050030673998575165, "3": 0.10930548442039416, "4": 0.06773377203552204, "5": 0.07435228917689678, "6": 0.08242404097331478, "7": 0.05387215201891588, "8": 0.08567180956169651, "9": 0.06035757302683269, "10": 0.11736992620552908, "11": 0.14085695161999476, "12": 0.0818417078558027}}}