{"morning": {"1": 0.16208844319347018, "2": 0.20938461020066293, "3": 0.07655617467441356, "4": 0.07618991403978563, "5": 0.18448491243447318, "6": 0.0578309504756098, "7": 0.05071362531213458, "8": 0.033128652632243835, "9": 0.03105075797418998, "10": 0.06482029859287045, "11": 0.033132184387392793, "12": 0.02061947608275325}, "noon": {"1": 0.0849216400836761, "2": 0.2841563571791271, "3": 0.07273424984753812, "4": 0.06754149034299928, "5": 0.18353492079628786, "6": 0.047634720168326865, "7": 0.06083154061045796, "8": 0.03544307737125612, "9": 0.02995050472054243, "10": 0.07839045864982953, "11": 0.03578484934904736, "12": 0.019076190880911156}, "afternoon": {"1": 0.17000052953231812, "2": 0.18187101404833755, "3": 0.10206128621063086, "4": 0.07281804849481816, "5": 0.16526711554100984, "6": 0.05598724388598595, "7": 0.0468658073419027, "8": 0.027135151394363434, "9": 0.026869911466274456, "10": 0.07733582954118083, "11": 0.040869789068326515, "12": 0.032918273474851406}, "evening": {"1": 0.17000052953231812, "2": 0.18187101404833755, "3": 0.10206128621063086, "4": 0.07281804849481816, "5": 0.16526711554100984, "6": 0.05598724388598595, "7": 0.0468658073419027, "8": 0.027135151394363434, "9": 0.026869911466274456, "10": 0.07733582954118083, "11": 0.040869789068326515, "12": 0.032918273474851406}, "night": {"1": 0.1303336891036488, "2": 0.1903900567304457, "3": 0.08930968751005061, "4": 0.09541307738723978, "5": 0.16731706800613064, "6": 0.06781496582223431, "7": 0.05237989050645873, "8": 0.03242404182713249, "9": 0.02801193045441862, "10": 0.06855453685968046, "11": 0.04341898744542049, "12": 0.034632068347139326}}