{"morning": {"1": 0.10115333834029243, "2": 0.3591014993029055, "3": 0.06347443519787596, "4": 0.05276676187894719, "5": 0.1439872733824074, "6": 0.03926628901432114, "7": 0.04710293146240717, "8": 0.03399087946347765, "9": 0.02594376381512955, "10": 0.07146641750319052, "11": 0.03785205339715135, "12": 0.023894357241894114, "start": 1.0, "end": 2.0}, "noon": {"13": 0.04903275868202084, "2": 0.5086114324238415, "3": 0.041756826162938056, "4": 0.04060213370033078, "5": 0.09612546045971475, "6": 0.03124955100338882, "7": 0.05142760178199989, "8": 0.029806344566111233, "9": 0.023505559126384593, "10": 0.07288558647951478, "11": 0.03587556108549148, "12": 0.019121184528262992, "start": 2.0, "end": 5.0}, "afternoon": {"13": 0.22031707216924926, "14": 0.26403975969975846, "3": 0.061820566394201526, "4": 0.04440946928119836, "5": 0.16955202032001543, "6": 0.028883957900460933, "7": 0.036618311624820536, "8": 0.02329833149985546, "9": 0.02027313716540314, "10": 0.0666948097261621, "11": 0.036027801646896576, "12": 0.028064762571978208, "start": 5.0, "end": 13.0}, "evening": {"13": 0.22031707216924926, "14": 0.26403975969975846, "15": 0.061820566394201526, "16": 0.04440946928119836, "17": 0.16955202032001543, "6": 0.028883957900460933, "7": 0.036618311624820536, "8": 0.02329833149985546, "21": 0.02027313716540314, "10": 0.0666948097261621, "11": 0.036027801646896576, "24": 0.028064762571978208, "start": 13.0, "end": 14.0}, "night": {"1": 0.18425347157297192, "14": 0.20885579673915466, "15": 0.05357222611557429, "16": 0.12037270412938586, "17": 0.17526057868796244, "18": 0.03806276033787638, "19": 0.04179580338847108, "20": 0.027402261250276477, "21": 0.019904533001489783, "22": 0.06034360620977007, "23": 0.038756459243378845, "24": 0.03141979932368821, "start": 14.0, "end": 1.0}}