{"morning": {"1": 0.16208844319347018, "2": 0.20938461020066293, "3": 0.07655617467441356, "4": 0.07618991403978563, "5": 0.18448491243447318, "6": 0.0578309504756098, "7": 0.05071362531213458, "8": 0.033128652632243835, "9": 0.03105075797418998, "10": 0.06482029859287045, "11": 0.033132184387392793, "12": 0.02061947608275325, "start": 1.0, "end": 2.0}, "noon": {"13": 0.0849216400836761, "2": 0.2841563571791271, "3": 0.07273424984753812, "4": 0.06754149034299928, "5": 0.18353492079628786, "6": 0.047634720168326865, "7": 0.06083154061045796, "8": 0.03544307737125612, "9": 0.02995050472054243, "10": 0.07839045864982953, "11": 0.03578484934904736, "12": 0.019076190880911156, "start": 2.0, "end": 5.0}, "afternoon": {"13": 0.17000052953231812, "14": 0.18187101404833755, "3": 0.10206128621063086, "4": 0.07281804849481816, "5": 0.16526711554100984, "6": 0.05598724388598595, "7": 0.0468658073419027, "8": 0.027135151394363434, "9": 0.026869911466274456, "10": 0.07733582954118083, "11": 0.040869789068326515, "12": 0.032918273474851406, "start": 5.0, "end": 13.0}, "evening": {"13": 0.17000052953231812, "14": 0.18187101404833755, "15": 0.10206128621063086, "16": 0.07281804849481816, "17": 0.16526711554100984, "6": 0.05598724388598595, "19": 0.0468658073419027, "20": 0.027135151394363434, "21": 0.026869911466274456, "22": 0.07733582954118083, "11": 0.040869789068326515, "12": 0.032918273474851406, "start": 13.0, "end": 14.0}, "night": {"1": 0.1303336891036488, "14": 0.1903900567304457, "15": 0.08930968751005061, "16": 0.09541307738723978, "17": 0.16731706800613064, "18": 0.06781496582223431, "19": 0.05237989050645873, "20": 0.03242404182713249, "21": 0.02801193045441862, "22": 0.06855453685968046, "23": 0.04341898744542049, "24": 0.034632068347139326, "start": 14.0, "end": 1.0}}