{"start": {"morning": {"1": 0.0719388720291147, "2": 0.08506425387126867, "3": 0.03471028264085339, "4": 0.029728689691402133, "5": 0.06030793962185468, "6": 0.07368229538165084, "7": 0.10071257378302527, "8": 0.07600476805151894, "9": 0.060547296638625334, "10": 0.1444405276686684, "11": 0.12449716250200718, "12": 0.13836533812001045}, "noon": {"1": 0.5743570518359062, "2": 0.04731658935184581, "3": 0.04616415050358108, "4": 0.024937309493257922, "5": 0.04277943491095618, "6": 0.03207268894576967, "7": 0.036802006370416765, "8": 0.042890565261146506, "9": 0.033807687597458856, "10": 0.03859714644606031, "11": 0.03415634458214979, "12": 0.04611902470145091}, "afternoon": {"1": 0.0875731994230083, "2": 0.07487760844429668, "3": 0.042174004358814604, "4": 0.0, "5": 0.06961946767312134, "6": 0.06961087167857286, "7": 0.09652091561920749, "8": 0.09088391101691995, "9": 0.05219384737907955, "10": 0.14088117762289962, "11": 0.11093534579830658, "12": 0.16472965098577322}, "evening": {"1": 0.15447974878654355, "2": 0.08337849867331924, "3": 0.04800551751327286, "4": 0.0, "5": 0.06576639955386976, "6": 0.05957252754418414, "7": 0.08003362570318763, "8": 0.07862520121335362, "9": 0.05249686976757079, "10": 0.12488872995762763, "11": 0.1160825618723365, "12": 0.13667031941473406}, "night": {"1": 0.1877054092299284, "2": 0.06816770891438712, "3": 0.061361238536179315, "4": 0.045056234476913155, "5": 0.07509773531157357, "6": 0.06779661016949154, "7": 0.08241865281526192, "8": 0.06196136685290729, "9": 0.07668955158209559, "10": 0.08709342349513643, "11": 0.10470394561082173, "12": 0.08194812300530409}}, "end": {"morning": {"1": 0.07166777745887856, "2": 0.11088816443685294, "3": 0.0, "4": 0.0, "5": 0.06372877700007022, "6": 0.05615756662933644, "7": 0.08915882046719238, "8": 0.09449520493821234, "9": 0.07267262966679447, "10": 0.19791041887030072, "11": 0.11435899256785587, "12": 0.12896164796450607}, "noon": {"1": 0.6091147686700658, "2": 0.05433163432938965, "3": 0.06507523292343634, "4": 0.0, "5": 0.047181974741247336, "6": 0.026870329423610853, "7": 0.03660929350585306, "8": 0.0479221946679227, "9": 0.03165001123441645, "10": 0.027301507569611253, "11": 0.02579099042654908, "12": 0.02815206250789749}, "afternoon": {"1": 0.20192163018323642, "2": 0.0, "3": 0.0, "4": 0.0, "5": 0.0, "6": 0.0, "7": 0.0, "8": 0.1965878567100406, "9": 0.0, "10": 0.34663210002036315, "11": 0.0, "12": 0.2548584130863598}, "evening": {"1": 0.469358993519948, "2": 0.530641006480052, "3": 0.0, "4": 0.0, "5": 0.0, "6": 0.0, "7": 0.0, "8": 0.0, "9": 0.0, "10": 0.0, "11": 0.0, "12": 0.0}, "night": {"1": 1.0, "2": 0.0, "3": 0.0, "4": 0.0, "5": 0.0, "6": 0.0, "7": 0.0, "8": 0.0, "9": 0.0, "10": 0.0, "11": 0.0, "12": 0.0}}}