{"morning": {"1": 0.020976118081218128, "2": 0.0908391631938736, "3": 0.12903012623239762, "4": 0.07129925248566626, "5": 0.054334064982073146, "6": 0.11232236691616863, "7": 0.07130014763629869, "8": 0.06568277530199887, "9": 0.047332150085313454, "10": 0.15121000551342362, "11": 0.09016714112303281, "12": 0.0955066884485352}, "noon": {"1": 0.023125862312367892, "2": 0.12246998752480572, "3": 0.19679021206716188, "4": 0.07920519929169018, "5": 0.061125289603331336, "6": 0.06443626984635362, "7": 0.06017103782616022, "8": 0.05205111596358846, "9": 0.03430666846862748, "10": 0.13776779073233525, "11": 0.07635391323984485, "12": 0.09219665312373296}, "afternoon": {"1": 0.04704615912179143, "2": 0.09607343486267975, "3": 0.15339529611076358, "4": 0.09059488233481457, "5": 0.07322105096154041, "6": 0.0753451779970969, "7": 0.0775287142101477, "8": 0.07634132486827246, "9": 0.046175428188103065, "10": 0.12234834095063529, "11": 0.06705172632489789, "12": 0.07487846406925697}, "night": {"1": 0.019281317349833443, "2": 0.12128052390923276, "3": 0.15356451331994248, "4": 0.09356703313669722, "5": 0.07261373152103648, "6": 0.08913411237610777, "7": 0.10261739685404925, "8": 0.050324398880040644, "9": 0.03510213388182447, "10": 0.13642805602431174, "11": 0.06406397051125304, "12": 0.06202281223567074}}