{"morning": {"1": 0.020976118081218128, "2": 0.0908391631938736, "15": 0.12903012623239762, "16": 0.07129925248566626, "17": 0.054334064982073146, "6": 0.11232236691616863, "7": 0.07130014763629869, "8": 0.06568277530199887, "9": 0.047332150085313454, "10": 0.15121000551342362, "11": 0.09016714112303281, "12": 0.0955066884485352, "start": 6.0, "end": 10.0}, "noon": {"13": 0.023125862312367892, "14": 0.12246998752480572, "15": 0.19679021206716188, "16": 0.07920519929169018, "17": 0.061125289603331336, "18": 0.06443626984635362, "19": 0.06017103782616022, "20": 0.05205111596358846, "21": 0.03430666846862748, "10": 0.13776779073233525, "11": 0.07635391323984485, "12": 0.09219665312373296, "start": 10.0, "end": 15.0}, "afternoon": {"13": 0.04704615912179143, "14": 0.09607343486267975, "15": 0.15339529611076358, "16": 0.09059488233481457, "17": 0.07322105096154041, "18": 0.0753451779970969, "19": 0.0775287142101477, "20": 0.07634132486827246, "21": 0.046175428188103065, "22": 0.12234834095063529, "23": 0.06705172632489789, "24": 0.07487846406925697, "start": 15.0, "end": 22.0}, "night": {"1": 0.019281317349833443, "2": 0.12128052390923276, "3": 0.15356451331994248, "4": 0.09356703313669722, "5": 0.07261373152103648, "6": 0.08913411237610777, "7": 0.10261739685404925, "8": 0.050324398880040644, "21": 0.03510213388182447, "22": 0.13642805602431174, "23": 0.06406397051125304, "24": 0.06202281223567074, "start": 22.0, "end": 6.0}}