{"morning": {"1": 0.31964954073298096, "2": 0.10367820685919825, "3": 0.13152584627499786, "4": 0.10134317436175251, "5": 0.03809747123465987, "6": 0.02181332680973679, "7": 0.10705692676878863, "8": 0.01722815955423546, "9": 0.0339919600829432, "10": 0.028707404884236117, "11": 0.03736394248565628, "12": 0.059544039950813886}, "noon": {"1": 0.2774868604612878, "2": 0.07451238634838495, "3": 0.13402984194266415, "4": 0.07187134209801335, "5": 0.05273835381880913, "6": 0.03230895572373653, "7": 0.0838637495192004, "8": 0.02361340425770559, "9": 0.03182244939938224, "10": 0.06257639534326155, "11": 0.08463326599146279, "12": 0.07054299509609163}, "afternoon": {"1": 0.32212006186151493, "2": 0.07265815743815769, "3": 0.16558060820373594, "4": 0.08596359434273891, "5": 0.08300230805152696, "6": 0.01994154709359415, "7": 0.09059585929871096, "8": 0.008442059067798784, "9": 0.020766998756677996, "10": 0.04740765182809727, "11": 0.03706066933953725, "12": 0.046460484717909284}, "evening": {"1": 0.2852597214456248, "2": 0.10199571502084634, "3": 0.18194941222286307, "4": 0.11750106417950675, "5": 0.05544512359802765, "6": 0.02073614862031676, "7": 0.07625191864119696, "8": 0.013862548519223045, "9": 0.0394592179598438, "10": 0.029355223623933578, "11": 0.03834541435863382, "12": 0.0398384918099835}, "night": {"1": 0.3874935083772614, "2": 0.07985976771222494, "3": 0.1745408670942095, "4": 0.07283569653628583, "5": 0.03421851157540893, "6": 0.03017891264143933, "7": 0.07460521145362449, "8": 0.018743029710879867, "9": 0.035553695337608854, "10": 0.027097404352697946, "11": 0.031493787788489276, "12": 0.03337960741986965}}