{"morning": {"1": 0.2260941453169918, "2": 0.15734357568700238, "3": 0.136963561627155, "4": 0.1057565722737287, "5": 0.08002980803820994, "6": 0.04117397062612365, "7": 0.037287018044770824, "8": 0.03368245318184024, "9": 0.0354752051567541, "10": 0.06553139673867646, "11": 0.03407698074141967, "12": 0.04658531256732738}, "noon": {"1": 0.2769853193189305, "2": 0.16032984698118288, "3": 0.11887055750219959, "4": 0.09872179444513877, "5": 0.06985786641478049, "6": 0.042004069146386186, "7": 0.03948372708744706, "8": 0.029277083266320374, "9": 0.03430778393108653, "10": 0.050622219347976276, "11": 0.036848274466892095, "12": 0.0426914580916591}, "afternoon": {"1": 0.22478429365660396, "2": 0.1631671943678158, "3": 0.12926536190930357, "4": 0.11625565663641128, "5": 0.07281445304471265, "6": 0.04078835614643842, "7": 0.04056208434586382, "8": 0.0357036202320279, "9": 0.03153120245909857, "10": 0.05948757404433171, "11": 0.0359127852617412, "12": 0.049727417895651056}, "evening": {"1": 0.23656212117507902, "2": 0.19960467668093634, "3": 0.15192804298871215, "4": 0.09288725120223969, "5": 0.06407598201407072, "6": 0.03152184332213077, "7": 0.031573155014316415, "8": 0.02859729936599481, "9": 0.03036408990327368, "10": 0.056777162760132706, "11": 0.03988957202194895, "12": 0.036218803551164865}, "night": {"1": 0.2132752152182909, "2": 0.18819430092039913, "3": 0.1666928204285334, "4": 0.0983848403322406, "5": 0.08367742169342042, "6": 0.033387530158357895, "7": 0.03954355097677205, "8": 0.0340751895553913, "9": 0.03391869420607853, "10": 0.04860501980113851, "11": 0.023856406743119278, "12": 0.03638900996625806}}