{"morning": {"1": 0.2260941453169918, "2": 0.15734357568700238, "3": 0.136963561627155, "4": 0.1057565722737287, "17": 0.08002980803820994, "6": 0.04117397062612365, "7": 0.037287018044770824, "8": 0.03368245318184024, "21": 0.0354752051567541, "10": 0.06553139673867646, "11": 0.03407698074141967, "12": 0.04658531256732738, "start": 1.0, "end": 2.0}, "noon": {"13": 0.2769853193189305, "2": 0.16032984698118288, "3": 0.11887055750219959, "4": 0.09872179444513877, "5": 0.06985786641478049, "18": 0.042004069146386186, "7": 0.03948372708744706, "8": 0.029277083266320374, "9": 0.03430778393108653, "10": 0.050622219347976276, "11": 0.036848274466892095, "12": 0.0426914580916591, "start": 2.0, "end": 3.0}, "afternoon": {"13": 0.22478429365660396, "14": 0.1631671943678158, "3": 0.12926536190930357, "4": 0.11625565663641128, "5": 0.07281445304471265, "6": 0.04078835614643842, "7": 0.04056208434586382, "8": 0.0357036202320279, "9": 0.03153120245909857, "10": 0.05948757404433171, "11": 0.0359127852617412, "12": 0.049727417895651056, "start": 3.0, "end": 13.0}, "evening": {"13": 0.23656212117507902, "14": 0.19960467668093634, "15": 0.15192804298871215, "16": 0.09288725120223969, "17": 0.06407598201407072, "18": 0.03152184332213077, "19": 0.031573155014316415, "8": 0.02859729936599481, "21": 0.03036408990327368, "22": 0.056777162760132706, "23": 0.03988957202194895, "24": 0.036218803551164865, "start": 13.0, "end": 14.0}, "night": {"1": 0.2132752152182909, "14": 0.18819430092039913, "15": 0.1666928204285334, "16": 0.0983848403322406, "17": 0.08367742169342042, "18": 0.033387530158357895, "19": 0.03954355097677205, "20": 0.0340751895553913, "21": 0.03391869420607853, "22": 0.04860501980113851, "23": 0.023856406743119278, "24": 0.03638900996625806, "start": 14.0, "end": 1.0}}