{"start": {"morning": {"1": 0.24688599560501318, "2": 0.08221805908799035, "3": 0.10355260765414467, "4": 0.09482213182593313, "5": 0.10382458214822149, "6": 0.0431025389294271, "7": 0.05791048057494125, "8": 0.04394160629149953, "9": 0.049455915130312014, "10": 0.06414502560489714, "11": 0.04632343373693544, "12": 0.06381762341068473}, "noon": {"1": 0.10982365545846047, "2": 0.07689709896942223, "3": 0.10536891964475034, "4": 0.06304918089215424, "5": 0.090899086278467, "6": 0.06866787397885075, "7": 0.042864316197570744, "8": 0.036398194709522345, "9": 0.0621643769598256, "10": 0.1134991013907869, "11": 0.0972474656558104, "12": 0.13312072986437898}, "afternoon": {"1": 0.12630190366891705, "2": 0.1348129329030098, "3": 0.14203541286681606, "4": 0.08009182494471305, "5": 0.09915221679039725, "6": 0.050565161632747484, "7": 0.030378677091801573, "8": 0.029046830432785015, "9": 0.05387228929263881, "10": 0.07365167950063277, "11": 0.0824188245466118, "12": 0.09767224632892951}, "evening": {"1": 0.11593810780570651, "2": 0.07514234153733604, "3": 0.10240493242656108, "4": 0.0830145227353805, "5": 0.12576515201781563, "6": 0.06370163464803894, "7": 0.06589998775707451, "8": 0.04624919976738989, "9": 0.06613695151317059, "10": 0.11768803185670859, "11": 0.05746716440201638, "12": 0.08059197353280134}, "night": {"1": 0.5900122909376416, "2": 0.07243154969142487, "3": 0.08172126385422791, "4": 0.04856245674464235, "5": 0.03871051897986929, "6": 0.0, "7": 0.022168311354557615, "8": 0.021559593833474798, "9": 0.029436480159398554, "10": 0.018557804493643932, "11": 0.029457583796339663, "12": 0.047382146154779356}}, "end": {"morning": {"1": 0.18781523425187036, "2": 0.10504350133997618, "3": 0.12095809570140337, "4": 0.09531156122657417, "5": 0.07705945618920125, "6": 0.044601297418091365, "7": 0.03956434085319578, "8": 0.07130080854183221, "9": 0.06001679210123737, "10": 0.07002026933455484, "11": 0.055451782267439464, "12": 0.07285686077462364}, "noon": {"1": 0.12824072445852028, "2": 0.13206409597981286, "3": 0.13446934343460315, "4": 0.07902730280855587, "5": 0.10709510098658592, "6": 0.05944819570016065, "7": 0.03322125917605105, "8": 0.04825379543062975, "9": 0.06859839648566117, "10": 0.060810702715924786, "11": 0.06514179720507883, "12": 0.08362928561841566}, "afternoon": {"1": 0.20573537224234403, "2": 0.13803092257935398, "3": 0.11796002966153935, "4": 0.07261419919171733, "5": 0.08945911646561559, "6": 0.03565269690913098, "7": 0.030306592118346513, "8": 0.03696234604394183, "9": 0.0791071443567278, "10": 0.04646800092461045, "11": 0.06119593779785602, "12": 0.08650764170881614}, "evening": {"1": 0.12499582875465542, "2": 0.06974138191082435, "3": 0.07949240535827105, "4": 0.06222332404931742, "5": 0.09941085464131583, "6": 0.05805441528189713, "7": 0.05190995611337794, "8": 0.06063953548014604, "9": 0.09561344690704547, "10": 0.12501992091664688, "11": 0.07674627107112372, "12": 0.09615265951537874}, "night": {"1": 0.3141645741515295, "2": 0.16217077526492474, "3": 0.1783936796416347, "4": 0.08116209419906466, "5": 0.06131049702289545, "6": 0.02229982209272025, "7": 0.03353590367910829, "8": 0.03531641830613193, "9": 0.040949870931564804, "10": 0.016731091111307397, "11": 0.0252103103850311, "12": 0.028754963214087347}}}