{"before morning": {"1": 0.26317956273551324, "2": 0.06934463997656401, "3": 0.060324989297481445, "4": 0.03816456235661453, "5": 0.07247731717722265, "6": 0.06615281332198006, "7": 0.10272079037860855, "8": 0.06258777413846922, "9": 0.046702565973808396, "10": 0.07564413471859206, "11": 0.07914803199609027, "12": 0.0635528179290554}, "morning": {"1": 0.20534385892086432, "2": 0.07727430107505376, "3": 0.07160570889254342, "4": 0.04969809018988912, "5": 0.0869509062026439, "6": 0.07016674075898267, "7": 0.07991403140406003, "8": 0.05944370255206437, "9": 0.04976186568210197, "10": 0.09502543316600189, "11": 0.09088363908857486, "12": 0.06393172206721978}, "noon": {"1": 0.17447280408638002, "2": 0.06719268640185941, "3": 0.07400004890996481, "4": 0.06310255099416356, "5": 0.11552211476200547, "6": 0.07190452041016383, "7": 0.12049674379443705, "8": 0.07808996892175053, "9": 0.04208759426273428, "10": 0.0704470390685784, "11": 0.05724221932551776, "12": 0.0654417090624447}, "afternoon": {"1": 0.23966339309317147, "2": 0.08344383590344834, "3": 0.0698590698597296, "4": 0.04855766610470289, "5": 0.07644466901345295, "6": 0.06602642545970458, "7": 0.09294064507004496, "8": 0.0676290696434484, "9": 0.049776119939917124, "10": 0.07471931788012648, "11": 0.06752825022860419, "12": 0.063411537803649}, "evening": {"1": 0.26357869655255073, "2": 0.06710247453887636, "3": 0.07868768946582524, "4": 0.05089479470890287, "5": 0.0810220611660915, "6": 0.06792475733885943, "7": 0.08337871466362919, "8": 0.047081580568656675, "9": 0.03575264643571482, "10": 0.06861003117170547, "11": 0.08756234726043961, "12": 0.06840420612874813}, "night": {"1": 0.2668245868670916, "2": 0.07914860883856344, "3": 0.0862272033280455, "4": 0.05236522677801507, "5": 0.0721621783975349, "6": 0.07010792827356328, "7": 0.08313725426737757, "8": 0.05780261406360012, "9": 0.03912772334126841, "10": 0.07057781173532261, "11": 0.06487858438923658, "12": 0.057640279720380924}}