{"morning": {"1": 0.1711769733439302, "2": 0.06701586794471848, "3": 0.07726006505971734, "4": 0.04659019234521844, "5": 0.08793167946816627, "6": 0.103003942473525, "7": 0.06767689917438037, "8": 0.04867698786075142, "9": 0.04174458901284471, "10": 0.1529192449502818, "11": 0.07072499584900892, "12": 0.06527856251745717}, "noon": {"1": 0.06934116853678253, "2": 0.044568646511606774, "3": 0.02965576276139794, "4": 0.01791095749283833, "5": 0.0778648665850048, "6": 0.37605269956894116, "7": 0.07767474437773275, "8": 0.024972902634466748, "9": 0.06537447972395984, "10": 0.08727289257476539, "11": 0.057812328323518174, "12": 0.07149855090898556}, "afternoon": {"1": 0.15371432423873482, "2": 0.07225694303729299, "3": 0.09315255299685588, "4": 0.022403953085954553, "5": 0.06767408220728112, "6": 0.1859885665376078, "7": 0.08245395605674602, "8": 0.04259072699166161, "9": 0.04239001686267651, "10": 0.13463968973545237, "11": 0.05382524306287549, "12": 0.04890994518686083}, "evening": {"1": 0.30986315945458237, "2": 0.08446745370352234, "3": 0.09319826157124711, "4": 0.013991036814620847, "5": 0.0669366359507003, "6": 0.10630004507461213, "7": 0.02395769280693474, "8": 0.028379665845977935, "9": 0.04624619178070313, "10": 0.12784162877862398, "11": 0.06338745217867647, "12": 0.035430776039798474}, "night": {"1": 0.17335608575179556, "2": 0.07044075714242129, "3": 0.10616338849040333, "4": 0.06387484264668553, "5": 0.07301945415523697, "6": 0.165975792851581, "7": 0.06804438865059528, "8": 0.0307516396673991, "9": 0.032123018764364894, "10": 0.11935705044524261, "11": 0.04907506421756831, "12": 0.04781851721670615}}