{"start": {"morning": {"1": 0.07171823293371661, "2": 0.04131315101125092, "3": 0.07020851139647379, "4": 0.09818447828677093, "5": 0.12434914534096554, "6": 0.16258747736479895, "7": 0.031635135475500675, "8": 0.06858697012800821, "9": 0.03539520742603497, "10": 0.21749323811682264, "11": 0.0547078879291376, "12": 0.023820564590519153}, "noon": {"1": NaN, "2": NaN, "3": NaN, "4": NaN, "5": NaN, "6": NaN, "7": NaN, "8": NaN, "9": NaN, "10": NaN, "11": NaN, "12": NaN}, "afternoon": {"1": 0.03286775139708994, "2": 0.049075614856179374, "3": 0.08399551710168546, "4": 0.08108790183107079, "5": 0.10687884979489778, "6": 0.08825453559445924, "7": 0.05499951867888665, "8": 0.06439263363951125, "9": 0.06877425574374699, "10": 0.17174087209529285, "11": 0.1395847989070046, "12": 0.058347750360175095}, "evening": {"1": 0.09730040700541853, "2": 0.03905913781760535, "3": 0.09397510281036264, "4": 0.12137460975094402, "5": 0.11849344086164434, "6": 0.1010254419499626, "7": 0.03393222231389518, "8": 0.04936005455495879, "9": 0.04703321514416439, "10": 0.2085631878856899, "11": 0.06675966130095914, "12": 0.023123518604395234}, "night": {"1": 0.06560826551736268, "2": 0.054109548324680526, "3": 0.10004522668290701, "4": 0.14680333515816965, "5": 0.10594297058775934, "6": 0.12048751916756195, "7": 0.05035476093904174, "8": 0.0682333108360219, "9": 0.05358748754999646, "10": 0.13789252586046422, "11": 0.059776092342878236, "12": 0.037158957033156303}}, "end": {"morning": {"1": 0.06406032178014694, "2": 0.036727905168701044, "3": 0.06204126671146488, "4": 0.11646507232933079, "5": 0.07573772788119366, "6": 0.1584725431932176, "7": 0.03133885570122528, "8": 0.12969665292190072, "9": 0.03287552035282785, "10": 0.16016392565674023, "11": 0.09703905151730971, "12": 0.035381156785941295}, "noon": {"1": NaN, "2": NaN, "3": NaN, "4": NaN, "5": NaN, "6": NaN, "7": NaN, "8": NaN, "9": NaN, "10": NaN, "11": NaN, "12": NaN}, "afternoon": {"1": 0.03224490666285947, "2": 0.05897609801949057, "3": 0.07896594346935899, "4": 0.07423974571652396, "5": 0.09212371073132987, "6": 0.06366773211288866, "7": 0.05134414516512884, "8": 0.0720619349160385, "9": 0.06619115338920648, "10": 0.17768523997139796, "11": 0.14896035934799776, "12": 0.08353903049777892}, "evening": {"1": 0.049540527092089, "2": 0.022818230237031143, "3": 0.07836935913122084, "4": 0.1339954323106347, "5": 0.10263254446137045, "6": 0.03897483230525613, "7": 0.04074964377460249, "8": 0.07557209421295163, "9": 0.028858784882555905, "10": 0.258313762022174, "11": 0.13157540238657603, "12": 0.0385993871835377}, "night": {"1": 0.05505900700980006, "2": 0.04441799965723491, "3": 0.07813005810715229, "4": 0.10768502563519898, "5": 0.07595252812004955, "6": 0.06354228449277638, "7": 0.057181781980959426, "8": 0.09442533215620161, "9": 0.06336165297588887, "10": 0.17911997493683832, "11": 0.11677821980201983, "12": 0.06434613512587978}}}