{"morning": {"13": 0.04775415380822367, "2": 0.21919707856466092, "3": 0.1760980301975978, "16": 0.09192893169167879, "5": 0.06527140170760443, "18": 0.05119061510455634, "7": 0.10177819146940985, "8": 0.04695311979619665, "9": 0.02816965021214929, "10": 0.09056264172351022, "11": 0.03313495335120756, "12": 0.04796123237320451, "start": 2.0, "end": 3.0}, "noon": {"13": 0.03230866809508612, "14": 0.33738222713447946, "3": 0.190976143815929, "4": 0.0896998485620372, "5": 0.04989516417259626, "6": 0.03564910767686307, "7": 0.10179499702490265, "8": 0.029494662918269153, "9": 0.01780165382705142, "10": 0.05390790127476836, "11": 0.020038316759451613, "12": 0.04105130873856582, "start": 3.0, "end": 7.0}, "afternoon": {"13": 0.023558499207440728, "14": 0.4555543325996087, "3": 0.13705334517298548, "4": 0.046815341790995946, "17": 0.03077068053538119, "6": 0.046368645933314113, "7": 0.09917728249449213, "8": 0.03923131589242541, "9": 0.014434903829475002, "10": 0.04955232787495863, "11": 0.025221710851009178, "12": 0.03226161381791334, "start": 7.0, "end": 14.0}, "evening": {"13": 0.02210369615420712, "14": 0.38008291846373843, "15": 0.16495805038710704, "16": 0.07559152342520366, "17": 0.05956521216672598, "18": 0.02850057798671334, "19": 0.09782732539468787, "20": 0.03282132492637436, "21": 0.030052359575106824, "22": 0.06430172785405429, "23": 0.013964807237363805, "24": 0.03023047642871731, "start": 14.0, "end": 15.0}, "night": {"1": 0.016710400001635112, "2": 0.3733263350849275, "15": 0.1743593927667223, "16": 0.07481065505520719, "17": 0.05158109372684949, "18": 0.024259484698390003, "19": 0.12952119020109604, "20": 0.04486410169676281, "21": 0.02109581067229048, "22": 0.052246808838155676, "23": 0.009207307889864937, "24": 0.02801741936809857, "start": 15.0, "end": 2.0}}