{"morning": {"13": 0.047349105946005506, "2": 0.2445859265076064, "3": 0.1913342146934202, "4": 0.09375792494374041, "5": 0.06095141880610526, "6": 0.04158265946857925, "7": 0.1161724982665469, "8": 0.027921859017313665, "9": 0.011425491897485106, "10": 0.09936488944660105, "11": 0.023159484258614232, "12": 0.04239452674798198, "start": 2.0, "end": 13.0}, "noon": {"13": 0.017157691720358484, "14": 0.426585995405029, "15": 0.22604346720695517, "16": 0.08057316720207351, "17": 0.03364744170593306, "18": 0.01526269616031058, "19": 0.09123083964428216, "20": 0.02576727643682724, "21": 0.007772375057622084, "22": 0.038184289476885194, "11": 0.018144883428530552, "12": 0.019629876555193, "start": 13.0, "end": 14.0}, "afternoon": {"13": 0.007384752637279994, "14": 0.553261819493811, "15": 0.15990304474122818, "16": 0.02353023988457594, "17": 0.01573298974909729, "18": 0.03355669765718339, "7": 0.1025524681745111, "20": 0.03434696811973307, "21": 0.004657823866000001, "22": 0.028713265834936403, "23": 0.019682679863406518, "12": 0.01667724997823709, "start": 14.0, "end": 15.0}, "evening": {"13": 0.015865149060064622, "14": 0.4276101519304314, "15": 0.17180804265674393, "16": 0.07611360753095217, "17": 0.06030473041438007, "18": 0.015925907859575858, "19": 0.10865811947439573, "8": 0.02228639217616012, "21": 0.020533901896638274, "22": 0.060729097851948924, "23": 0.009505349317459428, "24": 0.010659549831249353, "start": 15.0, "end": 19.0}, "night": {"1": 0.007827451772091027, "2": 0.41773103786638144, "3": 0.18623712917595237, "16": 0.08212415744219036, "17": 0.04357184092219845, "18": 0.012324881593600491, "19": 0.14166400295769374, "20": 0.03593147688024731, "21": 0.010180381752744163, "22": 0.03880660799002906, "23": 0.007626725456388467, "24": 0.01597430619048295, "start": 19.0, "end": 2.0}}