{"start": {"morning": {"1": 0.02468480428233906, "2": 0.06126534875978124, "3": 0.03494106865286112, "4": 0.021676051416489962, "5": 0.03916924490995396, "6": 0.051328549867735024, "7": 0.0940694113748771, "8": 0.046249460365946085, "9": 0.06186184302142521, "10": 0.21447707046933745, "11": 0.14695176437905, "12": 0.2033253825002038}, "noon": {"1": 0.009809400570565523, "2": 0.034116341807908165, "3": 0.017033172629815584, "4": 0.013430967099541155, "5": 0.02662134372722441, "6": 0.03841176818373724, "7": 0.0867188259104519, "8": 0.05142498794350124, "9": 0.051274191509025346, "10": 0.23423240783748214, "11": 0.16248480917155625, "12": 0.2744417836091911}, "afternoon": {"1": 0.021629820168185508, "2": 0.15178152055850108, "3": 0.030216022593176614, "4": 0.015248600096014713, "5": 0.021541615904034372, "6": 0.04020606138061146, "7": 0.08250454998145365, "8": 0.04416861926025718, "9": 0.04340106774693069, "10": 0.1698523930326492, "11": 0.13942074499543175, "12": 0.2400289842827538}, "evening": {"1": 0.012103890743701537, "2": 0.33880386501304044, "3": 0.10830968201476265, "4": 0.025005600957679088, "5": 0.030536267769461566, "6": 0.08975701390557199, "7": 0.12541473354759572, "8": 0.04225168976001949, "9": 0.046652943000195575, "10": 0.07035003932023107, "11": 0.05185065725263729, "12": 0.05896361671510361}, "night": {"1": 0.020006180264630614, "2": 0.14822530053692828, "3": 0.06639776487241969, "4": 0.02103157914533321, "5": 0.03602016202056787, "6": 0.051497457756608675, "7": 0.1234080836071053, "8": 0.040844100070714706, "9": 0.03786143122314629, "10": 0.24067841939499127, "11": 0.10481604614098003, "12": 0.10921347496657406}}, "end": {"morning": {"1": 0.013721545198254472, "2": 0.10203610055426243, "3": 0.029228628969064602, "4": 0.03663836067239401, "5": 0.0775271626025639, "6": 0.035739794630715326, "7": 0.08377769098546439, "8": 0.09485384989901302, "9": 0.051374012642556775, "10": 0.2852225340809432, "11": 0.045461940613748066, "12": 0.14441837915101977}, "noon": {"1": 0.0100663403419268, "2": 0.11516182966403739, "3": 0.037071702087323605, "4": 0.029606215106076375, "5": 0.04916488433319684, "6": 0.03439700828112821, "7": 0.07552546955432606, "8": 0.057916148543037685, "9": 0.04335648433583272, "10": 0.295869412051763, "11": 0.06534049477390345, "12": 0.18652401092744803}, "afternoon": {"1": 0.01818156819574025, "2": 0.30169463758749854, "3": 0.0507017475744157, "4": 0.021418957984248994, "5": 0.03424521105929974, "6": 0.023843937071902393, "7": 0.10506802471346917, "8": 0.058730164323096995, "9": 0.039074338502269504, "10": 0.1943858589581615, "11": 0.043080200319514976, "12": 0.10957535371038243}, "evening": {"1": 0.008319763272045042, "2": 0.15559833174442547, "3": 0.031433342325159624, "4": 0.023102221305039954, "5": 0.06759205829107327, "6": 0.031609282144579386, "7": 0.09267053152094566, "8": 0.06552809137420822, "9": 0.035417393177347045, "10": 0.2728116848981421, "11": 0.06513913963658169, "12": 0.1507781603104527}, "night": {"1": 0.006751692895450795, "2": 0.30457680014673916, "3": 0.0990853893592382, "4": 0.04891717214748318, "5": 0.05676155160048074, "6": 0.024589482728660562, "7": 0.1240688060846139, "8": 0.06689988342919344, "9": 0.04917904489379736, "10": 0.1493812146503632, "11": 0.019685635469423472, "12": 0.05010332659455578}}}