{"morning": {"1": 0.2096018449954132, "2": 0.04670596865550676, "3": 0.06901094672715392, "4": 0.17848224427233184, "5": 0.0549460168527388, "6": 0.08568249547354552, "7": 0.09723777859258274, "8": 0.07692333595293564, "9": 0.08870949808309768, "10": 0.0316495905590528, "11": 0.03247529794221039, "12": 0.028574981893430672}, "noon": {"1": 0.21066522817151592, "2": 0.06129831823800617, "3": 0.06898943702800643, "4": 0.10862333716548937, "5": 0.038685143316056055, "6": 0.040997856940612705, "7": 0.07501257490438347, "8": 0.1358226044552283, "9": 0.0852049949393926, "10": 0.0493626860922489, "11": 0.03741768535005952, "12": 0.08792013339900052}, "afternoon": {"1": 0.2538125984481424, "2": 0.06344627360504544, "3": 0.0808570898625612, "4": 0.10046910341141635, "5": 0.05827159795161709, "6": 0.04964058688750041, "7": 0.07608696927855037, "8": 0.0888658973531414, "9": 0.07842412442145119, "10": 0.05199814085667587, "11": 0.02827514993676089, "12": 0.06985246798713732}, "evening": {"1": 0.20494305871899773, "2": 0.07930478931686408, "3": 0.08169156944938288, "4": 0.17331105410337572, "5": 0.04387466633415844, "6": 0.05125787101400785, "7": 0.08830688168297197, "8": 0.09869008468178447, "9": 0.06777776564871613, "10": 0.025093093081259385, "11": 0.019470875266228076, "12": 0.06627829070225331}, "night": {"1": 0.24894819240467828, "2": 0.07224435372666585, "3": 0.09242950163840702, "4": 0.12255179573119764, "5": 0.04714850733456816, "6": 0.06596312051270174, "7": 0.08571847422394137, "8": 0.11360837306207956, "9": 0.06005962508813781, "10": 0.02398399664372882, "11": 0.01492224340822295, "12": 0.052421816225670784}}