{"morning": {"1": 0.208538969171343, "2": 0.046516355555580355, "3": 0.06881545150389771, "4": 0.17792394020829919, "5": 0.054779389257428604, "6": 0.08586917023522335, "7": 0.09807513818074608, "8": 0.07710327491219766, "9": 0.08953493203300528, "10": 0.03198077777565061, "11": 0.032398679089045646, "12": 0.02846392207758246}, "noon": {"1": 0.19692979598977373, "2": 0.0610465496090921, "3": 0.06850717491393961, "4": 0.1109202286603596, "5": 0.04093991713039538, "6": 0.04302129083925267, "7": 0.07898932423783601, "8": 0.13195525666293498, "9": 0.0871613948878969, "10": 0.05398699507087643, "11": 0.038821354192210195, "12": 0.08772071780543238}, "afternoon": {"1": 0.2353840600970017, "2": 0.06417700672684237, "3": 0.08152299350941727, "4": 0.10053355796645824, "5": 0.06257897927649435, "6": 0.053093278037155946, "7": 0.07972034913709661, "8": 0.09003910625952512, "9": 0.08179507879155372, "10": 0.05356230372985816, "11": 0.029523568359324077, "12": 0.06806971810927258}, "evening": {"1": 0.20201703878300206, "2": 0.07909903792577126, "3": 0.08258028386861795, "4": 0.17298168632132582, "5": 0.044519092262661784, "6": 0.0514505428630528, "7": 0.08787365424124512, "8": 0.09895531909629454, "9": 0.06811883921304479, "10": 0.026670844199178586, "11": 0.020058009122182804, "12": 0.06567565210362239}, "night": {"1": 0.24659978911104835, "2": 0.07332590432050624, "3": 0.091163955286316, "4": 0.12303232379466428, "5": 0.047054351707126095, "6": 0.06526667973769774, "7": 0.08526058866561209, "8": 0.11233278344884084, "9": 0.060194814185311626, "10": 0.027152349410785193, "11": 0.01567733560619646, "12": 0.05293912472589501}}