{"start": {"morning": {"1": 0.7527566673196875, "2": 0.030000674795134158, "3": 0.03326600905913039, "4": 0.017117066947802594, "5": 0.04483685911059638, "6": 0.01570979457705574, "7": 0.014638448684936098, "8": 0.041532968799646845, "9": 0.0, "10": 0.014602098317887334, "11": 0.012024802795257092, "12": 0.02351460959286567}, "noon": {"1": 0.14855962360509153, "2": 0.07326526543405602, "3": 0.09320320280872026, "4": 0.050220492414470366, "5": 0.09136312465494517, "6": 0.07898664064771875, "7": 0.07269046805907278, "8": 0.09388680166604031, "9": 0.07373877265496916, "10": 0.08616148439851429, "11": 0.05401403122588406, "12": 0.08391009243051713}, "afternoon": {"1": 0.48397770702134185, "2": 0.042316363000440886, "3": 0.0748576498966119, "4": 0.051836360436094485, "5": 0.05989993832524228, "6": 0.04058392069802748, "7": 0.045019604375175735, "8": 0.048253872014423674, "9": 0.029727390178540255, "10": 0.039925779152492825, "11": 0.03531420312979975, "12": 0.048287211771808856}, "evening": {"1": 0.3543856225180562, "2": 0.06597013250168678, "3": 0.07001254815943919, "4": 0.06768192955308415, "5": 0.06768213071112461, "6": 0.058522050843749174, "7": 0.0682448098320633, "8": 0.08201804653048225, "9": 0.03470866187030785, "10": 0.030023817095228455, "11": 0.03069402752207182, "12": 0.07005622286270638}, "night": {"1": 0.3389892035140983, "2": 0.07935758037370887, "3": 0.0747516217439018, "4": 0.050655673643313026, "5": 0.06515195254096887, "6": 0.06319734664703273, "7": 0.0680947220715939, "8": 0.11061384581569529, "9": 0.029669367219794154, "10": 0.03811599803158597, "11": 0.026190145576431807, "12": 0.05521254282187533}}, "end": {"morning": {"1": 0.7700194708841821, "2": 0.04803735351073631, "3": 0.034170762104278926, "4": 0.01106292027764407, "5": 0.028980772130135876, "6": 0.01606411034852106, "7": 0.012684026623756037, "8": 0.06308474805694984, "9": 0.0, "10": 0.015895836063795896, "11": 0.0, "12": 0.0}, "noon": {"1": 0.17061197603178901, "2": 0.09162251613382605, "3": 0.10190251758041598, "4": 0.04487826295702077, "5": 0.07366974133657184, "6": 0.07142225413469176, "7": 0.07060719309786131, "8": 0.1279966946533183, "9": 0.06893823997103268, "10": 0.07669791028465667, "11": 0.030271664790958056, "12": 0.07138102902785774}, "afternoon": {"1": 0.478404899606525, "2": 0.06422276663609262, "3": 0.07425431514912599, "4": 0.04605203299336526, "5": 0.050127655402925526, "6": 0.038248379000038434, "7": 0.04027405432461201, "8": 0.08474014500577332, "9": 0.028770163250578892, "10": 0.03306705116077703, "11": 0.020841484710177553, "12": 0.04099705276000853}, "evening": {"1": 0.43419456394623157, "2": 0.07383616279733239, "3": 0.05709499761634176, "4": 0.040752587709512664, "5": 0.04112871395437229, "6": 0.050253396837225905, "7": 0.061616141551948396, "8": 0.1437745044151296, "9": 0.023960107290156886, "10": 0.01813132445358218, "11": 0.007951463484240329, "12": 0.047306035943926225}, "night": {"1": 0.5122384910805841, "2": 0.0877781491839385, "3": 0.04827156178093525, "4": 0.022627415949723298, "5": 0.0289851743512765, "6": 0.03924311277034752, "7": 0.04483387599439799, "8": 0.15754628458043934, "9": 0.013580064033245055, "10": 0.024274486052478485, "11": 0.003535730763256578, "12": 0.017085653459377306}}}