{"start": {"morning": {"1": 0.15353632023544278, "2": 0.030407850576009025, "3": 0.06135355140810386, "4": 0.08285064292096991, "5": 0.07925359072252501, "6": 0.06652062450151788, "7": 0.1235683266630225, "8": 0.11193560260471762, "9": 0.1268782119629564, "10": 0.04691227783057737, "11": 0.050808407740545763, "12": 0.06597459283361186}, "noon": {"1": 0.15662224646558376, "2": 0.08534105991678659, "3": 0.08700410481695753, "4": 0.14971618499696066, "5": 0.09760524497759357, "6": 0.021170504046705688, "7": 0.10462409895288688, "8": 0.14789106040132743, "9": 0.07197597015037263, "10": 0.028009717166998196, "11": 0.01707303917091525, "12": 0.03296676893691178}, "afternoon": {"1": 0.13019302923591838, "2": 0.055803603214128375, "3": 0.0751759638055303, "4": 0.14005136008160537, "5": 0.10778513766362233, "6": 0.05055494019488333, "7": 0.08970121124613573, "8": 0.12741800561436945, "9": 0.07417394162910708, "10": 0.06152987360476313, "11": 0.03371073250960825, "12": 0.05390220120032829}, "evening": {"1": 0.08039942795667744, "2": 0.029575235471764463, "3": 0.05444915802293371, "4": 0.05763426959396098, "5": 0.0594838287662019, "6": 0.07165477653079472, "7": 0.1376792253092197, "8": 0.15078816730177222, "9": 0.16242887743724704, "10": 0.061618853305986654, "11": 0.06338071334777241, "12": 0.07090746695566874}, "night": {"1": 0.13091112953175704, "2": 0.0, "3": 0.0, "4": 0.07728796945696402, "5": 0.0, "6": 0.0, "7": 0.17495689906944853, "8": 0.17516099318142467, "9": 0.1655484248961452, "10": 0.07330175852592156, "11": 0.11088647422367758, "12": 0.09194635111466141}}, "end": {"morning": {"1": 0.10123193065120585, "2": 0.0351902439669385, "3": 0.06952422180902752, "4": 0.059373773079897, "5": 0.061229409628800927, "6": 0.057060113329672354, "7": 0.1388778059081021, "8": 0.13416361993843678, "9": 0.13582576940061186, "10": 0.0586786294854366, "11": 0.06866438969851589, "12": 0.0801800931033546}, "noon": {"1": 0.0, "2": 0.0, "3": 0.0, "4": 0.5051675461501995, "5": 0.0, "6": 0.0, "7": 0.0, "8": 0.4948324538498005, "9": 0.0, "10": 0.0, "11": 0.0, "12": 0.0}, "afternoon": {"1": 0.0, "2": 0.0, "3": 0.0, "4": 0.0, "5": 0.0, "6": 0.0, "7": 0.3044663491424029, "8": 0.42299983289073534, "9": 0.2725338179668617, "10": 0.0, "11": 0.0, "12": 0.0}, "evening": {"1": 0.05593913521849998, "2": 0.030733227566198416, "3": 0.05217746755416279, "4": 0.042877282174710575, "5": 0.04310633256183291, "6": 0.051636901782758045, "7": 0.13309722202880245, "8": 0.17040139870432036, "9": 0.14823788367905336, "10": 0.08134937090326594, "11": 0.08478727222057067, "12": 0.10565650560582453}, "night": {"1": 0.17232591983386492, "2": 0.0, "3": 0.0, "4": 0.0, "5": 0.0, "6": 0.0, "7": 0.21635949833841187, "8": 0.2164909788573271, "9": 0.23824934793598904, "10": 0.0, "11": 0.15657425503440706, "12": 0.0}}}