{"morning": {"1": 0.18720604650368303, "2": 0.23361079777888344, "15": 0.17440863515531507, "4": 0.04922711247174634, "5": 0.08641067862903283, "6": 0.02507172857098784, "7": 0.03477603138981518, "20": 0.038021209673668024, "9": 0.023665507143050046, "10": 0.08784749991600105, "11": 0.025741825777082516, "12": 0.03401292699073465, "start": 1.0, "end": 2.0}, "noon": {"13": 0.17269182583734957, "2": 0.2409196252786261, "3": 0.10512925504891728, "4": 0.05813278029198946, "5": 0.06594931591603635, "6": 0.031139260410836183, "7": 0.06049592147441026, "8": 0.05193322612650851, "21": 0.03451779694926776, "10": 0.08188416144539218, "11": 0.03798070564612465, "12": 0.0592261255745419, "start": 2.0, "end": 3.0}, "afternoon": {"13": 0.24807535372315237, "14": 0.22152637246774237, "3": 0.1701256352501183, "4": 0.07109476260859797, "5": 0.07290257333260887, "6": 0.027198337376914083, "7": 0.030252731916358556, "8": 0.03061297460432777, "9": 0.025513914519135428, "10": 0.05328850762614631, "11": 0.02168866426651463, "12": 0.02772017230838334, "start": 3.0, "end": 13.0}, "evening": {"13": 0.2377151748270135, "14": 0.2412223065396934, "15": 0.14414781970318366, "4": 0.05745937155077737, "17": 0.07384315822932024, "18": 0.03162797604087238, "19": 0.0307844607103203, "20": 0.03394228400566536, "21": 0.027069380141513954, "22": 0.06229115578098361, "23": 0.02400136116641416, "12": 0.035895551304242136, "start": 13.0, "end": 14.0}, "night": {"1": 0.23394252917520794, "14": 0.2531320886970897, "15": 0.16155594951712, "16": 0.052483270768676885, "17": 0.05489040030495691, "18": 0.02540005187673126, "19": 0.030824245496512404, "20": 0.028285577014999477, "21": 0.021009509953652514, "22": 0.061974861974736506, "23": 0.03614782849069895, "24": 0.04035368672961733, "start": 14.0, "end": 1.0}}