{"morning": {"1": 0.1435765645825937, "2": 0.0630374059482161, "3": 0.1250566540154402, "4": 0.02798925433438245, "5": 0.06129663798944154, "6": 0.10668285822015969, "7": 0.14347331472788608, "8": 0.02111244701026834, "9": 0.030429417338249644, "10": 0.16710791031693376, "11": 0.04820810930700526, "12": 0.0620294262094233}, "noon": {"1": 0.020763117182785232, "2": 0.33085250904685165, "3": 0.0744239544580684, "4": 0.0439641099454702, "5": 0.05063150302716306, "6": 0.0791737752498281, "7": 0.08954766813242634, "8": 0.044111634958384015, "9": 0.027595632064140223, "10": 0.1299156257945058, "11": 0.05951380334627483, "12": 0.04950666679410215}, "afternoon": {"1": 0.07280382306955271, "2": 0.0761424907273506, "3": 0.09749948683494776, "4": 0.060618744997924336, "5": 0.0724046346146472, "6": 0.1001665188803658, "7": 0.13871823145066467, "8": 0.050297107494603276, "9": 0.028367638859869416, "10": 0.163954893534572, "11": 0.06311357907319216, "12": 0.0759128504623101}, "night": {"1": 0.021226566133080448, "2": 0.09152532220365651, "3": 0.07854337617934258, "4": 0.041296574213189906, "5": 0.058433363223710066, "6": 0.07383654164634332, "7": 0.1531528529188176, "8": 0.040877768373492315, "9": 0.02149165275333235, "10": 0.24105078801335608, "11": 0.07325528312216212, "12": 0.10530991121951672}}