{"start": {"morning": {"1": 0.02759517373403052, "2": 0.021416223402369435, "3": 0.01780071349322619, "4": 0.01317425785397418, "5": 0.025739505330612186, "6": 0.06433199984867434, "7": 0.059372260828492035, "8": 0.052109837022646634, "9": 0.02166662018971293, "10": 0.2730630490772325, "11": 0.19143236187380558, "12": 0.23229799734522347}, "noon": {"1": 0.03241174848532827, "2": 0.016118915890820075, "3": 0.013918933682265391, "4": 0.018947228349760818, "5": 0.028538513882696872, "6": 0.07425710367919801, "7": 0.052833506997199735, "8": 0.048093812261998936, "9": 0.02737670521402456, "10": 0.20901246966150422, "11": 0.24500803244085936, "12": 0.23348302945434377}, "afternoon": {"1": 0.04468095689130567, "2": 0.04640196322351674, "3": 0.04036032611052828, "4": 0.031095024074905567, "5": 0.04380206541269267, "6": 0.12017516862556978, "7": 0.08801538698583705, "8": 0.07426355509892778, "9": 0.02535620074862757, "10": 0.16655266194952467, "11": 0.157520594327848, "12": 0.16177609655071637}, "night": {"1": 0.02840936771565954, "2": 0.026961309387482212, "3": 0.028519329370893916, "4": 0.020761267033212905, "5": 0.03858820225158423, "6": 0.06825678712311044, "7": 0.052092850058275915, "8": 0.05131631790500618, "9": 0.023860242703643945, "10": 0.2626217668900011, "11": 0.18275690187297056, "12": 0.21585565768815904}}, "end": {"morning": {"1": 0.01764568479815585, "2": 0.021063636182476978, "3": 0.01786721024032282, "4": 0.012317915811684236, "5": 0.02340661104406314, "6": 0.06286306105597496, "7": 0.03824865170536633, "8": 0.05261775750917033, "9": 0.022869451312533748, "10": 0.24488559002072935, "11": 0.22842737622202602, "12": 0.25778705409749625}, "noon": {"1": 0.019867298536313038, "2": 0.011067249174611566, "3": 0.008760819266757808, "4": 0.017817713640824875, "5": 0.027325641555617675, "6": 0.0654183845703351, "7": 0.02761414840531822, "8": 0.05878845507988238, "9": 0.02678344422830313, "10": 0.15993896326873508, "11": 0.2765271837537334, "12": 0.30009069851956766}, "afternoon": {"1": 0.032280767975053366, "2": 0.03248689287373827, "3": 0.03153428969672758, "4": 0.022955683400233788, "5": 0.03834759801162112, "6": 0.08939212026164906, "7": 0.06821261116175445, "8": 0.07603225809578153, "9": 0.037542034648624795, "10": 0.18317860379908824, "11": 0.196130673424717, "12": 0.1919064666510108}, "night": {"1": 0.011502308646291134, "2": 0.019590706214419957, "3": 0.020010682956847426, "4": 0.01254006117026703, "5": 0.029662722208384597, "6": 0.04583288220339195, "7": 0.023512261491844245, "8": 0.03896104214699966, "9": 0.017822679968993088, "10": 0.31800318524635895, "11": 0.2213716286491551, "12": 0.24118983909704683}}}