{"morning": {"1": 0.4104644706492985, "2": 0.09336535783104098, "3": 0.11723222811923624, "4": 0.039266443528515715, "5": 0.04865056786507369, "6": 0.016898894005210257, "7": 0.044304043096521195, "8": 0.02807963074239663, "9": 0.017342693865729647, "10": 0.0985261094142087, "11": 0.03623427567843742, "12": 0.049635285204331046}, "noon": {"1": 0.5339414126020448, "2": 0.097639329585441, "3": 0.11270199299574543, "4": 0.019459252522566778, "5": 0.09518040803512004, "6": 0.01021167624705493, "7": 0.010056667420761056, "8": 0.007120401667585788, "9": 0.005372083922856982, "10": 0.09757661048838426, "11": 0.004655285095870935, "12": 0.006084879416568083}, "afternoon": {"1": 0.33836217235611676, "2": 0.13766856747395706, "3": 0.21964344892719362, "4": 0.07622106873742683, "5": 0.08847153906749357, "6": 0.011584437322908293, "7": 0.02018328996429084, "8": 0.009759097096604958, "9": 0.008069651364141419, "10": 0.06830258685220021, "11": 0.008810799273703153, "12": 0.012923341563963391}, "evening": {"1": 0.5838268189978721, "2": 0.05856682989796365, "3": 0.06472261057094222, "4": 0.024431409869670122, "5": 0.042384319860333565, "6": 0.01643553643655532, "7": 0.033292328207207324, "8": 0.0237300302833639, "9": 0.013986425114246826, "10": 0.0753544013235076, "11": 0.024793849367044336, "12": 0.03847544007129305}, "night": {"1": 0.31077024069840137, "2": 0.1417890398705979, "3": 0.25811499617588474, "4": 0.04457446650889052, "5": 0.060253801934566656, "6": 0.01955691534199636, "7": 0.020957709730265547, "8": 0.0140930072695046, "9": 0.012024586578371452, "10": 0.07962144767681249, "11": 0.01559728302039665, "12": 0.02264650519431192}}