{"start": {"morning": {"1": 1.0, "2": 0.0, "3": 0.0, "4": 0.0, "5": 0.0, "6": 0.0, "7": 0.0, "8": 0.0, "9": 0.0, "10": 0.0, "11": 0.0, "12": 0.0}, "noon": {"1": 0.4978962626750439, "2": 0.0, "3": 0.0, "4": 0.0, "5": 0.2193060694481258, "6": 0.0, "7": 0.0, "8": 0.0, "9": 0.0, "10": 0.2827976678768303, "11": 0.0, "12": 0.0}, "afternoon": {"1": NaN, "2": NaN, "3": NaN, "4": NaN, "5": NaN, "6": NaN, "7": NaN, "8": NaN, "9": NaN, "10": NaN, "11": NaN, "12": NaN}, "evening": {"1": 0.24066967776119452, "2": 0.06009974591488799, "3": 0.05964173599207035, "4": 0.054688361049671876, "5": 0.12351228413256972, "6": 0.09408060988200871, "7": 0.06918879769242728, "8": 0.0, "9": 0.0, "10": 0.1529629639757241, "11": 0.0732700509623327, "12": 0.07188577263711275}, "night": {"1": 0.1891667717832581, "2": 0.0, "3": 0.07009471307878191, "4": 0.08057305738320827, "5": 0.18820624563185107, "6": 0.09490929552047452, "7": 0.07629835868920506, "8": 0.0, "9": 0.046355452235519, "10": 0.13081760577942017, "11": 0.06747499556059428, "12": 0.056103504337687765}}, "end": {"morning": {"1": 1.0, "2": 0.0, "3": 0.0, "4": 0.0, "5": 0.0, "6": 0.0, "7": 0.0, "8": 0.0, "9": 0.0, "10": 0.0, "11": 0.0, "12": 0.0}, "noon": {"1": 0.3509912553741712, "2": 0.0, "3": 0.0, "4": 0.0, "5": 0.37640819477950316, "6": 0.2726005498463256, "7": 0.0, "8": 0.0, "9": 0.0, "10": 0.0, "11": 0.0, "12": 0.0}, "afternoon": {"1": NaN, "2": NaN, "3": NaN, "4": NaN, "5": NaN, "6": NaN, "7": NaN, "8": NaN, "9": NaN, "10": NaN, "11": NaN, "12": NaN}, "evening": {"1": 0.40969559289741353, "2": 0.0, "3": 0.17728992608782507, "4": 0.0, "5": 0.22634016543406835, "6": 0.18667431558069303, "7": 0.0, "8": 0.0, "9": 0.0, "10": 0.0, "11": 0.0, "12": 0.0}, "night": {"1": 0.44673229745047033, "2": 0.0, "3": 0.19137635326178498, "4": 0.16958685500504914, "5": 0.19230449428269558, "6": 0.0, "7": 0.0, "8": 0.0, "9": 0.0, "10": 0.0, "11": 0.0, "12": 0.0}}}