{"morning": {"1": 0.24717515195349388, "2": 0.23331621591012336, "3": 0.1394417078362331, "4": 0.047987556843662814, "5": 0.1455964289443575, "6": 0.024100247278394143, "7": 0.034640238380106096, "8": 0.028130284600677985, "9": 0.020528016561645983, "10": 0.03074117531223466, "11": 0.023665375072770663, "12": 0.024677601306299816}, "noon": {"1": 0.2611365503621604, "2": 0.2922343487046516, "3": 0.06588076389444288, "4": 0.05983572681911819, "5": 0.06486602019526554, "6": 0.031673482593615535, "7": 0.039772449249709185, "8": 0.038486071953748334, "9": 0.033595738136660905, "10": 0.049626115813614716, "11": 0.03224537189557581, "12": 0.030647360381437064}, "afternoon": {"1": 0.2597316145811932, "2": 0.3068176157966018, "3": 0.07357007502125931, "4": 0.060877069884498286, "5": 0.06255985958670238, "6": 0.028494864637256635, "7": 0.03360216391343361, "8": 0.03168597682703229, "9": 0.03175710631890046, "10": 0.053007937258514076, "11": 0.03314957202012557, "12": 0.024746144154482577}, "evening": {"1": 0.4350312677157319, "2": 0.09434915529170695, "3": 0.05854705578967814, "4": 0.06733856757079404, "5": 0.08035101541104603, "6": 0.04433350357968028, "7": 0.04561143670114404, "8": 0.040892594886872836, "9": 0.03163320855902, "10": 0.0456169307300148, "11": 0.026854092776708863, "12": 0.029441170987602083}, "night": {"1": 0.631371190535648, "2": 0.14272096911827867, "3": 0.10670543199681888, "4": 0.01952409322823052, "5": 0.025106215908491204, "6": 0.009207640478196742, "7": 0.010089090210730206, "8": 0.010460721053845275, "9": 0.01029158832332968, "10": 0.014701431240219937, "11": 0.010462573561280991, "12": 0.009359054344930033}}