{"morning": {"1": 0.3859720174767027, "2": 0.13128403416908735, "15": 0.15774877741294402, "4": 0.041809634856508154, "5": 0.058244292863010555, "6": 0.02444826805881934, "7": 0.03115101082957964, "8": 0.024831940084030144, "9": 0.017678327936193623, "10": 0.08859998112535142, "11": 0.017552244381969784, "12": 0.02067947080580329, "start": 1.0, "end": 2.0}, "noon": {"13": 0.27220499935661835, "2": 0.18328018020710155, "3": 0.1511880711054273, "4": 0.04268577782286204, "5": 0.05502795984919084, "6": 0.018553980059399, "7": 0.024962507530176207, "8": 0.022603245299206133, "9": 0.019776534965795418, "10": 0.15542052339063026, "11": 0.030245930422887413, "12": 0.024050289990705378, "start": 2.0, "end": 10.0}, "afternoon": {"13": 0.3038649254685914, "14": 0.1695275600378058, "15": 0.10576837764388725, "16": 0.06582730975510268, "17": 0.07281081978287969, "18": 0.018261510420136347, "19": 0.02031116954354589, "20": 0.018648126070002723, "21": 0.018690958224988122, "10": 0.12177437410995336, "11": 0.046807293177786605, "12": 0.03770757576531995, "start": 10.0, "end": 13.0}, "evening": {"13": 0.5025586422294579, "14": 0.08821577814484972, "15": 0.07157167903343067, "16": 0.05545210367204177, "17": 0.06071380488074696, "18": 0.05139120612124672, "19": 0.027195430261959187, "20": 0.024718370136730717, "21": 0.018844326123439302, "22": 0.053264688059708534, "23": 0.027478134813195932, "24": 0.018595836523192633, "start": 13.0, "end": 14.0}, "night": {"1": 0.3937656804766134, "14": 0.19418918947721814, "15": 0.14930444672916512, "16": 0.03795119486996024, "17": 0.07047534319488583, "18": 0.025496890510214632, "19": 0.019684463775719713, "20": 0.016828080429584526, "21": 0.013843242059086075, "22": 0.05175331534890939, "23": 0.013071723582380956, "24": 0.0136364295462618, "start": 14.0, "end": 1.0}}