{"start": {"morning": {"1": 0.12762607458483627, "2": 0.049649009175978406, "3": 0.08008593091197833, "4": 0.036078767344180036, "5": 0.1067734607273161, "6": 0.11085464176120745, "7": 0.14302549891478838, "8": 0.03835773557786116, "9": 0.04423636286413888, "10": 0.14367123793460992, "11": 0.04551613182752887, "12": 0.0741251483755762}, "noon": {"1": 0.2010588794106704, "2": 0.028562277485734113, "3": 0.08689813389973955, "4": 0.0, "5": 0.033663346825438624, "6": 0.05757008492235835, "7": 0.06998215381610176, "8": 0.021447781277964043, "9": 0.023792783905879248, "10": 0.16116968854939212, "11": 0.1130264796664757, "12": 0.20282839024024613}, "afternoon": {"1": 0.3380154354297912, "2": 0.0815344887756626, "3": 0.08126906119350265, "4": 0.04596683695382409, "5": 0.03634814751079212, "6": 0.0, "7": 0.0, "8": 0.0, "9": 0.0, "10": 0.2566603766661693, "11": 0.058619424403204855, "12": 0.10158622906705322}, "evening": {"1": 0.31181548515017693, "2": 0.0, "3": 0.0, "4": 0.0, "5": 0.1550716846887981, "6": 0.10404579460394722, "7": 0.09812878803016666, "8": 0.0, "9": 0.0, "10": 0.25307818625415934, "11": 0.0, "12": 0.07786006127275177}, "night": {"1": 0.3679061273565905, "2": 0.0, "3": 0.0, "4": 0.0, "5": 0.13009818420775332, "6": 0.09695526459646071, "7": 0.11252710199008983, "8": 0.0, "9": 0.0, "10": 0.2925133218491056, "11": 0.0, "12": 0.0}}, "end": {"morning": {"1": 0.14694974493237115, "2": 0.09773310038147381, "3": 0.12657598081394433, "4": 0.05195549323237346, "5": 0.16364167522684772, "6": 0.038134250076602275, "7": 0.07355280150789459, "8": 0.04435905785992683, "9": 0.047747435185555374, "10": 0.11768954910903236, "11": 0.0348582237818944, "12": 0.05680268789208372}, "noon": {"1": 0.18113541076586015, "2": 0.10059542528937171, "3": 0.1093215434614261, "4": 0.037325489762717684, "5": 0.1665358320051844, "6": 0.04150644304678728, "7": 0.04964700729431209, "8": 0.05347863765876168, "9": 0.04470848026295207, "10": 0.16735256051297237, "11": 0.04839316993965447, "12": 0.0}, "afternoon": {"1": 0.21974241119871335, "2": 0.18697487171875146, "3": 0.19468665333856483, "4": 0.0, "5": 0.23772570448419947, "6": 0.0, "7": 0.0, "8": 0.0, "9": 0.0, "10": 0.16087035925977086, "11": 0.0, "12": 0.0}, "evening": {"1": 0.1891045784974806, "2": 0.1428499571580027, "3": 0.0996054293847253, "4": 0.06018185504191225, "5": 0.1638593537276785, "6": 0.036074005738099935, "7": 0.04285661554383117, "8": 0.043049652402504884, "9": 0.043386200336228614, "10": 0.10667662338467057, "11": 0.032435210151108174, "12": 0.039920518633757285}, "night": {"1": 0.2551826834711396, "2": 0.10216983298799216, "3": 0.1020344245073937, "4": 0.06249405988051274, "5": 0.20421377324966933, "6": 0.0352354255992069, "7": 0.05439277701240989, "8": 0.05302772766324792, "9": 0.04114686065346859, "10": 0.0901024349749592, "11": 0.0, "12": 0.0}}}