{"morning": {"1": 0.1327459747415089, "2": 0.16745882687623548, "3": 0.15897146330292034, "4": 0.08043732896952017, "5": 0.07962384118932862, "6": 0.05847741981996958, "7": 0.07111921055054925, "8": 0.05456391820488519, "9": 0.03900433970856582, "10": 0.06274516865176426, "11": 0.048563299814683866, "12": 0.04628920817006837, "start": 2.0, "end": 3.0}, "noon": {"13": 0.12097013344533311, "14": 0.13731976176327254, "3": 0.11943934518298194, "4": 0.08375024178139998, "5": 0.09240857201052409, "6": 0.07757805380626238, "7": 0.08672630238004242, "8": 0.06927162701022074, "9": 0.04430084139923611, "10": 0.06651576631054902, "11": 0.0493118167358338, "12": 0.05240753817434364, "start": 3.0, "end": 13.0}, "afternoon": {"13": 0.11885004123525442, "14": 0.17377792020560068, "3": 0.16131141762063567, "4": 0.07765331140393246, "17": 0.0745366118095196, "18": 0.05869766207760918, "7": 0.0636360702848687, "20": 0.05218980245244076, "9": 0.036135393868322006, "22": 0.07894621603736812, "23": 0.05204111379440558, "12": 0.05222443921004286, "start": 13.0, "end": 14.0}, "evening": {"13": 0.13708770303654066, "14": 0.1360632927505673, "15": 0.14469446161889682, "16": 0.08982142334215419, "17": 0.08501429859303657, "18": 0.06588460235471613, "19": 0.07522064678917437, "8": 0.05790371069105621, "9": 0.041134594290304, "22": 0.07192145388274566, "23": 0.04732142643622326, "12": 0.04793238621458485, "start": 14.0, "end": 15.0}, "night": {"1": 0.1421321445957292, "2": 0.15476351106683464, "15": 0.13960566490328197, "16": 0.08027290736251887, "17": 0.07745519887313873, "18": 0.0703387043240515, "19": 0.07138825447756784, "20": 0.058741118650646504, "21": 0.04063198151887219, "22": 0.06430776138192773, "23": 0.056760273550512295, "24": 0.043602479294918534, "start": 15.0, "end": 2.0}}