{"start": {"morning": {"1": 0.07625607457647768, "2": 0.1974221631013794, "3": 0.2077712089565846, "4": 0.12136975662003793, "5": 0.10935071435072576, "6": 0.07293503856801056, "7": 0.05742666837619569, "8": 0.05433408646108479, "9": 0.02371309148914034, "10": 0.03660422812484723, "11": 0.014817609272819937, "12": 0.027999360102696085}, "noon": {"1": 0.07356881950604305, "2": 0.09299863579938705, "3": 0.09723473902352175, "4": 0.10040638933412793, "5": 0.11361476435788556, "6": 0.10525641176390634, "7": 0.11721860402584636, "8": 0.0988741586438088, "9": 0.0449500201972817, "10": 0.06988364120282901, "11": 0.031046750931439774, "12": 0.05494706521392268}, "afternoon": {"1": 0.07822683135623168, "2": 0.15681912869057105, "3": 0.13468378001308037, "4": 0.11961112243520827, "5": 0.1065215914671695, "6": 0.08893797561542896, "7": 0.0906969625381739, "8": 0.07442705234877595, "9": 0.029194597498331202, "10": 0.05370937316585605, "11": 0.025549484342694165, "12": 0.041622100528478916}, "evening": {"1": 0.15821322700179957, "2": 0.1488624972577727, "3": 0.1327264495093007, "4": 0.08589960077599423, "5": 0.07156505004839223, "6": 0.07533846147148224, "7": 0.07795073554849238, "8": 0.08632014059140868, "9": 0.037249529492382805, "10": 0.0587076277147226, "11": 0.016179431640162657, "12": 0.05098724894808921}, "night": {"1": 0.0709903372404832, "2": 0.11459264060431944, "3": 0.1303406686069924, "4": 0.09703005930709963, "5": 0.09860271241198916, "6": 0.10597066067848132, "7": 0.10240717925806864, "8": 0.08860388461343573, "9": 0.03614210800962845, "10": 0.07082702442525281, "11": 0.0310114277646198, "12": 0.05348129707962945}}, "end": {"morning": {"1": 0.2844691544987498, "2": 0.12650690925193012, "3": 0.22239558646690402, "4": 0.028054254671337934, "5": 0.10410711938503316, "6": 0.03491058967785888, "7": 0.10885702567327717, "8": 0.019112830130374084, "9": 0.04543222629864696, "10": 0.009406323347758608, "11": 0.006692350894690552, "12": 0.010055629703438897}, "noon": {"1": 0.17746790403843454, "2": 0.05300956762276627, "3": 0.24823043822752497, "4": 0.04266834065145643, "5": 0.16221585612781378, "6": 0.048162218577556225, "7": 0.1508276898684052, "8": 0.02901655890603736, "9": 0.05511528913322503, "10": 0.01597955270122921, "11": 0.008037790640587399, "12": 0.009268793504963716}, "afternoon": {"1": 0.17295446570803658, "2": 0.09840418656222756, "3": 0.21643323869153863, "4": 0.08369694968200522, "5": 0.11575914032390394, "6": 0.07001920080519428, "7": 0.06726806338125198, "8": 0.03788322005498323, "9": 0.058643858873184726, "10": 0.02582665634335985, "11": 0.030087539244837088, "12": 0.023023480329476893}, "evening": {"1": 0.30033514537606004, "2": 0.10900635483017572, "3": 0.2202355676528786, "4": 0.025367527993526894, "5": 0.07226033610830129, "6": 0.06775028138507014, "7": 0.10661138334288586, "8": 0.010478326497695528, "9": 0.026194157201061732, "10": 0.007547248572221628, "11": 0.003545453013491687, "12": 0.050668218026630706}, "night": {"1": 0.13817078731241134, "2": 0.10913600594703185, "3": 0.204009116289756, "4": 0.08643262522969276, "5": 0.09745622612343108, "6": 0.08632960254528513, "7": 0.08604847773822272, "8": 0.03114307323201985, "9": 0.07264270313097429, "10": 0.017171584166153518, "11": 0.06210716748270856, "12": 0.009352630802312913}}}