{"morning": {"1": 0.26574535043323133, "2": 0.12133960331890195, "3": 0.1005995474017291, "4": 0.04662321979538966, "5": 0.07576230770858566, "6": 0.07179220715484813, "7": 0.04015260877463612, "8": 0.038216867891057785, "9": 0.042123518997561345, "10": 0.10647863627682146, "11": 0.037023053599032255, "12": 0.05414307864820502}, "noon": {"1": 0.305106052268144, "2": 0.14154271979708288, "3": 0.10924440987498388, "4": 0.04602302140352925, "5": 0.06522702078150892, "6": 0.08146438724604503, "7": 0.026022780041819262, "8": 0.031018677879987626, "9": 0.033746383084491724, "10": 0.08367644823456136, "11": 0.026848338254030685, "12": 0.050079761133815154}, "afternoon": {"1": 0.23587976147041373, "2": 0.1266217791621951, "3": 0.12447347989841036, "4": 0.056173941323322936, "5": 0.09746331496136285, "6": 0.08364388174006518, "7": 0.029802854398817313, "8": 0.03443468748266771, "9": 0.03840733432721359, "10": 0.0856928999994719, "11": 0.02986151777254078, "12": 0.05754454746351869}, "evening": {"1": 0.26592970761787615, "2": 0.1163563034829469, "3": 0.09189048841853666, "4": 0.039069973382018085, "5": 0.06776793139723916, "6": 0.08592502669481983, "7": 0.04445521511278604, "8": 0.054578862796779544, "9": 0.05400902751637188, "10": 0.09624603205505822, "11": 0.041075184394979355, "12": 0.042696247130588325}, "night": {"1": 0.30096228274617975, "2": 0.09640313802811451, "3": 0.10536995516061533, "4": 0.05533816706494594, "5": 0.0932374424570272, "6": 0.0643811561889216, "7": 0.03611296087237576, "8": 0.037257925284496694, "9": 0.041222858177072275, "10": 0.11029907901006537, "11": 0.022046991676120734, "12": 0.03736804333406498}}