{"morning": {"1": 0.4007866351642043, "2": 0.08746409728193515, "3": 0.11161003948995236, "4": 0.03445222346235381, "5": 0.06776145824293742, "6": 0.048859249017512596, "7": 0.050263369773891495, "8": 0.04337379336938848, "9": 0.03848608450737674, "10": 0.07886872925270184, "11": 0.01610985348663294, "12": 0.021964466951112857}, "noon": {"1": 0.4245858159568105, "2": 0.1121431236536725, "3": 0.10196216607912285, "4": 0.014328740989864452, "5": 0.12214806452328615, "6": 0.016824080699492493, "7": 0.04713284609124293, "8": 0.01571597000382045, "9": 0.018104226511671595, "10": 0.10149623453778558, "11": 0.01537371861904382, "12": 0.01018501233418681}, "afternoon": {"1": 0.2586960750777891, "2": 0.11466888881626557, "3": 0.15781397502119457, "4": 0.0396954158893473, "5": 0.09832676417617815, "6": 0.032018030832049425, "7": 0.04719842331843188, "8": 0.023427980103164468, "9": 0.018252941299056948, "10": 0.1691271698005303, "11": 0.02889009882488494, "12": 0.011884236841107372}, "evening": {"1": 0.3573758683394184, "2": 0.1201516963697418, "3": 0.15404427868281478, "4": 0.013806252977464116, "5": 0.0861224107454501, "6": 0.05124663472472867, "7": 0.05018032408154782, "8": 0.03666729276631328, "9": 0.020933961152500014, "10": 0.09824119678104032, "11": 0.0068645078018544315, "12": 0.004365575577126192}, "night": {"1": 0.18236737824359597, "2": 0.15226225227597848, "3": 0.1723372154675529, "4": 0.03507611519371871, "5": 0.0814277094571578, "6": 0.031190625976320267, "7": 0.07053405186345328, "8": 0.03768120725495341, "9": 0.03172053371829259, "10": 0.13536203317307713, "11": 0.034111934167989875, "12": 0.03592894320790977}}