{"morning": {"1": 0.36892800649708735, "2": 0.22043174030015034, "15": 0.027482429462909592, "4": 0.0317931220538608, "5": 0.13793478748971993, "18": 0.025959704129265133, "19": 0.04152422424294965, "20": 0.022256921881608605, "9": 0.024672955742280046, "10": 0.027253242393501447, "11": 0.02818478187902725, "12": 0.04357808392763994, "start": 0.9999999999999993, "end": 2.0}, "noon": {"13": 0.475847921690873, "2": 0.26437979431995273, "3": 0.03152243323249537, "16": 0.03421923815717934, "17": 0.04568082874501314, "18": 0.018914993151952476, "7": 0.02946648061047491, "8": 0.015358498448333808, "21": 0.01917869284951055, "10": 0.018314227729352844, "11": 0.014144599968001246, "12": 0.03297229109686064, "start": 2.0, "end": 3.0}, "afternoon": {"13": 0.29091047934856246, "14": 0.21834013533738564, "3": 0.04023004087263445, "4": 0.05179855788206543, "5": 0.10242603802962377, "6": 0.04778965544772128, "7": 0.06906388989374357, "8": 0.034909048798527, "9": 0.036495291118441284, "10": 0.030374175414147376, "11": 0.02695670805572949, "12": 0.05070597980141843, "start": 3.0, "end": 13.0}, "evening": {"13": 0.4031129080367837, "14": 0.17509040167635798, "15": 0.031245549543048572, "4": 0.036375001353073456, "17": 0.12014412878931144, "18": 0.036230785648657546, "7": 0.05169854247638255, "20": 0.027461984993883738, "21": 0.02588278910025642, "22": 0.025977349189732307, "23": 0.022594939058138065, "24": 0.044185620134374104, "start": 13.0, "end": 14.0}, "night": {"1": 0.3850967291181717, "14": 0.17641105700455245, "15": 0.0413849935062196, "16": 0.03678051921532077, "17": 0.19258289490331865, "18": 0.029011313175542126, "19": 0.040277312086297354, "20": 0.019675533932612545, "21": 0.01688471731392569, "22": 0.018126907102270863, "23": 0.015239648869786366, "24": 0.028528373771981856, "start": 14.0, "end": 0.9999999999999993}}