{"morning": {"1": 0.3412701733408611, "2": 0.08162350313158855, "3": 0.11453049505120716, "4": 0.0719133957183161, "5": 0.06236938332793431, "6": 0.04825451215656643, "7": 0.054163268239206856, "8": 0.04114743179369687, "9": 0.047740794145520155, "10": 0.06208970521068509, "11": 0.03208561703453217, "12": 0.04281172084988523}, "noon": {"1": 0.33857009972441066, "2": 0.07681168767121159, "3": 0.11035807820103609, "4": 0.0787705890522504, "5": 0.06560564070606499, "6": 0.04830316505235282, "7": 0.04993135923197671, "8": 0.04449420752509886, "9": 0.04533143950059487, "10": 0.06776813373044407, "11": 0.029200207342890493, "12": 0.04485539226166847}, "afternoon": {"1": 0.3027397492331179, "2": 0.08497126089480635, "3": 0.1243486931525222, "4": 0.0800382597448467, "5": 0.06517683645517193, "6": 0.050904271698862136, "7": 0.05140556424695183, "8": 0.0413581521649723, "9": 0.04386709089847168, "10": 0.07481122777171924, "11": 0.03432215736580062, "12": 0.04605673637275695}, "evening": {"1": 0.3991672427633575, "2": 0.0717521434224059, "3": 0.1087065340599399, "4": 0.0637950707159523, "5": 0.054330968271507525, "6": 0.04278579383767789, "7": 0.05116478498534161, "8": 0.041708445071628124, "9": 0.04407068425723597, "10": 0.060181309270151175, "11": 0.026613770266339192, "12": 0.035723253078463024}, "night": {"1": 0.41990835182714864, "2": 0.0719946291856767, "3": 0.11625608945418135, "4": 0.06623555680303164, "5": 0.05732711951636628, "6": 0.040729475693047544, "7": 0.04573440722477836, "8": 0.03885080960215197, "9": 0.03851615547755563, "10": 0.05304946885257386, "11": 0.022585512928879215, "12": 0.02881242343460878}}