{"start": {"morning": {"1": 0.16742307607358808, "2": 0.14228081868466289, "3": 0.1439910647526109, "4": 0.07444585395891205, "5": 0.07840468676717918, "6": 0.06434576313567643, "7": 0.05182146981708836, "8": 0.031953010312107094, "9": 0.06298173005698231, "10": 0.07375420798248157, "11": 0.03895847346450608, "12": 0.06963984499420509}, "noon": {"1": 0.15445632532437176, "2": 0.14557635997461277, "3": 0.14747759838445035, "4": 0.06361808207145628, "5": 0.06444975475770838, "6": 0.061623188227499535, "7": 0.0434451451028898, "8": 0.030746606880813238, "9": 0.05159027997795194, "10": 0.10314167657871126, "11": 0.04482402718232578, "12": 0.08905095553720893}, "afternoon": {"1": 0.14599573396845447, "2": 0.14646842631209683, "3": 0.1509149981928816, "4": 0.059353002056955845, "5": 0.07273381844402958, "6": 0.062387367751412424, "7": 0.045343322171692756, "8": 0.033871651232361064, "9": 0.05707918585384861, "10": 0.1021758379314985, "11": 0.04414194099851088, "12": 0.07953471508625745}, "evening": {"1": 0.1594781889618525, "2": 0.1088130123974126, "3": 0.1430355658000245, "4": 0.08171058416987868, "5": 0.06493075569761537, "6": 0.054024077892198395, "7": 0.06119578523516853, "8": 0.03783612063865404, "9": 0.08912479866520452, "10": 0.07571979523954558, "11": 0.046030918817890454, "12": 0.07810039648455482}, "night": {"1": 0.14790564261469327, "2": 0.09283580607269874, "3": 0.13603987240845705, "4": 0.08062509597665067, "5": 0.07352025702435201, "6": 0.06546535034073842, "7": 0.06190468930649107, "8": 0.04089104450966826, "9": 0.08816176007235159, "10": 0.09571939084291388, "11": 0.03879296257424975, "12": 0.07813812825673529}}, "end": {"morning": {"1": 0.16403556748753123, "2": 0.14285173664498432, "3": 0.1608320851325853, "4": 0.05944699187049746, "5": 0.06804091949794568, "6": 0.05717028350098888, "7": 0.0451901843260333, "8": 0.03433203576114386, "9": 0.06113615411695015, "10": 0.08414043735320692, "11": 0.04151613033958752, "12": 0.0813074739685452}, "noon": {"1": 0.15284628909744097, "2": 0.14558532920277215, "3": 0.15393938385394756, "4": 0.056511030368032455, "5": 0.06104458997849682, "6": 0.05379828785474325, "7": 0.038430928900265934, "8": 0.03434342465526323, "9": 0.051898620899332025, "10": 0.11262761428671735, "11": 0.049476228942557085, "12": 0.08949827196043122}, "afternoon": {"1": 0.14476370817993403, "2": 0.14482553024842074, "3": 0.1618561836512209, "4": 0.05270472875498276, "5": 0.06592088896107183, "6": 0.05796155367327369, "7": 0.04426079458004718, "8": 0.03717996375452389, "9": 0.05480272528071753, "10": 0.1087721281645327, "11": 0.04704578348966334, "12": 0.07990601126161158}, "evening": {"1": 0.2081561985597422, "2": 0.11244447360213577, "3": 0.12738860330160415, "4": 0.05167135966856088, "5": 0.05529211651622861, "6": 0.049531043150504064, "7": 0.05328805255908513, "8": 0.037950557895073046, "9": 0.0716907141532456, "10": 0.09944628295871383, "11": 0.04534749751387449, "12": 0.08779310012123238}, "night": {"1": 0.19738486404109973, "2": 0.10903769233792612, "3": 0.12135457382090219, "4": 0.050784485133978735, "5": 0.05835378406633827, "6": 0.0580369455073802, "7": 0.05668940741809256, "8": 0.04119624056277402, "9": 0.07712513504036903, "10": 0.10956134486308879, "11": 0.04038771306011573, "12": 0.08008781414793449}}}