{"morning": {"1": 0.18925761548916842, "2": 0.0860144779645492, "3": 0.13144192744733668, "4": 0.07857349200155003, "5": 0.07456199099817082, "6": 0.07772156649153308, "7": 0.08681010967182932, "8": 0.04270018992617507, "9": 0.05594904761954368, "10": 0.07167213869992572, "11": 0.053431143832515446, "12": 0.05186629985770253}, "noon": {"1": 0.1446560493368252, "2": 0.04365256604552208, "3": 0.06207630070362078, "4": 0.034951474870841985, "5": 0.04756612474058814, "6": 0.3078988243849752, "7": 0.07473608523192984, "8": 0.05339511866528908, "9": 0.055693547054156176, "10": 0.05722008103148905, "11": 0.06838837800511481, "12": 0.049765449929647834}, "afternoon": {"1": 0.2732223964603778, "2": 0.09052043985106628, "3": 0.1256251511323194, "4": 0.053980947192600916, "5": 0.07467603214592088, "6": 0.04779216924431763, "7": 0.07528382968064441, "8": 0.03540484815870657, "9": 0.04805571625455058, "10": 0.07516667893228053, "11": 0.04819640986144928, "12": 0.052075381085765815}, "evening": {"1": 0.14089048283865493, "2": 0.052648668735186185, "3": 0.34738614975562515, "4": 0.04427870705884885, "5": 0.054186350013800864, "6": 0.05139510888658987, "7": 0.06500442693227394, "8": 0.03593098252563188, "9": 0.0595585763985104, "10": 0.05941539243494265, "11": 0.05065609335700239, "12": 0.03864906106293282}, "night": {"1": 0.1961691105343061, "2": 0.0712633831468794, "3": 0.1112210267956537, "4": 0.06362161528439612, "5": 0.06447343188338599, "6": 0.08006766057711232, "7": 0.09018880181679083, "8": 0.05033258146345756, "9": 0.07213638750423358, "10": 0.0788416275599878, "11": 0.07015482430834934, "12": 0.05152954912544729}}