{"morning": {"1": 0.18925761548916842, "2": 0.0860144779645492, "3": 0.13144192744733668, "4": 0.07857349200155003, "5": 0.07456199099817082, "6": 0.07772156649153308, "7": 0.08681010967182932, "8": 0.04270018992617507, "9": 0.05594904761954368, "10": 0.07167213869992572, "11": 0.053431143832515446, "12": 0.05186629985770253, "start": 1.0, "end": 6.0}, "noon": {"13": 0.1446560493368252, "14": 0.04365256604552208, "15": 0.06207630070362078, "16": 0.034951474870841985, "17": 0.04756612474058814, "6": 0.3078988243849752, "7": 0.07473608523192984, "8": 0.05339511866528908, "9": 0.055693547054156176, "10": 0.05722008103148905, "11": 0.06838837800511481, "12": 0.049765449929647834, "start": 6.0, "end": 13.0}, "afternoon": {"13": 0.2732223964603778, "14": 0.09052043985106628, "15": 0.1256251511323194, "16": 0.053980947192600916, "17": 0.07467603214592088, "18": 0.04779216924431763, "7": 0.07528382968064441, "20": 0.03540484815870657, "21": 0.04805571625455058, "10": 0.07516667893228053, "23": 0.04819640986144928, "12": 0.052075381085765815, "start": 13.0, "end": 15.0}, "evening": {"13": 0.14089048283865493, "14": 0.052648668735186185, "15": 0.34738614975562515, "16": 0.04427870705884885, "17": 0.054186350013800864, "18": 0.05139510888658987, "19": 0.06500442693227394, "20": 0.03593098252563188, "21": 0.0595585763985104, "22": 0.05941539243494265, "23": 0.05065609335700239, "24": 0.03864906106293282, "start": 15.0, "end": 16.0}, "night": {"1": 0.1961691105343061, "2": 0.0712633831468794, "3": 0.1112210267956537, "16": 0.06362161528439612, "17": 0.06447343188338599, "18": 0.08006766057711232, "19": 0.09018880181679083, "20": 0.05033258146345756, "21": 0.07213638750423358, "22": 0.0788416275599878, "23": 0.07015482430834934, "24": 0.05152954912544729, "start": 16.0, "end": 1.0}}