{"start": {"morning": {"1": 0.02149081521555083, "2": 0.01708767679959203, "3": 0.030855741617975385, "4": 0.03306825992504967, "5": 0.05177688734180863, "6": 0.0810576300920526, "7": 0.07543485929929615, "8": 0.05265418449697041, "9": 0.05868595300818059, "10": 0.2181425226382008, "11": 0.17356993475595214, "12": 0.1861755348093709}, "noon": {"1": 0.045717871444230604, "2": 0.026522050076244565, "3": 0.052741272412666365, "4": 0.05143679982350644, "5": 0.07597408997234156, "6": 0.08441335581317012, "7": 0.06931519718568745, "8": 0.05474510207742159, "9": 0.09887951327783777, "10": 0.17839727244563924, "11": 0.14379848353983518, "12": 0.1180589919314189}, "afternoon": {"1": 0.05536859571388337, "2": 0.029062006963496832, "3": 0.04827373246503148, "4": 0.03796021815330512, "5": 0.0532523826047838, "6": 0.07010957261283962, "7": 0.07770627878128787, "8": 0.0545820270975484, "9": 0.10675803721186994, "10": 0.18659513095720748, "11": 0.15493832618505146, "12": 0.12539369125369462}, "evening": {"1": 0.025060329205787893, "2": 0.023160443220877697, "3": 0.04341813235587291, "4": 0.04444153243744048, "5": 0.05843394770104782, "6": 0.09422297714521606, "7": 0.09606918037598365, "8": 0.05837975553275251, "9": 0.0693098233003331, "10": 0.18306705888620817, "11": 0.13904021547148027, "12": 0.16539660436699946}, "night": {"1": 0.028634786121751292, "2": 0.022157065098933577, "3": 0.04162337517229133, "4": 0.0443528310788151, "5": 0.06780391208722611, "6": 0.09954608402182939, "7": 0.10379405502259072, "8": 0.06592030210202987, "9": 0.0731465215058937, "10": 0.17298837096886296, "11": 0.12848822509051197, "12": 0.151544471729264}}, "end": {"morning": {"1": 0.05956803962846534, "2": 0.029305111708168418, "3": 0.06359195027691288, "4": 0.06046307154077001, "5": 0.06821308358775346, "6": 0.07530580263309412, "7": 0.08541195115491443, "8": 0.06407573644965957, "9": 0.08731918947063, "10": 0.14677562882069242, "11": 0.13757164014108608, "12": 0.12239879458785309}, "noon": {"1": 0.07759307190786584, "2": 0.040537330602898616, "3": 0.07691034808902625, "4": 0.06970079489975368, "5": 0.07174051232610644, "6": 0.08186993147561247, "7": 0.07541988915166101, "8": 0.059171223292424635, "9": 0.10566553640524444, "10": 0.11815868449704298, "11": 0.11370179533805365, "12": 0.10953088201431001}, "afternoon": {"1": 0.11473834079489484, "2": 0.04533211745719063, "3": 0.09030641608882911, "4": 0.06293735447664268, "5": 0.0701396118772052, "6": 0.07734673312975651, "7": 0.09002231501998244, "8": 0.060423484880611146, "9": 0.11887593717000493, "10": 0.09972909430103548, "11": 0.09284875586610768, "12": 0.07729983893773935}, "evening": {"1": 0.045436525609731784, "2": 0.03378440256063628, "3": 0.0663149767841509, "4": 0.06286562828816866, "5": 0.05536661329510095, "6": 0.0795187998374195, "7": 0.09745700210767753, "8": 0.058522709861643006, "9": 0.08579471112877618, "10": 0.14273608255255674, "11": 0.12760464355833048, "12": 0.14459790441580797}, "night": {"1": 0.07383429735206672, "2": 0.03983395628064231, "3": 0.07655449971787584, "4": 0.0696689100658995, "5": 0.0709083675054055, "6": 0.08216945729580977, "7": 0.09607892644166302, "8": 0.07107342987237507, "9": 0.09007318540465709, "10": 0.10398857982332962, "11": 0.10608185819635416, "12": 0.11973453204392144}}}