{"morning": {"1": 0.09603225557086954, "2": 0.07828074686189644, "3": 0.06837732672715396, "4": 0.06470295646221808, "5": 0.10437291927945087, "6": 0.04506272654119334, "7": 0.06574282934715099, "8": 0.0675600422352961, "9": 0.048226777695042036, "10": 0.2626120407323546, "11": 0.04873622310688167, "12": 0.05029315544049232}, "noon": {"1": 0.10783742399935543, "2": 0.16102858021695413, "3": 0.11572769307944053, "4": 0.09865115443828198, "5": 0.1277678045825466, "6": 0.048580006082297816, "7": 0.04327720844590871, "8": 0.04161969251218162, "9": 0.036083102889571214, "10": 0.1690070308385501, "11": 0.023250067092688464, "12": 0.027170235822223603}, "afternoon": {"1": 0.0965979068884732, "2": 0.07830666468076172, "3": 0.07955705251323635, "4": 0.08301212691595644, "5": 0.12363857199050521, "6": 0.05828240933151204, "7": 0.05196926536381358, "8": 0.0630864742464128, "9": 0.05189061839839646, "10": 0.19312174466935786, "11": 0.057603343561782545, "12": 0.06293382143979194}, "evening": {"1": 0.13171222423293694, "2": 0.18990684880891043, "3": 0.10988458395856324, "4": 0.10319046957436073, "5": 0.10840045916023651, "6": 0.030677758047373882, "7": 0.03976812128745759, "8": 0.043526559097863356, "9": 0.03264340197419093, "10": 0.13907628759815643, "11": 0.03442515591322512, "12": 0.036788130346724845}, "night": {"1": 0.06933451959920704, "2": 0.07809306964863375, "3": 0.07295268702637657, "4": 0.06900630106216186, "5": 0.0961831975266664, "6": 0.05155571106098348, "7": 0.07004309289791327, "8": 0.07555681685858404, "9": 0.05798346788048233, "10": 0.24352221659490514, "11": 0.05356572790477334, "12": 0.06220319193931277}}