{"morning": {"1": 0.28522572016980513, "2": 0.07871097137639715, "3": 0.024801974404896066, "4": 0.02385687643084326, "17": 0.08397638771584195, "6": 0.01609344835778612, "19": 0.015430282149518979, "8": 0.031223254923966475, "9": 0.011624533360867948, "10": 0.396457374562612, "11": 0.016924397015217873, "12": 0.01567477953224706, "start": 1.0, "end": 2.0}, "noon": {"13": 0.05600054145703119, "2": 0.3438948498862645, "3": 0.06092439875026157, "4": 0.04779431794203587, "5": 0.03652267872128058, "6": 0.016583520914837967, "7": 0.012093643726227777, "8": 0.0210693146740495, "9": 0.017429839203652493, "10": 0.34970926822445764, "11": 0.021450728384152466, "12": 0.016526898115748315, "start": 2.0, "end": 10.0}, "afternoon": {"13": 0.1578048270940174, "14": 0.03309179782260771, "15": 0.040332010496701286, "16": 0.04027997600634626, "5": 0.1789460325344802, "6": 0.02742521762592252, "7": 0.01923780774351997, "20": 0.038802895569012966, "21": 0.0236333745920334, "10": 0.3743971325000508, "11": 0.03212386408344156, "12": 0.03392506393186595, "start": 10.0, "end": 13.0}, "evening": {"13": 0.05689409328130513, "14": 0.23998839313750142, "15": 0.09666376874439953, "16": 0.11770537410045812, "17": 0.08040059269298352, "18": 0.031233716493513287, "19": 0.031004547641671425, "20": 0.05935001731869599, "21": 0.033658951554743986, "22": 0.1881540670149946, "23": 0.03431472180597566, "24": 0.030631756213757334, "start": 13.0, "end": 22.0}, "night": {"1": 0.05820856005917918, "14": 0.08066095306950416, "15": 0.07305624129344451, "16": 0.064716993965157, "17": 0.08182815713120528, "18": 0.04289758049561568, "19": 0.03930245525863359, "20": 0.07398030858813641, "21": 0.04128652415128735, "22": 0.3313827115051875, "23": 0.0608483348738143, "24": 0.05183117960883506, "start": 22.0, "end": 1.0}}