{"start": {"morning": {"1": 0.053860138785001205, "2": 0.026206989778674077, "3": 0.031002159396654547, "4": 0.0322941782377563, "5": 0.05423672365489263, "6": 0.04451117556826725, "7": 0.06718688947883551, "8": 0.057840227309262825, "9": 0.02631342277985692, "10": 0.32422617075913185, "11": 0.1012724712115341, "12": 0.18104945304013276}, "noon": {"1": 0.04402343485358885, "2": 0.023108078241649028, "3": 0.03160560864773187, "4": 0.02838041026726318, "5": 0.062208521646907496, "6": 0.040132716465943984, "7": 0.053368481339586285, "8": 0.05516422916570044, "9": 0.04305755669008865, "10": 0.3631029757851284, "11": 0.11324115378697591, "12": 0.14260683310943592}, "afternoon": {"1": 0.05340538375351912, "2": 0.03115913662883949, "3": 0.038691877811780566, "4": 0.028796913258755427, "5": 0.05571417696791218, "6": 0.053735310622004796, "7": 0.058155054093429165, "8": 0.06377764859796121, "9": 0.03155136559015484, "10": 0.3080283367736514, "11": 0.1236274635526801, "12": 0.15335733234931187}, "evening": {"1": 0.05950613171798037, "2": 0.021365812167232108, "3": 0.025112208966925818, "4": 0.022616975488441767, "5": 0.049986547805939516, "6": 0.03339057961033993, "7": 0.049696503388381504, "8": 0.04642563329929999, "9": 0.03619438976789228, "10": 0.34594847633451936, "11": 0.16551397654567138, "12": 0.14424276490737575}, "night": {"1": 0.05087364170949979, "2": 0.024325409689366282, "3": 0.027592558921903078, "4": 0.024360104444559296, "5": 0.047886305651218826, "6": 0.04365694008585831, "7": 0.06377972137980413, "8": 0.05430800046046909, "9": 0.02936932391503752, "10": 0.3397770844834565, "11": 0.12745662980861058, "12": 0.1666142794502166}}, "end": {"morning": {"1": 0.042266340473254636, "2": 0.02251593376815642, "3": 0.03274121779507699, "4": 0.04446001065530826, "5": 0.07990557861282163, "6": 0.059325881819090986, "7": 0.054108965763281384, "8": 0.05453784757834862, "9": 0.028414653041202175, "10": 0.3468958024667364, "11": 0.08299189215182685, "12": 0.15183587587489578}, "noon": {"1": 0.05948191125704551, "2": 0.05175880307208969, "3": 0.0751679856356661, "4": 0.06177544349636627, "5": 0.08995837070085094, "6": 0.06176192124191276, "7": 0.055773066737262546, "8": 0.06337286829984762, "9": 0.04698662156137965, "10": 0.2160627054941819, "11": 0.07829180315025405, "12": 0.13960849935314296}, "afternoon": {"1": 0.057632952458658876, "2": 0.04132870496911855, "3": 0.05965044689612214, "4": 0.05241225840369996, "5": 0.0811005066688525, "6": 0.05909121311940982, "7": 0.05670562281294001, "8": 0.054599986468491915, "9": 0.036170458095537504, "10": 0.26534806876571293, "11": 0.08319106039504548, "12": 0.1527687209464103}, "evening": {"1": 0.06338549498940757, "2": 0.0, "3": 0.06202529217916653, "4": 0.0, "5": 0.10731343604148007, "6": 0.07421208214505579, "7": 0.06733166829740642, "8": 0.05373009030167373, "9": 0.0, "10": 0.32172897325431876, "11": 0.11121253406194515, "12": 0.13906042872954602}, "night": {"1": 0.0, "2": 0.0, "3": 0.07464515158164205, "4": 0.0, "5": 0.09005113256471402, "6": 0.07894816897523521, "7": 0.07634308742009575, "8": 0.06315856083228846, "9": 0.0, "10": 0.3285309259039316, "11": 0.11569567131768006, "12": 0.17262730140441285}}}