{"morning": {"1": 0.20728962355775354, "2": 0.07432913014683458, "3": 0.1493564156958046, "4": 0.04360180886477078, "5": 0.08421653491708853, "6": 0.04868184841224782, "7": 0.03886271529936922, "8": 0.033628705555984954, "9": 0.04063571724073859, "10": 0.17242524915998483, "11": 0.05363830230698218, "12": 0.053333948842440214}, "noon": {"1": 0.17633166462095207, "2": 0.12850922088826006, "3": 0.15348050128331225, "4": 0.05288418230405352, "5": 0.14040946944594362, "6": 0.05727092754464779, "7": 0.03600827485136054, "8": 0.02855281216656208, "9": 0.04373276890136654, "10": 0.10925459563081745, "11": 0.03774042734546967, "12": 0.035825155017254195}, "afternoon": {"1": 0.20198472726468492, "2": 0.11527545294185633, "3": 0.13921510502851947, "4": 0.05488135846430536, "5": 0.17314349542387686, "6": 0.06346927768243729, "7": 0.04847071179829877, "8": 0.019081836816202492, "9": 0.039131364059243334, "10": 0.08591778807444012, "11": 0.02796378238032854, "12": 0.03146510006580652}, "evening": {"1": 0.175861282323438, "2": 0.12174605392868112, "3": 0.12855210766291184, "4": 0.0427119506470873, "5": 0.12298078352338175, "6": 0.06539257975940085, "7": 0.07154367385347525, "8": 0.03134486708121993, "9": 0.03617762795922854, "10": 0.10040192161443943, "11": 0.05301982089214325, "12": 0.050267330754592915}, "night": {"1": 0.19414672443011016, "2": 0.14807145492094786, "3": 0.13136204672819365, "4": 0.04107865559455422, "5": 0.0960438995469998, "6": 0.05865228559075238, "7": 0.06368866047635763, "8": 0.028153184826813976, "9": 0.038464136241854345, "10": 0.12316804721266998, "11": 0.04103248687031433, "12": 0.03613841756043183}}