{"morning": {"1": 0.14986411052532295, "2": 0.09692822642072513, "3": 0.1244257511302343, "16": 0.04358544624837518, "5": 0.11057656313229286, "6": 0.05636178658327393, "7": 0.043998776195870365, "8": 0.03413645909405534, "9": 0.038294733810432774, "10": 0.15957481329078751, "11": 0.07179912074338096, "12": 0.07045421282524872, "start": 1.0, "end": 3.0}, "noon": {"13": 0.14787221181338317, "14": 0.11537952088885248, "3": 0.13493888318335204, "4": 0.06632919861772553, "5": 0.13377360371273664, "18": 0.07225295991898868, "19": 0.04532603481931199, "8": 0.035856919051633476, "9": 0.054921528898747574, "10": 0.10504205270633253, "11": 0.045306069511204174, "12": 0.043001016877731696, "start": 3.0, "end": 5.0}, "afternoon": {"13": 0.196412262822513, "14": 0.09989503970669551, "3": 0.12133430588504995, "16": 0.05527995984295388, "5": 0.1841045898419216, "6": 0.060950845332051605, "7": 0.04526973534767112, "8": 0.023852296020253107, "9": 0.048914205074054154, "10": 0.08970065706916704, "11": 0.03495472797541067, "12": 0.039331375082258146, "start": 5.0, "end": 13.0}, "evening": {"13": 0.1853599926143702, "14": 0.11666581641916472, "15": 0.12277555265395096, "16": 0.0448372919916212, "17": 0.1349933369466917, "18": 0.05853040176340153, "19": 0.07124207364923929, "20": 0.03358090023063159, "21": 0.0400214805059372, "22": 0.11011077613013884, "23": 0.0404482945482606, "24": 0.041434082546592185, "start": 13.0, "end": 17.0}, "night": {"1": 0.1689704075895914, "2": 0.12408915379894625, "3": 0.11457820924131816, "16": 0.05273000919293996, "17": 0.12281500889549811, "18": 0.06604974555849011, "19": 0.07103104017786961, "20": 0.02734089244540532, "21": 0.04952219946662031, "22": 0.10281257847027131, "23": 0.05312388350758714, "24": 0.046936871655462474, "start": 17.0, "end": 1.0}}