{"morning": {"13": 0.20728962355775354, "14": 0.07432913014683458, "3": 0.1493564156958046, "4": 0.04360180886477078, "5": 0.08421653491708853, "6": 0.04868184841224782, "7": 0.03886271529936922, "8": 0.033628705555984954, "9": 0.04063571724073859, "10": 0.17242524915998483, "11": 0.05363830230698218, "12": 0.053333948842440214, "start": 3.0, "end": 13.0}, "noon": {"13": 0.17633166462095207, "14": 0.12850922088826006, "15": 0.15348050128331225, "16": 0.05288418230405352, "17": 0.14040946944594362, "18": 0.05727092754464779, "19": 0.03600827485136054, "20": 0.02855281216656208, "21": 0.04373276890136654, "22": 0.10925459563081745, "11": 0.03774042734546967, "12": 0.035825155017254195, "start": 13.0, "end": 15.0}, "afternoon": {"13": 0.20198472726468492, "14": 0.11527545294185633, "15": 0.13921510502851947, "16": 0.05488135846430536, "17": 0.17314349542387686, "18": 0.06346927768243729, "19": 0.04847071179829877, "20": 0.019081836816202492, "21": 0.039131364059243334, "22": 0.08591778807444012, "23": 0.02796378238032854, "12": 0.03146510006580652, "start": 15.0, "end": 17.0}, "evening": {"13": 0.175861282323438, "14": 0.12174605392868112, "15": 0.12855210766291184, "4": 0.0427119506470873, "17": 0.12298078352338175, "18": 0.06539257975940085, "19": 0.07154367385347525, "20": 0.03134486708121993, "21": 0.03617762795922854, "22": 0.10040192161443943, "11": 0.05301982089214325, "12": 0.050267330754592915, "start": 17.0, "end": 22.0}, "night": {"1": 0.19414672443011016, "2": 0.14807145492094786, "3": 0.13136204672819365, "4": 0.04107865559455422, "5": 0.0960438995469998, "18": 0.05865228559075238, "19": 0.06368866047635763, "20": 0.028153184826813976, "21": 0.038464136241854345, "22": 0.12316804721266998, "23": 0.04103248687031433, "24": 0.03613841756043183, "start": 22.0, "end": 3.0}}