{"start": {"morning": {"1": 0.10903210497389554, "2": 0.04279524166471871, "3": 0.06263035695183615, "4": 0.06258814342601875, "5": 0.049221008496293024, "6": 0.08471047171062165, "7": 0.06851337505209043, "8": 0.09278447310238304, "9": 0.047663819584516924, "10": 0.19988591945920348, "11": 0.12047031837075398, "12": 0.05970476720766834}, "noon": {"1": 0.18707903188049427, "2": 0.05869529630840567, "3": 0.08475392635565812, "4": 0.06664765730058053, "5": 0.05327662812882172, "6": 0.06835920803918642, "7": 0.03431990867301843, "8": 0.045010712480729485, "9": 0.03531903814980137, "10": 0.23245013228114952, "11": 0.09176270953081596, "12": 0.0423257508713385}, "afternoon": {"1": 0.0, "2": 0.0, "3": 0.0, "4": 0.0, "5": 0.0, "6": 0.3243391633183184, "7": 0.0, "8": 0.0, "9": 0.0, "10": 0.6756608366816815, "11": 0.0, "12": 0.0}, "evening": {"1": 0.3403709350698367, "2": 0.11790656967054707, "3": 0.18002933681885486, "4": 0.03692773154424228, "5": 0.0350847260745258, "6": 0.04141616398325664, "7": 0.051873377100018395, "8": 0.0, "9": 0.0, "10": 0.07165359026334382, "11": 0.05474026497847143, "12": 0.06999730449690317}, "night": {"1": 0.4316876280103948, "2": 0.06886664236370148, "3": 0.07676894555208709, "4": 0.05665876978740775, "5": 0.028546157325524527, "6": 0.04534127992766528, "7": 0.028097777223626223, "8": 0.025042605423645056, "9": 0.017079836647399597, "10": 0.12789304559211082, "11": 0.0710460628841592, "12": 0.02297124926227839}}, "end": {"morning": {"1": 0.2614094825637377, "2": 0.17526727018099528, "3": 0.19873104863408167, "4": 0.0, "5": 0.0, "6": 0.0, "7": 0.14717892092774956, "8": 0.0, "9": 0.0, "10": 0.21741327769343582, "11": 0.0, "12": 0.0}, "noon": {"1": 1.0, "2": 0.0, "3": 0.0, "4": 0.0, "5": 0.0, "6": 0.0, "7": 0.0, "8": 0.0, "9": 0.0, "10": 0.0, "11": 0.0, "12": 0.0}, "afternoon": {"1": NaN, "2": NaN, "3": NaN, "4": NaN, "5": NaN, "6": NaN, "7": NaN, "8": NaN, "9": NaN, "10": NaN, "11": NaN, "12": NaN}, "evening": {"1": 0.5148212515571521, "2": 0.0, "3": 0.4851787484428479, "4": 0.0, "5": 0.0, "6": 0.0, "7": 0.0, "8": 0.0, "9": 0.0, "10": 0.0, "11": 0.0, "12": 0.0}, "night": {"1": 0.43658275437424954, "2": 0.18857676089912082, "3": 0.16536129178123646, "4": 0.0, "5": 0.0, "6": 0.0, "7": 0.0, "8": 0.0, "9": 0.0, "10": 0.20947919294539322, "11": 0.0, "12": 0.0}}}