{"start": {"morning": {"1": 0.07103358355374394, "2": 0.07927974328716826, "3": 0.16467581821921795, "4": 0.06677698398181393, "5": 0.09303944336070011, "6": 0.09523726473193246, "7": 0.07914293683240642, "8": 0.05889228039408515, "9": 0.046228560261225966, "10": 0.1015803605193142, "11": 0.08803908904622247, "12": 0.05607393581216916}, "noon": {"1": 0.042129865776652245, "2": 0.07720388542921032, "3": 0.12020685578111688, "4": 0.06001971131831364, "5": 0.08140229481039138, "6": 0.09621712891817404, "7": 0.0762799881698152, "8": 0.06365868689565915, "9": 0.06010649415701617, "10": 0.12241160002144413, "11": 0.09856528918888313, "12": 0.10179819953332371}, "afternoon": {"1": 0.034275896099798656, "2": 0.06454339711219184, "3": 0.11226164930819435, "4": 0.0533446966215292, "5": 0.08652822270794029, "6": 0.09754651378290209, "7": 0.08638105019497529, "8": 0.06328246400585814, "9": 0.06471517378216159, "10": 0.13590164005868136, "11": 0.10976458685358904, "12": 0.09145470947217794}, "evening": {"1": 0.057179878095274396, "2": 0.09685794150346708, "3": 0.11735604106348817, "4": 0.06238355017448143, "5": 0.07066269370116235, "6": 0.1150341591196177, "7": 0.06843381785736782, "8": 0.07709605148743089, "9": 0.061019790493220066, "10": 0.08893445068198885, "11": 0.09583615363823807, "12": 0.08920547218426317}, "night": {"1": 0.043586815181796544, "2": 0.06442297023222847, "3": 0.14987219112427988, "4": 0.06347350156539544, "5": 0.06987247547615016, "6": 0.0844874282978311, "7": 0.09144578428056878, "8": 0.07995752873533742, "9": 0.05354606689449354, "10": 0.10569230473053025, "11": 0.12235047585306305, "12": 0.07129245762832535}}, "end": {"morning": {"1": 0.133574297468369, "2": 0.07769186566159567, "3": 0.15239947857402888, "4": 0.0751945052195588, "5": 0.10957803339396914, "6": 0.07636236984251639, "7": 0.040146074538577624, "8": 0.06439493635865515, "9": 0.03937415775847976, "10": 0.10641933998038544, "11": 0.06932740985237991, "12": 0.05553753135148424}, "noon": {"1": 0.06162234554265771, "2": 0.07089588290910125, "3": 0.10133071915309357, "4": 0.04536972640954215, "5": 0.05955059171201484, "6": 0.07050760887370433, "7": 0.03194986684739213, "8": 0.07400608209103325, "9": 0.05695668975369403, "10": 0.15842501260379363, "11": 0.15549908917056132, "12": 0.11388638493341181}, "afternoon": {"1": 0.04821922355576133, "2": 0.07292156639835315, "3": 0.11030387810916852, "4": 0.04377196999606868, "5": 0.06935579894674838, "6": 0.07581862189527878, "7": 0.04716040816601199, "8": 0.07819246968835121, "9": 0.0632517599401821, "10": 0.15600889561357933, "11": 0.139380653232294, "12": 0.0956147544582025}, "evening": {"1": 0.11450643478637547, "2": 0.0829543950148944, "3": 0.10969572603268773, "4": 0.053194783481046753, "5": 0.08425804516189055, "6": 0.08448495233024067, "7": 0.028536279571076593, "8": 0.07825639162667318, "9": 0.046443310724329855, "10": 0.11478589728687036, "11": 0.11494834513219386, "12": 0.08793543885172056}, "night": {"1": 0.07640541400019649, "2": 0.05017632930019964, "3": 0.10962370766285767, "4": 0.065019646724471, "5": 0.07456875248312447, "6": 0.08266400373194997, "7": 0.0540289910923151, "8": 0.08592122761396538, "9": 0.060533293236094604, "10": 0.11771162761861809, "11": 0.14126703127981904, "12": 0.08207997525638858}}}