{"morning": {"1": 0.14075228838548895, "2": 0.08661720397580687, "3": 0.09326802803754637, "4": 0.07965839687792238, "5": 0.14956718666859567, "6": 0.049284493857782996, "7": 0.08185649386141476, "8": 0.053079977940210465, "9": 0.04186752443790973, "10": 0.11771071547284322, "11": 0.06372320058707187, "12": 0.0426144898974067}, "noon": {"1": 0.08884472587394879, "2": 0.07353837160147628, "3": 0.07858784008867041, "4": 0.07713584912942904, "5": 0.14087168984917517, "6": 0.056607858413095284, "7": 0.11124596540714181, "8": 0.059248545671319104, "9": 0.046725449638927156, "10": 0.1571663652839421, "11": 0.06974437006417607, "12": 0.040282968978698666}, "afternoon": {"1": 0.24488049915410728, "2": 0.22397198544766797, "3": 0.06415927812782872, "4": 0.046791204999527485, "5": 0.161877709926599, "6": 0.028255325242516324, "7": 0.040984423134586966, "8": 0.02525721649678929, "9": 0.02174406367789753, "10": 0.07213601428566675, "11": 0.038929546147795056, "12": 0.031012733359017275}, "evening": {"1": 0.24488049915410728, "2": 0.22397198544766797, "3": 0.06415927812782872, "4": 0.046791204999527485, "5": 0.161877709926599, "6": 0.028255325242516324, "7": 0.040984423134586966, "8": 0.02525721649678929, "9": 0.02174406367789753, "10": 0.07213601428566675, "11": 0.038929546147795056, "12": 0.031012733359017275}, "night": {"1": 0.318261483096734, "2": 0.04479769822823689, "3": 0.057662960423139745, "4": 0.12683289286429786, "5": 0.14947690724902102, "6": 0.0354309473897106, "7": 0.05255574885505385, "8": 0.0316888170424855, "9": 0.02410520808489821, "10": 0.07432579552487004, "11": 0.046230563517363134, "12": 0.038630977724189094}}