{"start": {"morning": {"1": 0.03557316628116843, "2": 0.044644027790460096, "3": 0.07793789883766718, "4": 0.056339780731768596, "5": 0.09167281039466037, "6": 0.06197618228640263, "7": 0.10120011660307178, "8": 0.06348040039363195, "9": 0.09049520461128538, "10": 0.20785481807584327, "11": 0.12311501972544496, "12": 0.045710574268595365}, "noon": {"1": 0.02445095071182861, "2": 0.04332871290555433, "3": 0.05661308504030819, "4": 0.04445252383804422, "5": 0.09281476900223846, "6": 0.06306515849403832, "7": 0.1244944638089926, "8": 0.07518563103543387, "9": 0.09334791674970161, "10": 0.23168966430647558, "11": 0.10627908813090026, "12": 0.04427803597648394}, "afternoon": {"1": 0.02554441316813631, "2": 0.039715704273861716, "3": 0.06620808604971117, "4": 0.04898032267236231, "5": 0.09035800147585442, "6": 0.06038648955819669, "7": 0.0848264428679003, "8": 0.06033451161362487, "9": 0.09960836048039502, "10": 0.20358044806689057, "11": 0.15353171898206688, "12": 0.06692550079099974}, "evening": {"1": 0.02554441316813631, "2": 0.039715704273861716, "3": 0.06620808604971117, "4": 0.04898032267236231, "5": 0.09035800147585442, "6": 0.06038648955819669, "7": 0.0848264428679003, "8": 0.06033451161362487, "9": 0.09960836048039502, "10": 0.20358044806689057, "11": 0.15353171898206688, "12": 0.06692550079099974}, "night": {"1": 0.036678001381857096, "2": 0.04112731163318643, "3": 0.05750735529464139, "4": 0.057753796844061164, "5": 0.0918511848597963, "6": 0.05855116865223728, "7": 0.09379982810104434, "8": 0.06902844077636616, "9": 0.06957328631427778, "10": 0.2459643482495412, "11": 0.12008604582270309, "12": 0.058079232070287916}}, "end": {"morning": {"1": 0.03556990271136119, "2": 0.05206449428880908, "3": 0.0814255223196937, "4": 0.04992693499134019, "5": 0.10252435149953192, "6": 0.06294429179348351, "7": 0.12359604716647801, "8": 0.061131230265698035, "9": 0.0914355699900805, "10": 0.1856164546260923, "11": 0.10478871383101936, "12": 0.04897648651641234}, "noon": {"1": 0.02107235675213569, "2": 0.052503015068104994, "3": 0.06550633619518359, "4": 0.04799443142034952, "5": 0.11867923104773062, "6": 0.07293618550297937, "7": 0.12564358560007324, "8": 0.07239910853334255, "9": 0.09475287595683848, "10": 0.1979812974147167, "11": 0.080401307347972, "12": 0.05013026916057299}, "afternoon": {"1": 0.02862751200945817, "2": 0.039480431975778524, "3": 0.06945260168989768, "4": 0.04730464168136467, "5": 0.10964475302065325, "6": 0.0535067000930902, "7": 0.0841398942880989, "8": 0.058168896260890134, "9": 0.09662394614256319, "10": 0.203196939146373, "11": 0.13368686842721716, "12": 0.07616681526461513}, "evening": {"1": 0.02862751200945817, "2": 0.039480431975778524, "3": 0.06945260168989768, "4": 0.04730464168136467, "5": 0.10964475302065325, "6": 0.0535067000930902, "7": 0.0841398942880989, "8": 0.058168896260890134, "9": 0.09662394614256319, "10": 0.203196939146373, "11": 0.13368686842721716, "12": 0.07616681526461513}, "night": {"1": 0.04261610317444454, "2": 0.04273682337834502, "3": 0.06521741253182656, "4": 0.059081635244119, "5": 0.10395318103651985, "6": 0.07782527508120644, "7": 0.11120846357029755, "8": 0.05798117749886381, "9": 0.07058303500959472, "10": 0.19842339086784094, "11": 0.10568521312959718, "12": 0.06468828947734455}}}