{"morning": {"1": 0.16627357216255392, "2": 0.11206732313901689, "3": 0.08010428973726048, "4": 0.007747595931154343, "5": 0.08218039902682056, "6": 0.048628157446988354, "7": 0.1099843110693588, "8": 0.035703164517477785, "9": 0.01031157376812078, "10": 0.14323373763985242, "11": 0.11359588201163724, "12": 0.09016999354975855, "start": 1.0, "end": 2.0}, "noon": {"13": 0.06790099181188464, "2": 0.16064574497231876, "3": 0.050100020907054045, "4": 0.026572917205733473, "5": 0.19534309120772894, "6": 0.0260564398689365, "7": 0.04468282062547729, "8": 0.027400603305106706, "9": 0.006838174179666528, "10": 0.3020462467126059, "11": 0.05039240020850819, "12": 0.042020548994979035, "start": 2.0, "end": 10.0}, "afternoon": {"13": 0.18078106154194154, "14": 0.16049798867184117, "15": 0.04842631519971021, "16": 0.01938006344116389, "17": 0.05271235645620346, "18": 0.05446260063249281, "19": 0.07805964849403739, "20": 0.04495470307896977, "9": 0.02273556723714672, "10": 0.15756032069315054, "11": 0.12123807462535496, "12": 0.05919129992798753, "start": 10.0, "end": 14.0}, "evening": {"13": 0.14539562082960217, "14": 0.3697031844593791, "15": 0.041704082724081395, "16": 0.01706241941526713, "17": 0.046636818068895525, "18": 0.03775488624662275, "19": 0.05521514452661348, "20": 0.024015384306849713, "21": 0.007248083785933586, "22": 0.11448349348504683, "23": 0.09602763733121014, "24": 0.0447532448204982, "start": 14.0, "end": 24.0}, "night": {"1": 1.0, "14": 0.0, "15": 0.0, "16": 0.0, "17": 0.0, "18": 0.0, "19": 0.0, "20": 0.0, "21": 0.0, "22": 0.0, "23": 0.0, "12": 0.0, "start": 24.0, "end": 1.0}}