{"start": {"morning": {"1": 0.07343774116877178, "2": 0.06600127837609458, "3": 0.035433482352103994, "4": 0.030348096338796468, "5": 0.06156447460809851, "6": 0.07521748929797965, "7": 0.10281095209451338, "8": 0.07758835142009207, "9": 0.061808818703977836, "10": 0.14744999172241022, "11": 0.12709110023811193, "12": 0.1412482236790496}, "noon": {"1": 0.5789957116216201, "2": 0.035436930557814036, "3": 0.03268367871696115, "4": 0.02649298836774528, "5": 0.04544816961032198, "6": 0.034073498401754804, "7": 0.039097847622444594, "8": 0.04556623267064097, "9": 0.03591673249682358, "10": 0.04100497497936158, "11": 0.03628713995566541, "12": 0.04899609499884628}, "afternoon": {"1": 0.0875731994230083, "2": 0.07487760844429668, "3": 0.042174004358814604, "4": 0.0, "5": 0.06961946767312134, "6": 0.06961087167857286, "7": 0.09652091561920749, "8": 0.09088391101691995, "9": 0.05219384737907955, "10": 0.14088117762289962, "11": 0.11093534579830658, "12": 0.16472965098577322}, "evening": {"1": 0.15447974878654355, "2": 0.08337849867331924, "3": 0.04800551751327286, "4": 0.0, "5": 0.06576639955386976, "6": 0.05957252754418414, "7": 0.08003362570318763, "8": 0.07862520121335362, "9": 0.05249686976757079, "10": 0.12488872995762763, "11": 0.1160825618723365, "12": 0.13667031941473406}, "night": {"1": 0.1877054092299284, "2": 0.06816770891438712, "3": 0.061361238536179315, "4": 0.045056234476913155, "5": 0.07509773531157357, "6": 0.06779661016949154, "7": 0.08241865281526192, "8": 0.06196136685290729, "9": 0.07668955158209559, "10": 0.08709342349513643, "11": 0.10470394561082173, "12": 0.08194812300530409}}, "end": {"morning": {"1": 0.07551102821774941, "2": 0.0632087210676238, "3": 0.0, "4": 0.0, "5": 0.06714629152684572, "6": 0.05916906800718194, "7": 0.09394004456217953, "8": 0.09956259757916343, "9": 0.07656976655340021, "10": 0.20852354787305452, "11": 0.12049159916671821, "12": 0.1358773354460832}, "noon": {"1": 0.20228621424996357, "2": 0.06491441562471158, "3": 0.07511497744515427, "4": 0.0, "5": 0.11430320979219798, "6": 0.06509614992030884, "7": 0.08868979687459871, "8": 0.11609646906197527, "9": 0.07667542305918514, "10": 0.06614072353873793, "11": 0.062481339656545155, "12": 0.0682012807766216}, "afternoon": {"1": 0.20192163018323642, "2": 0.0, "3": 0.0, "4": 0.0, "5": 0.0, "6": 0.0, "7": 0.0, "8": 0.1965878567100406, "9": 0.0, "10": 0.34663210002036315, "11": 0.0, "12": 0.2548584130863598}, "evening": {"1": NaN, "2": NaN, "3": NaN, "4": NaN, "5": NaN, "6": NaN, "7": NaN, "8": NaN, "9": NaN, "10": NaN, "11": NaN, "12": NaN}, "night": {"1": 1.0, "2": 0.0, "3": 0.0, "4": 0.0, "5": 0.0, "6": 0.0, "7": 0.0, "8": 0.0, "9": 0.0, "10": 0.0, "11": 0.0, "12": 0.0}}}