{"morning": {"1": 0.07374846753263221, "2": 0.018826603935104047, "3": 0.02438700773922341, "4": 0.023265925030397677, "5": 0.023860820278875233, "6": 0.0247255124636828, "7": 0.09598559933681242, "8": 0.03754189094107415, "9": 0.02903059787505784, "10": 0.34829728859691667, "11": 0.1905645960677666, "12": 0.10976569020245697}, "noon": {"1": 0.3457608079051056, "2": 0.013024912678744179, "3": 0.019973965063548104, "4": 0.020249379804318936, "5": 0.026645392071761465, "6": 0.017804388933715127, "7": 0.028313215182696316, "8": 0.04660465281294909, "9": 0.022539797210367012, "10": 0.20054500820521262, "11": 0.10793504339120225, "12": 0.15060343674037927}, "afternoon": {"1": 0.15026729732889135, "2": 0.033656472743954294, "3": 0.03627380783129615, "4": 0.03616321133681069, "5": 0.036546472220303605, "6": 0.03219426637454768, "7": 0.04628342478928697, "8": 0.054222803665140464, "9": 0.030872597499169995, "10": 0.41314963635746216, "11": 0.05622019292295728, "12": 0.07414981693017939}, "night": {"1": 0.040341937427510424, "2": 0.04813787382222416, "3": 0.06840312461576262, "4": 0.053044159848036634, "5": 0.07480965959043673, "6": 0.03733295922218438, "7": 0.042127590327764856, "8": 0.06791899936024552, "9": 0.037033907155802875, "10": 0.29106141982594425, "11": 0.09715727385213271, "12": 0.1426310949519548}}