{"start": {"morning": {"1": 0.026776465127579446, "2": 0.02531367365410306, "3": 0.026015408780756755, "4": 0.024825203328725672, "5": 0.029804253967191066, "6": 0.04000245843684217, "7": 0.062266032940153246, "8": 0.04548923536832154, "9": 0.023840001312277634, "10": 0.26165217645056915, "11": 0.1839912911476686, "12": 0.25002379948581166}, "noon": {"1": 0.03456127624467158, "2": 0.027870576942451476, "3": 0.028037862753077264, "4": 0.03408083804439656, "5": 0.03399688324413994, "6": 0.045344243814925037, "7": 0.05970311501409991, "8": 0.061111208424623226, "9": 0.029462482227648648, "10": 0.20097330529095786, "11": 0.16911121181159733, "12": 0.27574699618741116}, "afternoon": {"1": 0.05570659057235905, "2": 0.05827348979614901, "3": 0.05209011159468241, "4": 0.03880421710465814, "5": 0.03751792756597398, "6": 0.05571680049258884, "7": 0.07847939204033216, "8": 0.059901093330757604, "9": 0.024440628343724777, "10": 0.20342056645362722, "11": 0.14414164902843923, "12": 0.19150753367670756}, "night": {"1": 0.03531400464649125, "2": 0.03449128532889456, "3": 0.04246268771018177, "4": 0.03338648517354497, "5": 0.04333265306880517, "6": 0.051105218410563556, "7": 0.06372945997988336, "8": 0.04185771533909541, "9": 0.023356459461989477, "10": 0.2519752582999848, "11": 0.1681537011235421, "12": 0.21083507145702352}}, "end": {"morning": {"1": 0.024261539845886578, "2": 0.0222549350792908, "3": 0.030326173720244952, "4": 0.025155622641173422, "5": 0.03080628251609374, "6": 0.032162458886078375, "7": 0.04892018412247321, "8": 0.048900688466230635, "9": 0.028520975517420978, "10": 0.30238597615011675, "11": 0.19263689237639492, "12": 0.21366827067859562}, "noon": {"1": 0.030143266538488957, "2": 0.02547333998895015, "3": 0.03382066862682357, "4": 0.03181836252073817, "5": 0.04234063148474137, "6": 0.03871033533518415, "7": 0.05710354798765741, "8": 0.06938676873603501, "9": 0.04052728431659267, "10": 0.22398729093788775, "11": 0.1672314476213481, "12": 0.23945705590555272}, "afternoon": {"1": 0.03469485531626819, "2": 0.04376744472032583, "3": 0.054436102452581084, "4": 0.031680854164383224, "5": 0.03645098125750385, "6": 0.042271359152775474, "7": 0.060437017095855826, "8": 0.06032599386694986, "9": 0.030043912178723615, "10": 0.23030853271284035, "11": 0.1945151012044188, "12": 0.1810678458773739}, "night": {"1": 0.025743356270672188, "2": 0.02991014284682397, "3": 0.04268182108693476, "4": 0.030999778110210065, "5": 0.040900584117013895, "6": 0.03892706280224308, "7": 0.05039326271178344, "8": 0.04689881320406783, "9": 0.027675063610528315, "10": 0.3003982706785325, "11": 0.16458064921600224, "12": 0.20089119534518776}}}