{"morning": {"1": 0.186798624684055, "2": 0.09086182968546967, "3": 0.10824322725545368, "4": 0.08634643808932256, "5": 0.0647616461707259, "6": 0.041151366476176524, "7": 0.10021752440903609, "8": 0.03419218587507245, "9": 0.03818824272268204, "10": 0.03504740907923204, "11": 0.08063362620911928, "12": 0.13355787934365476}, "noon": {"1": 0.12048188589191831, "2": 0.0755956071825616, "3": 0.08495026146070686, "4": 0.06037467642651629, "5": 0.04929273548940801, "6": 0.0522563324450962, "7": 0.07545056488729295, "8": 0.04396459264720155, "9": 0.049867299917241176, "10": 0.08165871142802626, "11": 0.1624202904582299, "12": 0.14368704176580108}, "afternoon": {"1": 0.08728304057660796, "2": 0.058926698045618696, "3": 0.08312261543453936, "4": 0.04930594713566646, "5": 0.058557740625750095, "6": 0.04690487850785022, "7": 0.07377347972036626, "8": 0.03438791863727098, "9": 0.05792453127857538, "10": 0.09720080300510377, "11": 0.15219422796532528, "12": 0.20041811906732568}, "evening": {"1": 0.10469746118394727, "2": 0.06541883214477336, "3": 0.11318934797846548, "4": 0.11527632643916723, "5": 0.08148809677489306, "6": 0.05082195904567236, "7": 0.08409757483095885, "8": 0.03634600790338763, "9": 0.06880522961742697, "10": 0.04947077733344269, "11": 0.11509134443859359, "12": 0.11529704230927164}, "night": {"1": 0.1741277719021949, "2": 0.10161043755376366, "3": 0.12269212584120039, "4": 0.09337112074191617, "5": 0.0471882849701192, "6": 0.06736425668894246, "7": 0.0807469076226806, "8": 0.04590365067215287, "9": 0.05464653180194889, "10": 0.03964246935683896, "11": 0.07770145139321043, "12": 0.09500499145503165}}