{"morning": {"13": 0.176684231408785, "14": 0.08574705709351244, "3": 0.10152493664008014, "4": 0.08262885375817398, "5": 0.06040996835878074, "6": 0.05311274897795868, "7": 0.09455213650567348, "8": 0.04580166519270706, "9": 0.04883249837714668, "10": 0.04614902566742634, "11": 0.07724065387428729, "12": 0.1273162241454683, "start": 3.0, "end": 13.0}, "noon": {"13": 0.2208983914412003, "14": 0.13596360301838362, "15": 0.06796020916856547, "16": 0.04829974114121303, "17": 0.039434188391526404, "18": 0.041805065956076956, "19": 0.06036045190983434, "8": 0.03517167411776124, "9": 0.03989383993379293, "10": 0.065326969142421, "11": 0.1299362323665839, "12": 0.11494963341264083, "start": 13.0, "end": 14.0}, "afternoon": {"13": 0.13714894683840456, "14": 0.07494100502933666, "15": 0.0879391823149554, "16": 0.05800475639796796, "17": 0.06245661341614393, "18": 0.03752390280628017, "19": 0.0676841970572479, "20": 0.027510334909816785, "9": 0.05657698393242633, "10": 0.07776064240408302, "11": 0.13113386664599574, "12": 0.1813195682473417, "start": 14.0, "end": 15.0}, "evening": {"13": 0.1032228270317073, "14": 0.06472042812795602, "15": 0.1118326911195184, "16": 0.11473279021159445, "17": 0.08064847309481529, "18": 0.05041703036478, "19": 0.08367357751141868, "20": 0.044281883457355356, "21": 0.0683478990440812, "22": 0.04899898510604736, "23": 0.1144764683393525, "24": 0.11464694659137341, "start": 15.0, "end": 24.0}, "night": {"1": 0.1741277719021949, "2": 0.10161043755376366, "3": 0.12269212584120039, "4": 0.09337112074191617, "5": 0.0471882849701192, "6": 0.06736425668894246, "19": 0.0807469076226806, "8": 0.04590365067215287, "9": 0.05464653180194889, "10": 0.03964246935683896, "11": 0.07770145139321043, "24": 0.09500499145503165, "start": 24.0, "end": 3.0}}