{"start": {"morning": {"1": 0.08502731392818896, "2": 0.08058926448803266, "3": 0.13630803382005294, "4": 0.07662480986529585, "5": 0.12277853870520092, "6": 0.09309986242779503, "7": 0.07029630419400597, "8": 0.028269321177620932, "9": 0.08185469661393331, "10": 0.05958544221903817, "11": 0.06706940183389232, "12": 0.09849701072694293}, "noon": {"1": 0.07715530692139835, "2": 0.042324072461890225, "3": 0.06558516555190999, "4": 0.0815735010983405, "5": 0.07380748771003307, "6": 0.08814404564435396, "7": 0.07477143825366644, "8": 0.04037045156178639, "9": 0.09156269363245326, "10": 0.1526928005643144, "11": 0.14342723865614782, "12": 0.06858579794370563}, "afternoon": {"1": 0.09364387286912088, "2": 0.0663709081857, "3": 0.08260866660597177, "4": 0.08238059614266856, "5": 0.0959521928346694, "6": 0.06479757652409786, "7": 0.06080194936009331, "8": 0.03565284252637457, "9": 0.07878004991346772, "10": 0.10172539611300595, "11": 0.10751549042367489, "12": 0.1297704585011551}, "evening": {"1": 0.07834790291214869, "2": 0.03490011364068184, "3": 0.09443280549657894, "4": 0.08819138256365894, "5": 0.12434083739228284, "6": 0.07647263097543384, "7": 0.059878777017549546, "8": 0.02879936412093504, "9": 0.1295597600331649, "10": 0.04865761325585897, "11": 0.1313366017604845, "12": 0.1050822108312221}, "night": {"1": 0.11011085047997567, "2": 0.09502074791461254, "3": 0.12812694598646626, "4": 0.08914012369052461, "5": 0.07135019145456717, "6": 0.08718271530366535, "7": 0.05260857706867394, "8": 0.034135026473307836, "9": 0.05972269761880198, "10": 0.05129943703238676, "11": 0.0814719683009105, "12": 0.13983071867610739}}, "end": {"morning": {"1": 0.09113042832693596, "2": 0.10519290671525233, "3": 0.15887083676374023, "4": 0.07116623396389168, "5": 0.0962585363729985, "6": 0.0770911698163246, "7": 0.052410551095854394, "8": 0.031415147727947554, "9": 0.07376825878298136, "10": 0.06607496995453518, "11": 0.07429374311116349, "12": 0.10232721736837469}, "noon": {"1": 0.08860357031851676, "2": 0.09742649737642195, "3": 0.1218489444984689, "4": 0.07448785118881991, "5": 0.08531631113089744, "6": 0.08839431614752942, "7": 0.05693635583388178, "8": 0.0389923627156271, "9": 0.07437087680153748, "10": 0.09477688481467988, "11": 0.09726691644578916, "12": 0.08157911272783021}, "afternoon": {"1": 0.1146030317664436, "2": 0.08953345186116532, "3": 0.11961081201131746, "4": 0.07116974612043996, "5": 0.10668341993920369, "6": 0.06314216029195625, "7": 0.058726875774854054, "8": 0.03926134560808363, "9": 0.07876434310251038, "10": 0.07897401625955211, "11": 0.07013645962838636, "12": 0.10939433763608725}, "evening": {"1": 0.07882183788958157, "2": 0.0688800754099355, "3": 0.10245372617082603, "4": 0.08242061137459893, "5": 0.0985451457579239, "6": 0.08089474409006416, "7": 0.04816632945425892, "8": 0.03275915296698142, "9": 0.10869709965688341, "10": 0.0690206184207406, "11": 0.11647823642564707, "12": 0.11286242238255863}, "night": {"1": 0.10506860936460072, "2": 0.09906921293104379, "3": 0.11318821686335882, "4": 0.07766699440588526, "5": 0.06735160289355907, "6": 0.08464900571090381, "7": 0.05048425892239014, "8": 0.03810073077485296, "9": 0.06543584372964706, "10": 0.05587107485264156, "11": 0.08721632378843738, "12": 0.15589812576267942}}}