{"morning": {"1": 0.2396372248625312, "2": 0.14238344465080338, "3": 0.13176634858184916, "4": 0.12325021300793573, "5": 0.086394375215734, "6": 0.03782664737981586, "7": 0.029990779069177464, "8": 0.02892481401835233, "9": 0.030378689229104604, "10": 0.06639387457223671, "11": 0.03348443312652547, "12": 0.049569156285934134}, "noon": {"1": 0.309434102120006, "2": 0.1205437460431275, "3": 0.10682389378881994, "4": 0.10140171600627201, "5": 0.07860389024704005, "6": 0.050043655860881386, "7": 0.03622466173054507, "8": 0.026077290400560987, "9": 0.03411610150224096, "10": 0.06061605281932899, "11": 0.035303387628419, "12": 0.04081150185275792}, "afternoon": {"1": 0.21740125889377074, "2": 0.12034135800562347, "3": 0.12272231670922876, "4": 0.11952103631041307, "5": 0.07818937395967611, "6": 0.04818139872958091, "7": 0.04422394010042928, "8": 0.03781727680078628, "9": 0.03954238031235571, "10": 0.07117174526542956, "11": 0.04150255810057965, "12": 0.05938535681212668}, "evening": {"1": 0.245669120720401, "2": 0.1826374595955637, "3": 0.15327063866404553, "4": 0.13867738952055728, "5": 0.057669151799583526, "6": 0.02504716919971816, "7": 0.018484170617808885, "8": 0.01871141962006846, "9": 0.01817728871162123, "10": 0.07412271051192834, "11": 0.03502298721504964, "12": 0.03251049382365436}, "night": {"1": 0.20878728878318004, "2": 0.16924877158614957, "3": 0.13334306038727892, "4": 0.10877215171729844, "5": 0.09115855548491729, "6": 0.03709539798516816, "7": 0.04451794078081808, "8": 0.04159943039478459, "9": 0.04073175968203653, "10": 0.05774732883005751, "11": 0.023937129655210415, "12": 0.04306118471310061}}