{"morning": {"1": 0.2396372248625312, "2": 0.14238344465080338, "3": 0.13176634858184916, "4": 0.12325021300793573, "5": 0.086394375215734, "6": 0.03782664737981586, "7": 0.029990779069177464, "8": 0.02892481401835233, "9": 0.030378689229104604, "10": 0.06639387457223671, "11": 0.03348443312652547, "12": 0.049569156285934134, "start": 1.0, "end": 4.0}, "noon": {"13": 0.309434102120006, "14": 0.1205437460431275, "15": 0.10682389378881994, "4": 0.10140171600627201, "5": 0.07860389024704005, "6": 0.050043655860881386, "7": 0.03622466173054507, "8": 0.026077290400560987, "9": 0.03411610150224096, "10": 0.06061605281932899, "11": 0.035303387628419, "12": 0.04081150185275792, "start": 4.0, "end": 13.0}, "afternoon": {"13": 0.21740125889377074, "14": 0.12034135800562347, "3": 0.12272231670922876, "4": 0.11952103631041307, "17": 0.07818937395967611, "18": 0.04818139872958091, "19": 0.04422394010042928, "20": 0.03781727680078628, "21": 0.03954238031235571, "22": 0.07117174526542956, "23": 0.04150255810057965, "12": 0.05938535681212668, "start": 13.0, "end": 14.0}, "evening": {"13": 0.245669120720401, "14": 0.1826374595955637, "15": 0.15327063866404553, "16": 0.13867738952055728, "17": 0.057669151799583526, "18": 0.02504716919971816, "19": 0.018484170617808885, "20": 0.01871141962006846, "21": 0.01817728871162123, "22": 0.07412271051192834, "23": 0.03502298721504964, "24": 0.03251049382365436, "start": 14.0, "end": 16.0}, "night": {"1": 0.20878728878318004, "2": 0.16924877158614957, "3": 0.13334306038727892, "16": 0.10877215171729844, "17": 0.09115855548491729, "18": 0.03709539798516816, "19": 0.04451794078081808, "20": 0.04159943039478459, "21": 0.04073175968203653, "22": 0.05774732883005751, "23": 0.023937129655210415, "24": 0.04306118471310061, "start": 16.0, "end": 1.0}}