{"start": {"morning": {"1": 0.09837870749244192, "2": 0.07131768649541045, "3": 0.07159168798124402, "4": 0.05933739912146806, "5": 0.10411975268773625, "6": 0.10052223800355276, "7": 0.05899775685035072, "8": 0.05252976340705012, "9": 0.06603478193540846, "10": 0.13731550281389415, "11": 0.07570192014689348, "12": 0.10415280306454963}, "noon": {"1": 0.15554831924599236, "2": 0.07672701805491551, "3": 0.08690633311086075, "4": 0.07666647386972057, "5": 0.10471129662340727, "6": 0.10901620811502045, "7": 0.023223487434246078, "8": 0.0363928850885886, "9": 0.04492799016126939, "10": 0.12554700906998198, "11": 0.03864630055270485, "12": 0.12168667867329236}, "afternoon": {"1": 0.10222536683410072, "2": 0.027029391878760963, "3": 0.0331477228354102, "4": 0.028395747718212735, "5": 0.10866132676309007, "6": 0.1355685652242526, "7": 0.072800439988079, "8": 0.03744533768503113, "9": 0.05075610240788589, "10": 0.16587380336584379, "11": 0.09419801220470705, "12": 0.14389818309462588}, "evening": {"1": 0.09245899639578331, "2": 0.05998580585531431, "3": 0.09438115140722966, "4": 0.05529522692802898, "5": 0.10753187110755547, "6": 0.09601977952144031, "7": 0.07596949421375455, "8": 0.08102748038505132, "9": 0.08749918176800603, "10": 0.08891262070461546, "11": 0.05708022496052284, "12": 0.10383816675269773}, "night": {"1": 0.29429674918960896, "2": 0.03632753197818244, "3": 0.04501797870271098, "4": 0.03278424830311631, "5": 0.044440370310226365, "6": 0.051808360222927195, "7": 0.026813588850496183, "8": 0.03694199878319971, "9": 0.040096259346296174, "10": 0.27861218503512347, "11": 0.04099762896382179, "12": 0.07186310031429056}}, "end": {"morning": {"1": 0.08481941414573448, "2": 0.09290034533872642, "3": 0.08207662878069343, "4": 0.04651071770896066, "5": 0.11703051855607602, "6": 0.0785356376985899, "7": 0.06885294765332879, "8": 0.060261279964805486, "9": 0.07764119925182972, "10": 0.13179174726125223, "11": 0.08234930397501888, "12": 0.07723025966498416}, "noon": {"1": 0.12009019115766123, "2": 0.08830216887679652, "3": 0.10346235259093349, "4": 0.07211167413954148, "5": 0.127413335971383, "6": 0.0784159957205338, "7": 0.05786320351288088, "8": 0.05754072303601701, "9": 0.06509970283251573, "10": 0.10067459995360767, "11": 0.05206214497095343, "12": 0.07696390723717578}, "afternoon": {"1": 0.09845493750334877, "2": 0.09595974851403363, "3": 0.09286678665625651, "4": 0.05459215945969259, "5": 0.1236547784897073, "6": 0.08515923133962905, "7": 0.06742272644031583, "8": 0.06017389803101537, "9": 0.06584052497469488, "10": 0.11103772769867655, "11": 0.06982467077041513, "12": 0.07501281012221442}, "evening": {"1": 0.10556292417369467, "2": 0.08402993293769673, "3": 0.10222632667346636, "4": 0.049067829117995274, "5": 0.11908950361090473, "6": 0.0750436934449109, "7": 0.0838143751497229, "8": 0.08098100348414394, "9": 0.08488782393747349, "10": 0.08947484255216734, "11": 0.057826617053192565, "12": 0.06799512786463112}, "night": {"1": 0.1737932885304895, "2": 0.05491583604180439, "3": 0.04375408825396721, "4": 0.025056154353319992, "5": 0.2233054121663445, "6": 0.03678821014805617, "7": 0.034031616789601524, "8": 0.033421922322052905, "9": 0.03532682405765056, "10": 0.2641360353523191, "11": 0.03139908662269095, "12": 0.04407152536170334}}}