{"before morning": {"1": 0.1480056277538358, "2": 0.09314263160415967, "3": 0.06413453950631437, "4": 0.04450298505990135, "5": 0.08633087680489479, "6": 0.07731035160008468, "7": 0.10931161635046197, "8": 0.06542456507133747, "9": 0.060451370913538846, "10": 0.08521115083495742, "11": 0.0934657907718581, "12": 0.07270849372865552}, "morning": {"1": 0.13851036239399833, "2": 0.09167485739310549, "3": 0.07180134099234521, "4": 0.052905240151125785, "5": 0.09235475985455696, "6": 0.07963564759018628, "7": 0.08246413343730481, "8": 0.05384889845280076, "9": 0.05970238007310021, "10": 0.10299347054502803, "11": 0.10233166862775667, "12": 0.0717772404886916}, "noon": {"1": 0.13727180769237673, "2": 0.0767805773531281, "3": 0.06944089909390125, "4": 0.05860661055070955, "5": 0.11191537103363705, "6": 0.07892126609581575, "7": 0.1321373878609139, "8": 0.07046026005994678, "9": 0.04948835763686092, "10": 0.07525863873087728, "11": 0.06536588247750655, "12": 0.07435294141432598}, "afternoon": {"1": 0.16259086704643208, "2": 0.09990680295841936, "3": 0.0685373961481961, "4": 0.0515187019628046, "5": 0.08282265153461492, "6": 0.07648959940990599, "7": 0.09069852284467037, "8": 0.06737335814092972, "9": 0.0631517025435473, "10": 0.08245001738877032, "11": 0.08029464342230143, "12": 0.07416573659940788}, "evening": {"1": 0.1761329394906828, "2": 0.0903947025580821, "3": 0.07401572162075351, "4": 0.05447993815837058, "5": 0.0883983786857996, "6": 0.08304972379437191, "7": 0.07526527173142492, "8": 0.044604066414627205, "9": 0.04542095828895794, "10": 0.07725584115906405, "11": 0.10785562131960953, "12": 0.08312683677825604}, "night": {"1": 0.15993044541723722, "2": 0.10448252476561586, "3": 0.08414025098233549, "4": 0.05779033802215522, "5": 0.07820985963190248, "6": 0.085724455614068, "7": 0.08610274420843739, "8": 0.06017187568106225, "9": 0.05370241616014704, "10": 0.07865564054149295, "11": 0.08161599872647578, "12": 0.0694734502490703}}