{"morning": {"1": 0.14228575001966756, "2": 0.0936745352678684, "3": 0.07353701244948885, "4": 0.0438682862484613, "5": 0.09440686165977992, "6": 0.08114322938393718, "7": 0.08449089908280757, "8": 0.05510501782011916, "9": 0.048877795145873926, "10": 0.10528611284782192, "11": 0.1040838298005706, "12": 0.0732406702736036, "start": 1.0, "end": 5.0}, "noon": {"13": 0.13727180769237673, "2": 0.0767805773531281, "3": 0.06944089909390125, "16": 0.05860661055070955, "5": 0.11191537103363705, "6": 0.07892126609581575, "7": 0.1321373878609139, "8": 0.07046026005994678, "9": 0.04948835763686092, "10": 0.07525863873087728, "11": 0.06536588247750655, "12": 0.07435294141432598, "start": 5.0, "end": 7.0}, "afternoon": {"13": 0.21908786727231425, "14": 0.10034165027428152, "15": 0.05977892375338362, "16": 0.04186941071024332, "5": 0.08108408177366845, "6": 0.06775894049903702, "7": 0.08554047675393384, "8": 0.06200393424204886, "9": 0.06189964950165156, "10": 0.07486237282805186, "11": 0.07961244179408472, "12": 0.06616025059730112, "start": 7.0, "end": 13.0}, "evening": {"13": 0.24293333039652035, "14": 0.07930704232158214, "15": 0.06308866031534187, "16": 0.03573095046272655, "5": 0.11443315511301791, "6": 0.06904025874442285, "7": 0.06422261875534506, "20": 0.026790752146897218, "21": 0.03683778336495942, "10": 0.06283087029217801, "11": 0.09539192587186604, "12": 0.1093926522151426, "start": 13.0, "end": 14.0}, "night": {"1": 0.16605316928479188, "14": 0.10740496055816466, "15": 0.08663824001056683, "16": 0.038710739573302, "17": 0.08098055377516625, "18": 0.08853810552388444, "19": 0.08931958546280333, "20": 0.062416140994600466, "21": 0.04192783498347117, "22": 0.081806748551655, "23": 0.08414007237657015, "24": 0.07206384890502385, "start": 14.0, "end": 1.0}}