{"morning": {"1": 0.13851036239399833, "2": 0.09167485739310549, "3": 0.07180134099234521, "4": 0.052905240151125785, "5": 0.09235475985455696, "6": 0.07963564759018628, "7": 0.08246413343730481, "8": 0.05384889845280076, "9": 0.05970238007310021, "10": 0.10299347054502803, "11": 0.10233166862775667, "12": 0.0717772404886916, "start": 1.0, "end": 5.0}, "noon": {"13": 0.13727180769237673, "2": 0.0767805773531281, "3": 0.06944089909390125, "16": 0.05860661055070955, "5": 0.11191537103363705, "6": 0.07892126609581575, "7": 0.1321373878609139, "8": 0.07046026005994678, "9": 0.04948835763686092, "10": 0.07525863873087728, "11": 0.06536588247750655, "12": 0.07435294141432598, "start": 5.0, "end": 7.0}, "afternoon": {"13": 0.16259086704643208, "14": 0.09990680295841936, "3": 0.0685373961481961, "16": 0.0515187019628046, "5": 0.08282265153461492, "6": 0.07648959940990599, "7": 0.09069852284467037, "8": 0.06737335814092972, "9": 0.0631517025435473, "10": 0.08245001738877032, "11": 0.08029464342230143, "12": 0.07416573659940788, "start": 7.0, "end": 13.0}, "evening": {"13": 0.1761329394906828, "14": 0.0903947025580821, "15": 0.07401572162075351, "16": 0.05447993815837058, "5": 0.0883983786857996, "6": 0.08304972379437191, "7": 0.07526527173142492, "20": 0.044604066414627205, "21": 0.04542095828895794, "10": 0.07725584115906405, "11": 0.10785562131960953, "12": 0.08312683677825604, "start": 13.0, "end": 14.0}, "night": {"1": 0.15993044541723722, "14": 0.10448252476561586, "15": 0.08414025098233549, "16": 0.05779033802215522, "17": 0.07820985963190248, "18": 0.085724455614068, "19": 0.08610274420843739, "20": 0.06017187568106225, "21": 0.05370241616014704, "22": 0.07865564054149295, "23": 0.08161599872647578, "24": 0.0694734502490703, "start": 14.0, "end": 1.0}}