{"morning": {"1": 0.03527681808108459, "2": 0.05579878771833176, "3": 0.11467762960871367, "4": 0.084491033669906, "5": 0.18860812443653235, "6": 0.07754632998245212, "7": 0.07396872195393689, "8": 0.04965193108819587, "9": 0.05286767872660077, "10": 0.2013722342223759, "11": 0.03335489224512051, "12": 0.03238581826674958}, "noon": {"1": 0.039900570278086626, "2": 0.07775147830058655, "3": 0.1619101974585889, "4": 0.13203036189334236, "5": 0.11913247973587686, "6": 0.10146444593711886, "7": 0.0825174013555049, "8": 0.06046234875864522, "9": 0.051279448393888975, "10": 0.10495386904854065, "11": 0.031926093558556, "12": 0.036671305281264124}, "afternoon": {"1": 0.033617241310392815, "2": 0.1062130843646497, "3": 0.18406483416285538, "4": 0.1178046052154682, "5": 0.10567589652279134, "6": 0.09413036061120525, "7": 0.06827991142959759, "8": 0.056617667178158144, "9": 0.046061514975754364, "10": 0.10765724966254486, "11": 0.039068897911756106, "12": 0.040808736654826025}, "evening": {"1": 0.032972601552786654, "2": 0.07203323968798349, "3": 0.16186348776296905, "4": 0.12337492488461847, "5": 0.10637048753591967, "6": 0.10518290361469768, "7": 0.07968940231344362, "8": 0.06610880951962443, "9": 0.05318387358559266, "10": 0.11995126349404017, "11": 0.03841888454517926, "12": 0.04085012150314495}, "night": {"1": 0.03943931987313102, "2": 0.07254531646312705, "3": 0.16765771770642035, "4": 0.10419875325513096, "5": 0.11057320534849442, "6": 0.1097619015917876, "7": 0.08946719709499446, "8": 0.055698110412558205, "9": 0.06586993361069726, "10": 0.11020042928610342, "11": 0.039692445961915936, "12": 0.03489566939563934}}