{"start": {"morning": {"1": 0.03300170622353468, "2": 0.0670551899490628, "3": 0.12391188449985067, "4": 0.08131579991487886, "5": 0.11727589685796432, "6": 0.10169856538175083, "7": 0.08795386805717806, "8": 0.05509300730063768, "9": 0.074148615672886, "10": 0.1639744415449849, "11": 0.05636369314465631, "12": 0.03820733145261487}, "noon": {"1": 0.016514338869426805, "2": 0.03887861825396119, "3": 0.06987034144687192, "4": 0.06679910855326816, "5": 0.10187215325734579, "6": 0.10700229275124933, "7": 0.07761746589226022, "8": 0.06404662217289679, "9": 0.06813911726160132, "10": 0.2512100541454287, "11": 0.07185961709100659, "12": 0.0661902703046832}, "afternoon": {"1": 0.014460118355147737, "2": 0.11860603712849221, "3": 0.19262090924897138, "4": 0.10221115565447901, "5": 0.10733018545386966, "6": 0.12147532524130852, "7": 0.06178897605210842, "8": 0.06039776504906025, "9": 0.051851371260092045, "10": 0.10102238992943509, "11": 0.036546731730061115, "12": 0.03168903489697458}, "evening": {"1": 0.013584117687879493, "2": 0.0536995421321177, "3": 0.0873083015346967, "4": 0.07361392455152342, "5": 0.1349108003645289, "6": 0.12086558307569666, "7": 0.08252485944964336, "8": 0.054691349305267305, "9": 0.05221547195666338, "10": 0.21494775733567928, "11": 0.05282719093021801, "12": 0.05881110167608579}, "night": {"1": 0.020527801546228897, "2": 0.05627695198715228, "3": 0.08218970625761687, "4": 0.06094431835107579, "5": 0.11742643506736197, "6": 0.10354953439503396, "7": 0.08010345924369472, "8": 0.048195387722068515, "9": 0.08413059626247213, "10": 0.21975732697656844, "11": 0.07137681577265141, "12": 0.055521666418075155}}, "end": {"morning": {"1": 0.030911406177396118, "2": 0.07033863144221221, "3": 0.10301091090477091, "4": 0.07386943535141187, "5": 0.1296813730054671, "6": 0.10421592264241009, "7": 0.08736437942506152, "8": 0.06699602540012066, "9": 0.07160824830152643, "10": 0.1461523054173469, "11": 0.05932038844047562, "12": 0.05653097349180061}, "noon": {"1": 0.01761840544453947, "2": 0.046199478200275215, "3": 0.08293655105464563, "4": 0.07949015410765126, "5": 0.14850466960423672, "6": 0.11933131670553165, "7": 0.07298842505632584, "8": 0.07758060805271028, "9": 0.06415432689559367, "10": 0.1756945547380927, "11": 0.051392014812488215, "12": 0.06410949532790923}, "afternoon": {"1": 0.01311085114353637, "2": 0.10331225673449759, "3": 0.15558056061557704, "4": 0.08653079547749257, "5": 0.14628227741770672, "6": 0.11383808554153207, "7": 0.06565417584530538, "8": 0.0694195324136981, "9": 0.04870087856570779, "10": 0.1195604073251883, "11": 0.03521132288058088, "12": 0.04279885603917719}, "evening": {"1": 0.012660494830871479, "2": 0.05609829609437707, "3": 0.09011849046206188, "4": 0.07799001377513601, "5": 0.16046968571592105, "6": 0.11408930070095293, "7": 0.08665082480269892, "8": 0.07453955351687758, "9": 0.04932729741448734, "10": 0.1750241135594326, "11": 0.04190483590217407, "12": 0.06112709322500909}, "night": {"1": 0.020271813907493087, "2": 0.06693083935756312, "3": 0.0806339007228477, "4": 0.06062564967551017, "5": 0.14243124476406058, "6": 0.10846391193774725, "7": 0.07974192411999552, "8": 0.0584585656302088, "9": 0.07897858813184075, "10": 0.19221516265196004, "11": 0.05460699813324449, "12": 0.05664140096752826}}}