{"morning": {"1": 0.17866983502949296, "2": 0.07579729671502447, "3": 0.08220187879810782, "4": 0.05125966157406632, "5": 0.09635201496275436, "6": 0.03268081614917666, "7": 0.0593464379400885, "8": 0.05434776008053745, "9": 0.05156994843839662, "10": 0.160551497182251, "11": 0.07928950262025877, "12": 0.07793335050984487}, "noon": {"1": 0.09414012871723325, "2": 0.07142748365792602, "3": 0.04022276295355912, "4": 0.031875717297195884, "5": 0.10001215816947283, "6": 0.08295610438951381, "7": 0.09566259014600538, "8": 0.04402614220430915, "9": 0.10582574964803203, "10": 0.12368512171442314, "11": 0.09567960437505196, "12": 0.11448643672727743}, "afternoon": {"1": 0.1664624489446788, "2": 0.12366335714167312, "3": 0.08379334262765459, "4": 0.026407243549760002, "5": 0.07349686109142509, "6": 0.04898010660925152, "7": 0.07279891336472223, "8": 0.04938778411132494, "9": 0.046568266821022566, "10": 0.1962264447525331, "11": 0.061982092330042725, "12": 0.05023313865591132}, "evening": {"1": 0.31392283560918294, "2": 0.0928661100047538, "3": 0.09964442655313388, "4": 0.016779986610814004, "5": 0.07117643840638903, "6": 0.008003352764155367, "7": 0.017039269642828724, "8": 0.03405435186142628, "9": 0.05613621886985627, "10": 0.16951617008028091, "11": 0.07776392365274447, "12": 0.04309691594443431}, "night": {"1": 0.1843101217818877, "2": 0.0816990899346116, "3": 0.11972733702327847, "4": 0.09091592833184753, "5": 0.11045993295028882, "6": 0.04752901703767878, "7": 0.04266795015656673, "8": 0.036931895478119155, "9": 0.038908505145566784, "10": 0.1302159488009884, "11": 0.05959233010381091, "12": 0.057041943255355144}}