{"start": {"morning": {"1": 0.07885981357044998, "2": 0.04542704488782028, "3": 0.07719975650964235, "4": 0.10796152298346093, "5": 0.13673162343941697, "6": 0.07919935119419395, "7": 0.034785308893201534, "8": 0.07541674489743254, "9": 0.038919802464796656, "10": 0.23915084782663076, "11": 0.06015560710917375, "12": 0.026192576223780295}, "noon": {"1": NaN, "2": NaN, "3": NaN, "4": NaN, "5": NaN, "6": NaN, "7": NaN, "8": NaN, "9": NaN, "10": NaN, "11": NaN, "12": NaN}, "afternoon": {"1": 0.03295870476951726, "2": 0.0492114194818499, "3": 0.0842279539196739, "4": 0.08131229254297218, "5": 0.10717461057611323, "6": 0.08573150553435188, "7": 0.05515171624315832, "8": 0.06457082432612783, "9": 0.06896457148577935, "10": 0.17221612248014448, "11": 0.13997106531284412, "12": 0.05850921332746756}, "evening": {"1": 0.09505242568780331, "2": 0.041624251634093244, "3": 0.09326934395130157, "4": 0.1293455918524138, "5": 0.12627520920831775, "6": 0.05750276948747411, "7": 0.036160638432242764, "8": 0.052601656008446365, "9": 0.05012200708226408, "10": 0.2222600676620583, "11": 0.07114393958141714, "12": 0.024642099412167544}, "night": {"1": 0.06517233108717511, "2": 0.05533372569777076, "3": 0.10230865534906416, "4": 0.15012462182122688, "5": 0.10833983013375453, "6": 0.10250964023022946, "7": 0.051493989797487524, "8": 0.06977702498265044, "9": 0.0547998537916407, "10": 0.14101221388786628, "11": 0.06112846991695838, "12": 0.03799964330417575}}, "end": {"morning": {"1": 0.06569827955615103, "2": 0.042665888694152145, "3": 0.06711818962578414, "4": 0.13529456117726488, "5": 0.08798262391727031, "6": 0.036091195814310424, "7": 0.03640556473365188, "8": 0.15066535736662617, "9": 0.038190669620096235, "10": 0.1860584259706805, "11": 0.11272783873750293, "12": 0.04110140478650953}, "noon": {"1": NaN, "2": NaN, "3": NaN, "4": NaN, "5": NaN, "6": NaN, "7": NaN, "8": NaN, "9": NaN, "10": NaN, "11": NaN, "12": NaN}, "afternoon": {"1": 0.032260073772778494, "2": 0.05900383874054797, "3": 0.07900308685938276, "4": 0.07427466603418577, "5": 0.09216704317019901, "6": 0.06322730737926327, "7": 0.05136829602720327, "8": 0.07209583085189207, "9": 0.06622228787223094, "10": 0.17776881818093693, "11": 0.14903042617025375, "12": 0.08357832494112576}, "evening": {"1": 0.04984835495953634, "2": 0.022960014904354745, "3": 0.07885631948692588, "4": 0.13482803403284074, "5": 0.10327026794044265, "6": 0.033003351069604364, "7": 0.04100284810404084, "8": 0.07604167332253317, "9": 0.02903810348752362, "10": 0.2599188352654961, "11": 0.13239296687170748, "12": 0.03883923055499388}, "night": {"1": 0.056008835160966546, "2": 0.04518425878147658, "3": 0.0780179556644361, "4": 0.10954271022419261, "5": 0.07726279238521958, "6": 0.05035911335366998, "7": 0.05665641209333928, "8": 0.09605427251557357, "9": 0.0644547108599555, "10": 0.18220999061040402, "11": 0.11879277194589201, "12": 0.06545617640487424}}}