{"morning": {"1": 0.09520853375851561, "2": 0.07092361790885374, "3": 0.09703172559354117, "4": 0.050715780789375844, "5": 0.08372172287555006, "6": 0.05342671130883442, "7": 0.11915608722014244, "8": 0.061983884713662896, "9": 0.04895416163072915, "10": 0.12486519935857739, "11": 0.08931084083998318, "12": 0.10470173400223408, "start": 1.0, "end": 10.0}, "noon": {"13": 0.07523996888234884, "14": 0.049412528183915574, "15": 0.08642081582680099, "16": 0.048724947514769315, "17": 0.06747580980819087, "18": 0.03794908291214939, "19": 0.11599433440392144, "8": 0.05328977554307977, "9": 0.04157910161824646, "10": 0.1287224198096267, "11": 0.1750004288419547, "12": 0.12019078665499594, "start": 10.0, "end": 12.0}, "afternoon": {"13": 0.13261165919066092, "14": 0.07419206408480337, "15": 0.08725911607705285, "16": 0.08569396820084925, "17": 0.09291621844135259, "18": 0.02871726115601439, "19": 0.06971096806321156, "20": 0.04382335225807605, "21": 0.03264594194164028, "10": 0.12237351402705424, "11": 0.12013955994168943, "12": 0.10991637661759508, "start": 12.0, "end": 17.0}, "night": {"1": 0.13485393226780978, "2": 0.061553927363610386, "15": 0.09057762044793954, "16": 0.04307867850371165, "17": 0.07784651594663797, "18": 0.047251840691829965, "19": 0.1246254538693101, "20": 0.0663141771776899, "21": 0.052486098284458556, "22": 0.12412120002772578, "23": 0.08524937940440569, "24": 0.09204117601487084, "start": 17.0, "end": 1.0}}