{"morning": {"13": 0.09648329224926536, "14": 0.07170923264857597, "15": 0.09889780337309133, "16": 0.05183075400866094, "17": 0.0856850181051297, "18": 0.048526763094122426, "19": 0.12111234035322349, "8": 0.06273270543337031, "9": 0.040400142531249024, "10": 0.12667635727807786, "11": 0.09030445110154935, "12": 0.10564113982368425, "start": 10.0, "end": 19.0}, "noon": {"13": 0.0763346697791272, "14": 0.05016520008492713, "15": 0.08785335140530413, "16": 0.04978776461080628, "17": 0.06902854755750001, "6": 0.033656596653681974, "19": 0.11745874881761728, "20": 0.054012085384806875, "21": 0.03389880170328034, "22": 0.13012366503295045, "23": 0.17625971279102173, "12": 0.12142085617897655, "start": 19.0, "end": 23.0}, "afternoon": {"13": 0.11108298881540601, "14": 0.05798745365345792, "15": 0.07290936952273266, "16": 0.0762950130891864, "17": 0.10055881869158599, "18": 0.030738587316003256, "19": 0.08852279604908406, "8": 0.055514520625042356, "21": 0.03166433767297087, "10": 0.125662690709295, "23": 0.12675141968733705, "24": 0.12231200416789842, "start": 23.0, "end": 24.0}, "night": {"1": 0.14074529472917657, "2": 0.06603702808894746, "3": 0.0998207190856999, "4": 0.047156574581781595, "5": 0.08471407074216598, "6": 0.042347558247007935, "7": 0.1351961522040285, "8": 0.054660112157510474, "9": 0.04386396452463759, "10": 0.12927633840413935, "11": 0.07332310360637183, "24": 0.08285908362853282, "start": 24.0, "end": 10.0}}