{"morning": {"1": 0.18639950792825705, "2": 0.05068150976971436, "3": 0.05829265307925572, "4": 0.08105036802508851, "5": 0.05332074271845609, "6": 0.020677252875294053, "7": 0.13863620295847934, "8": 0.023734291529989494, "9": 0.018647643004351438, "10": 0.2826624690549403, "11": 0.037901730066967586, "12": 0.04799562898920607}, "noon": {"1": 0.08909422201921516, "2": 0.05948972184896019, "3": 0.08429869467765184, "4": 0.11612690839424605, "5": 0.08639965779609418, "6": 0.045899785550773065, "7": 0.07491348511259258, "8": 0.05168472091647994, "9": 0.040271688135038966, "10": 0.15513521543349182, "11": 0.09464068575531272, "12": 0.10204521436014351}, "afternoon": {"1": 0.057254144654702646, "2": 0.05254396530169288, "3": 0.060906358500568095, "4": 0.07545577517474841, "5": 0.055444406226527215, "6": 0.046457364390141975, "7": 0.06875360389055156, "8": 0.06386664181092966, "9": 0.03624812501360179, "10": 0.19976213207308377, "11": 0.15327099551949736, "12": 0.13003648744395466}, "evening": {"1": 0.1105893549879538, "2": 0.049482571470276134, "3": 0.07292248044888185, "4": 0.054409627406890204, "5": 0.03894664726217281, "6": 0.021664070249215052, "7": 0.36735221640492555, "8": 0.024892648999171603, "9": 0.02833880970570233, "10": 0.15791827100264025, "11": 0.03612074838528608, "12": 0.037362553676884375}, "night": {"1": 0.08004923596893666, "2": 0.0931124003592397, "3": 0.12016355494121417, "4": 0.10450787676412165, "5": 0.09165198699176931, "6": 0.05357595836679682, "7": 0.07568794978628321, "8": 0.05008464849290851, "9": 0.04125145267996065, "10": 0.14483045313396747, "11": 0.07795409289701317, "12": 0.06713038961778868}}