{"morning": {"13": 0.18639950792825705, "2": 0.05068150976971436, "3": 0.05829265307925572, "4": 0.08105036802508851, "5": 0.05332074271845609, "6": 0.020677252875294053, "7": 0.13863620295847934, "8": 0.023734291529989494, "9": 0.018647643004351438, "10": 0.2826624690549403, "11": 0.037901730066967586, "12": 0.04799562898920607, "start": 7.0, "end": 10.0}, "noon": {"13": 0.08909422201921516, "14": 0.05948972184896019, "15": 0.08429869467765184, "16": 0.11612690839424605, "17": 0.08639965779609418, "18": 0.045899785550773065, "19": 0.07491348511259258, "20": 0.05168472091647994, "21": 0.040271688135038966, "10": 0.15513521543349182, "11": 0.09464068575531272, "12": 0.10204521436014351, "start": 10.0, "end": 17.0}, "afternoon": {"13": 0.057254144654702646, "14": 0.05254396530169288, "15": 0.060906358500568095, "16": 0.07545577517474841, "17": 0.055444406226527215, "18": 0.046457364390141975, "19": 0.06875360389055156, "8": 0.06386664181092966, "21": 0.03624812501360179, "10": 0.19976213207308377, "23": 0.15327099551949736, "12": 0.13003648744395466, "start": 17.0, "end": 19.0}, "evening": {"13": 0.1105893549879538, "14": 0.049482571470276134, "15": 0.07292248044888185, "16": 0.054409627406890204, "17": 0.03894664726217281, "18": 0.021664070249215052, "19": 0.36735221640492555, "20": 0.024892648999171603, "21": 0.02833880970570233, "22": 0.15791827100264025, "23": 0.03612074838528608, "24": 0.037362553676884375, "start": 19.0, "end": 22.0}, "night": {"1": 0.08004923596893666, "2": 0.0931124003592397, "3": 0.12016355494121417, "4": 0.10450787676412165, "5": 0.09165198699176931, "6": 0.05357595836679682, "7": 0.07568794978628321, "8": 0.05008464849290851, "9": 0.04125145267996065, "22": 0.14483045313396747, "23": 0.07795409289701317, "24": 0.06713038961778868, "start": 22.0, "end": 7.0}}