{"morning": {"13": 0.1092105343418284, "14": 0.07181546163778003, "3": 0.09420897092170044, "4": 0.11169389522881226, "5": 0.08602537497067743, "6": 0.05600758054989895, "7": 0.08202034970602637, "8": 0.0515437178492828, "9": 0.04860671715542686, "10": 0.14615244343989248, "11": 0.0696533680143239, "12": 0.0730615861843501, "start": 3.0, "end": 4.0}, "noon": {"13": 0.13488625643038185, "14": 0.07079076554694784, "15": 0.0927793240762111, "4": 0.1040778691691611, "5": 0.0927073268480654, "6": 0.06432732466942535, "7": 0.11205195643737408, "8": 0.03861343659528318, "9": 0.035893763942904756, "10": 0.12183134137714476, "11": 0.05432707972739933, "12": 0.07771355517970108, "start": 4.0, "end": 10.0}, "afternoon": {"13": 0.12365678496617341, "14": 0.07445665015210153, "15": 0.07828760646230591, "16": 0.08438160387496514, "17": 0.06583871050593174, "18": 0.05180269218414017, "19": 0.08402907380355051, "20": 0.05880808993878552, "21": 0.045166563060646245, "10": 0.15037993147474862, "11": 0.09192035102737466, "12": 0.09127194254927648, "start": 10.0, "end": 13.0}, "evening": {"13": 0.09007826627010607, "14": 0.08589480634371914, "15": 0.10288935691642324, "16": 0.09511414882281055, "17": 0.07619688287534065, "18": 0.04291065870326102, "19": 0.10656190851513248, "20": 0.0382791921356759, "21": 0.04482218954329155, "22": 0.17434320924889124, "23": 0.05758542170327798, "24": 0.08532395892207034, "start": 13.0, "end": 22.0}, "night": {"1": 0.07194154656872334, "2": 0.07512478601976498, "3": 0.10911728375867245, "4": 0.09351637767001723, "5": 0.08176240687285408, "6": 0.06061426670695455, "7": 0.11049147379764529, "8": 0.04867776591359549, "9": 0.046043331510705346, "22": 0.13980284668230322, "23": 0.08118363796508847, "24": 0.0817242765336754, "start": 22.0, "end": 3.0}}