{"start": {"morning": {"1": 0.02680607476615876, "2": 0.01762702638487542, "3": 0.02769473579781283, "4": 0.02020973683951285, "5": 0.039024409650718635, "6": 0.04881933160929364, "7": 0.09454222011979704, "8": 0.04723616223165487, "9": 0.06475434733817623, "10": 0.23290799962878925, "11": 0.1595799560696575, "12": 0.220797999563553}, "noon": {"1": 0.010463210201792436, "2": 0.009454696309097186, "3": 0.011008634211164617, "4": 0.011671340608590115, "5": 0.02612792089195863, "6": 0.037905341881673, "7": 0.07532455748808677, "8": 0.048534912509313966, "9": 0.05361674273668099, "10": 0.24984431022519218, "11": 0.1733146384154757, "12": 0.2927336945209744}, "afternoon": {"1": 0.02691088959470007, "2": 0.01377084737049626, "3": 0.017788268817166313, "4": 0.013544375176016114, "5": 0.021537561841308832, "6": 0.03733138734783403, "7": 0.08345812303928968, "8": 0.04824279457630387, "9": 0.053997737075394674, "10": 0.21132302352750768, "11": 0.17346127922512639, "12": 0.29863371240885606}, "evening": {"1": 0.035704858961207654, "2": 0.0, "3": 0.031071386064819198, "4": 0.027016612142535517, "5": 0.0328513026087967, "6": 0.042164513238631456, "7": 0.13672297115226797, "8": 0.06420487974754115, "9": 0.09585298017675495, "10": 0.20752320762242008, "11": 0.15295250456674014, "12": 0.17393478371828516}, "night": {"1": 0.027918260789621636, "2": 0.02110787207240028, "3": 0.02542460408878762, "4": 0.016931181584349014, "5": 0.031225174506789275, "6": 0.04180333244932057, "7": 0.10412819951804445, "8": 0.04408977306976213, "9": 0.052834938842616586, "10": 0.33586235804255654, "11": 0.14626888653374456, "12": 0.15240541850200734}}, "end": {"morning": {"1": 0.016509683075027166, "2": 0.01783517538820188, "3": 0.02191948912250324, "4": 0.02229352392951625, "5": 0.07680032596786245, "6": 0.038004128719012764, "7": 0.07915492660987276, "8": 0.09987396289944911, "9": 0.05912254160629486, "10": 0.3400233504782589, "11": 0.054699541535902695, "12": 0.17376335066809795}, "noon": {"1": 0.012523080102247609, "2": 0.013488634569183058, "3": 0.02183422490118843, "4": 0.01937220451725676, "5": 0.04701714041580342, "6": 0.03793092452633082, "7": 0.07391884929985451, "8": 0.05340803986920789, "9": 0.04900819723103492, "10": 0.3597536879488393, "11": 0.08128716317746318, "12": 0.23045785344159014}, "afternoon": {"1": 0.031325825067695164, "2": 0.0218355644949871, "3": 0.028280222622761735, "4": 0.01821504800631878, "5": 0.04185301590000808, "6": 0.030768642599376655, "7": 0.08506233260553114, "8": 0.07740350515614534, "9": 0.06732289972901122, "10": 0.33491596257267237, "11": 0.07422477558380088, "12": 0.1887922056616915}, "evening": {"1": 0.011501734292996314, "2": 0.013220549691363848, "3": 0.020878536860485568, "4": 0.015791969340631696, "5": 0.0613978559969963, "6": 0.03039730585901354, "7": 0.07184485464978255, "8": 0.06208854867838035, "9": 0.04219527213497377, "10": 0.37218648838372775, "11": 0.09005221082332389, "12": 0.20844467328832442}, "night": {"1": 0.018552417509952446, "2": 0.02482938066891287, "3": 0.04908862204496035, "4": 0.03234104276904032, "5": 0.045790177270293546, "6": 0.044622697223733104, "7": 0.09935655266625729, "8": 0.058864501730601995, "9": 0.07236064632240446, "10": 0.37630070594417114, "11": 0.05409252669409044, "12": 0.12380072915558202}}}