{"morning": {"1": 0.04924236791515294, "2": 0.05228772125269791, "3": 0.07242499879120363, "4": 0.21141728113897815, "5": 0.06323918901494147, "6": 0.10294754428983524, "7": 0.12897902654101806, "8": 0.09629148830195636, "9": 0.10567455508357866, "10": 0.03676362406325844, "11": 0.038747135892907555, "12": 0.041985067714471386}, "noon": {"1": 0.051417702866858726, "2": 0.05883519619766788, "3": 0.06640542505379575, "4": 0.13772447619830513, "5": 0.045016668373287, "6": 0.046909359546137334, "7": 0.10395357914215779, "8": 0.158296979497419, "9": 0.10585899460586123, "10": 0.06043179294455374, "11": 0.048394185138332574, "12": 0.11675564043562385}, "afternoon": {"1": 0.0936528927282238, "2": 0.06586500798169923, "3": 0.07561892891417095, "4": 0.12819801110083745, "5": 0.0725498074800691, "6": 0.06256012249389863, "7": 0.10263725199834635, "8": 0.10727457205177982, "9": 0.09809172885171435, "10": 0.05472948491260825, "11": 0.03639509193590348, "12": 0.10242709955074873}, "evening": {"1": 0.07510793717125556, "2": 0.08445380440134286, "3": 0.0862782089303744, "4": 0.2022348274435198, "5": 0.05131206527640263, "6": 0.06049847986543259, "7": 0.11199587035867471, "8": 0.11757592559346829, "9": 0.07665201515392066, "10": 0.028097292953263603, "11": 0.02253006564488001, "12": 0.08326350720746481}, "night": {"1": 0.0623459795534078, "2": 0.07524423217809245, "3": 0.0790493528238553, "4": 0.15121797982626953, "5": 0.05402110824110397, "6": 0.08250242815302804, "7": 0.1319682579562495, "8": 0.1473244490069468, "9": 0.07859233362115838, "10": 0.038386614430864406, "11": 0.021158339376663025, "12": 0.07818892483236081}}