{"morning": {"1": 0.04924236791515294, "2": 0.05228772125269791, "15": 0.07242499879120363, "4": 0.21141728113897815, "5": 0.06323918901494147, "6": 0.10294754428983524, "7": 0.12897902654101806, "8": 0.09629148830195636, "9": 0.10567455508357866, "10": 0.03676362406325844, "11": 0.038747135892907555, "12": 0.041985067714471386, "start": 4.0, "end": 7.0}, "noon": {"13": 0.051417702866858726, "2": 0.05883519619766788, "3": 0.06640542505379575, "4": 0.13772447619830513, "17": 0.045016668373287, "18": 0.046909359546137334, "7": 0.10395357914215779, "8": 0.158296979497419, "9": 0.10585899460586123, "10": 0.06043179294455374, "11": 0.048394185138332574, "12": 0.11675564043562385, "start": 7.0, "end": 12.0}, "afternoon": {"13": 0.0936528927282238, "14": 0.06586500798169923, "15": 0.07561892891417095, "16": 0.12819801110083745, "5": 0.0725498074800691, "18": 0.06256012249389863, "19": 0.10263725199834635, "8": 0.10727457205177982, "21": 0.09809172885171435, "22": 0.05472948491260825, "23": 0.03639509193590348, "12": 0.10242709955074873, "start": 12.0, "end": 16.0}, "evening": {"13": 0.07510793717125556, "14": 0.08445380440134286, "15": 0.0862782089303744, "16": 0.2022348274435198, "17": 0.05131206527640263, "18": 0.06049847986543259, "19": 0.11199587035867471, "8": 0.11757592559346829, "9": 0.07665201515392066, "10": 0.028097292953263603, "23": 0.02253006564488001, "24": 0.08326350720746481, "start": 16.0, "end": 19.0}, "night": {"1": 0.0623459795534078, "2": 0.07524423217809245, "3": 0.0790493528238553, "4": 0.15121797982626953, "17": 0.05402110824110397, "18": 0.08250242815302804, "19": 0.1319682579562495, "20": 0.1473244490069468, "21": 0.07859233362115838, "22": 0.038386614430864406, "23": 0.021158339376663025, "24": 0.07818892483236081, "start": 19.0, "end": 4.0}}