{"morning": {"13": 0.04924236791515294, "14": 0.05228772125269791, "15": 0.07242499879120363, "4": 0.21141728113897815, "5": 0.06323918901494147, "6": 0.10294754428983524, "7": 0.12897902654101806, "8": 0.09629148830195636, "9": 0.10567455508357866, "10": 0.03676362406325844, "11": 0.038747135892907555, "12": 0.041985067714471386, "start": 4.0, "end": 8.0}, "noon": {"13": 0.04724993592330989, "14": 0.052384757530931095, "15": 0.06158141088094582, "4": 0.12836811043339957, "17": 0.03913754191330794, "18": 0.041249645041211716, "19": 0.09377127043073395, "8": 0.21291984431105818, "9": 0.10631074265853868, "10": 0.05364533065652285, "11": 0.04298085885778387, "12": 0.12040055136225647, "start": 8.0, "end": 12.0}, "afternoon": {"13": 0.10809282743513846, "14": 0.05918510034869875, "15": 0.06860822136474769, "16": 0.14055553934104814, "17": 0.06633436475390586, "18": 0.0579418202291195, "19": 0.09537777133851744, "20": 0.11612536403064319, "21": 0.09182095129291372, "22": 0.04875395820839196, "23": 0.03233682686860705, "12": 0.11486725478826817, "start": 12.0, "end": 16.0}, "evening": {"13": 0.07531357946731812, "14": 0.08469744874850185, "15": 0.08647462645668262, "16": 0.20287630057328673, "17": 0.05143451948036219, "18": 0.06066866893993304, "19": 0.11231428083398906, "20": 0.11807371735571759, "21": 0.07678330108124427, "22": 0.026195880387654254, "23": 0.021645748209989227, "24": 0.08352192846532104, "start": 16.0, "end": 19.0}, "night": {"1": 0.05912333718978843, "2": 0.07001687486012573, "3": 0.08083139309672313, "4": 0.14796260663981153, "17": 0.05561070378190582, "18": 0.08636436794475504, "19": 0.13535848320623184, "20": 0.15141856444727467, "21": 0.08071064315835018, "22": 0.03864011207796017, "23": 0.01834536442876699, "24": 0.0756175491683065, "start": 19.0, "end": 4.0}}