{"start": {"morning": {"1": 0.16114370384183663, "2": 0.0, "3": 0.0, "4": 0.0, "5": 0.0, "6": 0.0, "7": 0.19666842560015366, "8": 0.1647137589522271, "9": 0.0, "10": 0.0, "11": 0.16155393817988184, "12": 0.3159201734259008}, "noon": {"1": 0.03327002228793502, "2": 0.031898331677563195, "3": 0.04086064538031576, "4": 0.06165566268166653, "5": 0.049514947452258574, "6": 0.062462885083867825, "7": 0.10012393288811061, "8": 0.08858614108752054, "9": 0.10516846259577965, "10": 0.11005653478453992, "11": 0.12415625456200474, "12": 0.19224617951843762}, "afternoon": {"1": 0.02692362017859627, "2": 0.033055120413192446, "3": 0.050670088685545886, "4": 0.07284978356713441, "5": 0.05102991412320735, "6": 0.06429234548191706, "7": 0.1156518646603349, "8": 0.0973824118229124, "9": 0.10088575783830771, "10": 0.10354121392466396, "11": 0.11984570874901909, "12": 0.1638721705551685}, "evening": {"1": 0.10438690246196063, "2": 0.04917653195107116, "3": 0.05563583746349355, "4": 0.12010297300104571, "5": 0.05892924610470968, "6": 0.0630351045860262, "7": 0.1142883336067249, "8": 0.09236928644964079, "9": 0.07695826402295818, "10": 0.04017296035501333, "11": 0.06914656241705662, "12": 0.15579799758029914}, "night": {"1": 0.0624232671037294, "2": 0.028712296597186493, "3": 0.053479363913291035, "4": 0.09696627700798317, "5": 0.055797393973192055, "6": 0.07561498078015497, "7": 0.1390403105445895, "8": 0.11543229614167345, "9": 0.08558646449514029, "10": 0.034364266280327065, "11": 0.08440765011499057, "12": 0.16817543304774196}}, "end": {"morning": {"1": NaN, "2": NaN, "3": NaN, "4": NaN, "5": NaN, "6": NaN, "7": NaN, "8": NaN, "9": NaN, "10": NaN, "11": NaN, "12": NaN}, "noon": {"1": 0.041311067907637014, "2": 0.041554986055070936, "3": 0.04856982013162354, "4": 0.07157025716372056, "5": 0.04903351403255635, "6": 0.058846132561847196, "7": 0.09950381242570543, "8": 0.10835732057101745, "9": 0.09109839788257072, "10": 0.10329726880171797, "11": 0.08602041825053747, "12": 0.2008370042159954}, "afternoon": {"1": 0.03264379694889775, "2": 0.04189620639690081, "3": 0.05857231087530563, "4": 0.08690496626207017, "5": 0.050765816401773835, "6": 0.06002648069287921, "7": 0.11080811025359495, "8": 0.12152284883853502, "9": 0.08887292244972524, "10": 0.0959175514231252, "11": 0.08495498445794937, "12": 0.16711400499924284}, "evening": {"1": 0.05739966924738151, "2": 0.0395755285776476, "3": 0.04051463661145989, "4": 0.13819616348441338, "5": 0.03676447537610055, "6": 0.04167367798282465, "7": 0.15636230876560622, "8": 0.18093265727070376, "9": 0.04161351051061643, "10": 0.0218127835559686, "11": 0.019927301755499775, "12": 0.22522728686177776}, "night": {"1": 0.02709580477450306, "2": 0.0, "3": 0.0, "4": 0.1432893245826036, "5": 0.0, "6": 0.031152421013896824, "7": 0.18899258343580774, "8": 0.21007844292454833, "9": 0.037707769591589654, "10": 0.023762266325994524, "11": 0.035753059583854205, "12": 0.30216832776720204}}}