{"morning": {"1": 0.1358065127524813, "2": 0.043010140121555775, "3": 0.13764482548450332, "4": 0.1084391590939674, "5": 0.04400662662295528, "6": 0.0489497654485081, "7": 0.15386474153577076, "8": 0.11362905516330109, "9": 0.11164173596666857, "10": 0.03216299110879216, "11": 0.027005901705795858, "12": 0.043838544995700376, "start": 1.0, "end": 3.0}, "noon": {"13": 0.0716698945602094, "14": 0.0, "3": 0.03495877554509581, "4": 0.543457718881603, "5": 0.03358206525054992, "6": 0.02958700366221621, "19": 0.05221465237961436, "8": 0.08602954785273037, "9": 0.07796393918108573, "10": 0.023995580572404793, "11": 0.020383039770902035, "12": 0.02615778234358841, "start": 3.0, "end": 4.0}, "afternoon": {"13": 0.06797040998953564, "14": 0.04734868411502401, "15": 0.09089003241793125, "4": 0.12077023489287168, "5": 0.06948649135922777, "6": 0.043848443633084266, "7": 0.10569248436227527, "8": 0.14114927403561536, "9": 0.12712677022077795, "10": 0.07296868230624484, "11": 0.0460476110870016, "12": 0.06670088158041033, "start": 4.0, "end": 8.0}, "evening": {"13": 0.06942966483032993, "14": 0.04825041658044783, "15": 0.10565797211411818, "16": 0.09284214074097315, "17": 0.05211991213393293, "18": 0.06975980061571299, "19": 0.1513439726367949, "8": 0.16446086030496088, "9": 0.14717677963333703, "10": 0.0414778747182894, "11": 0.029016907689650883, "12": 0.02846369800145192, "start": 8.0, "end": 19.0}, "night": {"1": 0.07956492368783594, "2": 0.031474122864459025, "3": 0.04455494626650172, "4": 0.05192515707684656, "17": 0.0266334658025927, "18": 0.03275417634848099, "19": 0.22792920902448452, "20": 0.2194962944484624, "21": 0.1701501513833409, "22": 0.03337911368815098, "23": 0.03909958139903444, "24": 0.04303885800980988, "start": 19.0, "end": 1.0}}