{"start": {"morning": {"1": 0.154887215595543, "2": 0.030646797457136887, "3": 0.061867622332877056, "4": 0.07653160263881331, "5": 0.07988781897982103, "6": 0.0670903723977698, "7": 0.12417308860786035, "8": 0.11252256851435358, "9": 0.12773945381581975, "10": 0.047266736022136116, "11": 0.05106888533123467, "12": 0.06631783830663447}, "noon": {"1": 0.1585910354915816, "2": 0.08602715670127294, "3": 0.08807703824944813, "4": 0.13437482193271624, "5": 0.09909173918619721, "6": 0.021926072501951884, "7": 0.10670843387157547, "8": 0.15070161125052034, "9": 0.07366700317850017, "10": 0.029009374930699144, "11": 0.017682370427472345, "12": 0.034143342278064544}, "afternoon": {"1": 0.13123601955227476, "2": 0.05642595884733398, "3": 0.07586559016089815, "4": 0.1339478212388193, "5": 0.10876068336051353, "6": 0.050979724616003044, "7": 0.0901214952239364, "8": 0.1281719366041544, "9": 0.07457179269749367, "10": 0.0618815976366964, "11": 0.03384487023566927, "12": 0.0541925098262071}, "evening": {"1": 0.08063424211905007, "2": 0.029659059706916156, "3": 0.05461252055098083, "4": 0.05541183572152998, "5": 0.059650543505452853, "6": 0.07186951518923186, "7": 0.13798244201410356, "8": 0.1510675521127541, "9": 0.16283349749593323, "10": 0.061770127382858635, "11": 0.06349494316660868, "12": 0.0710137210345802}, "night": {"1": 0.13091112953175704, "2": 0.0, "3": 0.0, "4": 0.07728796945696402, "5": 0.0, "6": 0.0, "7": 0.17495689906944853, "8": 0.17516099318142467, "9": 0.1655484248961452, "10": 0.07330175852592156, "11": 0.11088647422367758, "12": 0.09194635111466141}}, "end": {"morning": {"1": 0.10123193065120585, "2": 0.0351902439669385, "3": 0.06952422180902752, "4": 0.059373773079897, "5": 0.061229409628800927, "6": 0.057060113329672354, "7": 0.1388778059081021, "8": 0.13416361993843678, "9": 0.13582576940061186, "10": 0.0586786294854366, "11": 0.06866438969851589, "12": 0.0801800931033546}, "noon": {"1": 0.0, "2": 0.0, "3": 0.0, "4": 0.0, "5": 0.0, "6": 0.0, "7": 0.0, "8": 1.0, "9": 0.0, "10": 0.0, "11": 0.0, "12": 0.0}, "afternoon": {"1": 0.0, "2": 0.0, "3": 0.0, "4": 0.0, "5": 0.0, "6": 0.0, "7": 0.3044663491424029, "8": 0.42299983289073534, "9": 0.2725338179668617, "10": 0.0, "11": 0.0, "12": 0.0}, "evening": {"1": 0.05593913521849998, "2": 0.030733227566198416, "3": 0.05217746755416279, "4": 0.042877282174710575, "5": 0.04310633256183291, "6": 0.051636901782758045, "7": 0.13309722202880245, "8": 0.17040139870432036, "9": 0.14823788367905336, "10": 0.08134937090326594, "11": 0.08478727222057067, "12": 0.10565650560582453}, "night": {"1": 0.17232591983386492, "2": 0.0, "3": 0.0, "4": 0.0, "5": 0.0, "6": 0.0, "7": 0.21635949833841187, "8": 0.2164909788573271, "9": 0.23824934793598904, "10": 0.0, "11": 0.15657425503440706, "12": 0.0}}}