{"start": {"morning": {"1": 0.0356895960327702, "2": 0.10161152551319827, "3": 0.06529405304707163, "4": 0.12879048757514733, "5": 0.12874711559797863, "6": 0.13480827909918613, "7": 0.0808048510083672, "8": 0.07141771425123103, "9": 0.03957380410982543, "10": 0.0784614891971529, "11": 0.04371451091375304, "12": 0.09108657365431816}, "noon": {"1": 0.029898251307296238, "2": 0.0970993453768278, "3": 0.0560174339138899, "4": 0.13023562306279912, "5": 0.1238303004325423, "6": 0.1498714028675631, "7": 0.08422343085107886, "8": 0.0793023458165541, "9": 0.0369938508084708, "10": 0.08914400098362232, "11": 0.03529907269344109, "12": 0.08808494188591422}, "afternoon": {"1": 0.029891739018156872, "2": 0.10165706954585316, "3": 0.060571512728666746, "4": 0.14345298584049465, "5": 0.12533007293147014, "6": 0.1294170453871219, "7": 0.08104839234756124, "8": 0.07700976128109813, "9": 0.04259194754372124, "10": 0.0731630397054503, "11": 0.040882183758583227, "12": 0.09498424991182242}, "evening": {"1": 0.030322984884533045, "2": 0.06744696183745308, "3": 0.05462485544599099, "4": 0.12236303406956511, "5": 0.12031831866404996, "6": 0.1308707423262843, "7": 0.09611448922775373, "8": 0.08493114908240215, "9": 0.04637905955290943, "10": 0.09592548205068055, "11": 0.04595020393013779, "12": 0.1047527189282399}, "night": {"1": 0.02321649591289793, "2": 0.05734056506706214, "3": 0.04304663931261493, "4": 0.09558917241934471, "5": 0.11284940002357832, "6": 0.13110936546374005, "7": 0.07424717724477224, "8": 0.07594354517499147, "9": 0.04424546714604196, "10": 0.142693371008113, "11": 0.05579458879822973, "12": 0.1439242124286135}}, "end": {"morning": {"1": 0.04303102893197223, "2": 0.10214220410403807, "3": 0.07062683056618559, "4": 0.10942593705000864, "5": 0.1137724562295388, "6": 0.09854851178438, "7": 0.06160742555596991, "8": 0.07020608691890867, "9": 0.050453502801707545, "10": 0.1180645663625401, "11": 0.06203160006539382, "12": 0.10008984962935663}, "noon": {"1": 0.03798755111841341, "2": 0.09702339290676952, "3": 0.06073520987379449, "4": 0.1161273389590446, "5": 0.11390230749573307, "6": 0.11771076671977342, "7": 0.06507546673850438, "8": 0.07343223164902092, "9": 0.04832826347872956, "10": 0.12417958125646808, "11": 0.05348761974769458, "12": 0.09201027005605396}, "afternoon": {"1": 0.03496422998184289, "2": 0.1032382595680461, "3": 0.05845307577626658, "4": 0.12396202166278579, "5": 0.10797960697364634, "6": 0.09493690576273106, "7": 0.060567888998060974, "8": 0.07784388132658664, "9": 0.04658103964810606, "10": 0.10712908885922255, "11": 0.05530859809239599, "12": 0.12903540335030905}, "evening": {"1": 0.03512199497336224, "2": 0.06847712768299205, "3": 0.05675816569283097, "4": 0.11108894729071772, "5": 0.11121402807087297, "6": 0.09796714433535868, "7": 0.07521738752682433, "8": 0.0816603890428037, "9": 0.05847353030366984, "10": 0.13170202968508204, "11": 0.062137692858466945, "12": 0.1101815625370185}, "night": {"1": 0.030499188859865755, "2": 0.06217184593546409, "3": 0.04966537777567923, "4": 0.08593372924355874, "5": 0.11426124993308633, "6": 0.10410185894155756, "7": 0.058943673955134696, "8": 0.07909024263602689, "9": 0.06339015095158854, "10": 0.16623614271282283, "11": 0.06238280067907637, "12": 0.12332373837613897}}}