{"morning": {"13": 0.12939331381997501, "2": 0.17978035176118534, "3": 0.07621720664771288, "4": 0.0933643850334403, "5": 0.09818336941205663, "6": 0.05455472805711833, "7": 0.04676739487742428, "8": 0.042551733416332, "9": 0.036168477185587536, "10": 0.11212508157727535, "11": 0.07272310901601096, "12": 0.05817084919588122, "start": 2.0, "end": 10.0}, "noon": {"13": 0.19309947448359058, "2": 0.22303657686448441, "3": 0.08189435678065132, "4": 0.1251206265351601, "17": 0.09222218438456804, "6": 0.03948989584859164, "19": 0.029104746520698072, "8": 0.013392745339063466, "9": 0.025619496316299863, "10": 0.08446971832994864, "11": 0.05618466850581521, "12": 0.03636551009112865, "start": 10.0, "end": 13.0}, "afternoon": {"13": 0.18740297017819593, "14": 0.308049449453548, "3": 0.06860676499218127, "4": 0.11750321783183024, "5": 0.06063869018411496, "6": 0.02590017020231499, "19": 0.02834293155274703, "8": 0.021119658014133524, "21": 0.013362323910487034, "22": 0.09392650762395308, "23": 0.035758590065272405, "12": 0.039388725991221514, "start": 13.0, "end": 14.0}, "evening": {"13": 0.20611312037381516, "14": 0.23336944127540804, "15": 0.08759007664981869, "16": 0.10866826985487124, "17": 0.11537696891138309, "18": 0.04320029531092828, "19": 0.029655210237113504, "20": 0.01823573822438104, "21": 0.014762840352768786, "22": 0.07472923198090621, "23": 0.030749505857643987, "24": 0.037549300970961964, "start": 14.0, "end": 17.0}, "night": {"1": 0.13080366184886125, "2": 0.21588740507186144, "15": 0.0669719295964256, "16": 0.10405816343241012, "17": 0.10991395301510357, "18": 0.05208263970923679, "19": 0.04381555520449369, "20": 0.03669067110013658, "21": 0.02665417557025092, "22": 0.10387600979213932, "23": 0.05654119618759728, "24": 0.05270463947148346, "start": 17.0, "end": 2.0}}