{"start": {"morning": {"1": 0.26736788952681745, "2": 0.1408974585118316, "3": 0.043816635863482514, "4": 0.030874810926318476, "5": 0.05854507625258383, "6": 0.036216584823452566, "7": 0.026504465183716564, "8": 0.0235230633785254, "9": 0.011613890809176545, "10": 0.09915924544847723, "11": 0.13072525218367592, "12": 0.13075562709194194}, "noon": {"1": 0.10254588781244017, "2": 0.07530714197461652, "3": 0.04515073269251944, "4": 0.05882651961796097, "5": 0.08335458102827875, "6": 0.09574196574926666, "7": 0.02819905671569308, "8": 0.034944552143404625, "9": 0.017645173449496822, "10": 0.13554354597139537, "11": 0.16583820434088176, "12": 0.15690263850404584}, "afternoon": {"1": 0.12224257266876601, "2": 0.11628462934802021, "3": 0.06695118926305695, "4": 0.04598596219216784, "5": 0.09253410456080359, "6": 0.07018110017526524, "7": 0.02597708630648987, "8": 0.0, "9": 0.0, "10": 0.11052534423942696, "11": 0.18791837543019038, "12": 0.16139963581581293}, "evening": {"1": 0.6631221442821993, "2": 0.042910721230539996, "3": 0.029838782023028823, "4": 0.03472284690716835, "5": 0.05903727982441731, "6": 0.050042018246189805, "7": 0.02833883808745843, "8": 0.022205280462685068, "9": 0.011993413242940502, "10": 0.018639848980663638, "11": 0.012605487527858594, "12": 0.026543339184850263}, "night": {"1": 0.3370219646078625, "2": 0.11352860310530064, "3": 0.03215338719623705, "4": 0.03875054164151022, "5": 0.056177567147808444, "6": 0.033324140448410415, "7": 0.018519784389345872, "8": 0.020976032557618294, "9": 0.008694448850063928, "10": 0.1222316914267379, "11": 0.11535429855015879, "12": 0.10326754007894595}}, "end": {"morning": {"1": 0.17380717056409975, "2": 0.13767033164817627, "3": 0.1775895577921009, "4": 0.030959711738999928, "5": 0.08413195333841539, "6": 0.039854704435052055, "7": 0.035128511695776625, "8": 0.0, "9": 0.0, "10": 0.1168432268036686, "11": 0.1040403220818955, "12": 0.09997450990181497}, "noon": {"1": 0.14444198205479936, "2": 0.11489357267634523, "3": 0.10894856122754709, "4": 0.027876717844858043, "5": 0.08558530999475004, "6": 0.027092620412018497, "7": 0.026411577996485924, "8": 0.0, "9": 0.02788675896298109, "10": 0.14367858091400287, "11": 0.14598549086747786, "12": 0.147198827048734}, "afternoon": {"1": 0.0337761504739687, "2": 0.05763549653858715, "3": 0.5427830591905841, "4": 0.026232177978875584, "5": 0.027948466662174508, "6": 0.013611086327911923, "7": 0.0, "8": 0.0, "9": 0.0, "10": 0.07692480056742085, "11": 0.12299959795674138, "12": 0.09808916430373597}, "evening": {"1": 0.20392195543007735, "2": 0.22298064763137637, "3": 0.2856560743709383, "4": 0.02091806400682674, "5": 0.06642946790487513, "6": 0.03822418487420621, "7": 0.023791597943127026, "8": 0.021950228033936408, "9": 0.025644911728037727, "10": 0.033374860637915615, "11": 0.03385898531207853, "12": 0.02324902212660459}, "night": {"1": 0.1572155577083959, "2": 0.1091046537952132, "3": 0.14817503805829255, "4": 0.06127077893565142, "5": 0.11790282630824868, "6": 0.03523818549159309, "7": 0.029604993726911378, "8": 0.025482685893935698, "9": 0.02381083044994308, "10": 0.13599151824834738, "11": 0.07847315756446875, "12": 0.07772977381899904}}}