{"morning": {"1": 0.1905679952157293, "2": 0.17019039821384432, "3": 0.1859820258237146, "4": 0.061217927959864436, "5": 0.09828914481370325, "6": 0.025907944334207768, "7": 0.046204141666557064, "8": 0.04020431354501306, "9": 0.024916784767395523, "10": 0.09443066128681639, "11": 0.026832614153202795, "12": 0.035256048219951305}, "noon": {"1": 0.18764735896266677, "2": 0.16421113543220678, "3": 0.12492366039357528, "4": 0.07249033865843109, "5": 0.06341419353498477, "6": 0.032185937543912205, "7": 0.08399516673881587, "8": 0.05361899672884587, "9": 0.035580235707323035, "10": 0.08285413097238821, "11": 0.038675715283015014, "12": 0.060403130043835164}, "afternoon": {"1": 0.2616665668402206, "2": 0.16298875898065446, "3": 0.17639329119492667, "4": 0.08028207430179776, "5": 0.07986547789495546, "6": 0.03136566410532939, "7": 0.037290250311197544, "8": 0.031363876058040044, "9": 0.026296622588737252, "10": 0.05832481761409938, "11": 0.022323527616051827, "12": 0.03183907249398929}, "evening": {"1": 0.2452569735318782, "2": 0.16433266950955433, "3": 0.16067980368562376, "4": 0.0728962425698522, "5": 0.08313585308386619, "6": 0.033109577792451154, "7": 0.04384612476179634, "8": 0.03767599437559028, "9": 0.02905303071224006, "10": 0.06576300234331114, "11": 0.02577410887598987, "12": 0.03847661875784633}, "night": {"1": 0.24570011176710665, "2": 0.19633433244950807, "3": 0.18548679344031732, "4": 0.0677975396738461, "5": 0.050162862295432806, "6": 0.02684187122194494, "7": 0.032455180055178987, "8": 0.030575629623452127, "9": 0.021960284220547004, "10": 0.06349776182590502, "11": 0.03745116852749693, "12": 0.04173646489926406}}