{"morning": {"1": 0.33828459228731617, "2": 0.15865815776499048, "3": 0.14292285268708058, "4": 0.04055440000678516, "5": 0.07894088960623681, "6": 0.016795530910516075, "7": 0.019850949005784532, "8": 0.0387789201522827, "9": 0.015110600192397142, "10": 0.09473629882177237, "11": 0.017357622753411378, "12": 0.038009185811426635}, "noon": {"1": 0.23395913863254308, "2": 0.13638823660562496, "3": 0.0927321056365864, "4": 0.026289543973354812, "5": 0.04003763784503828, "6": 0.02523035709290565, "7": 0.04367747721523489, "8": 0.039017906020117045, "9": 0.03482999525935085, "10": 0.1628467669025379, "11": 0.07166249774253673, "12": 0.0933283370741694}, "afternoon": {"1": 0.26490734792066617, "2": 0.13164692153096236, "3": 0.322909072703591, "4": 0.06383360806648987, "5": 0.07392894121096079, "6": 0.011820062638643472, "7": 0.014503649186828019, "8": 0.030366298040705043, "9": 0.012937941872229946, "10": 0.043427619104103685, "11": 0.011626792267200826, "12": 0.01809174545761884}, "evening": {"1": 0.30541865539819646, "2": 0.1579781262315895, "3": 0.11990391590215842, "4": 0.06087348838607592, "5": 0.08920339780842947, "6": 0.029555150805554955, "7": 0.019881838321945875, "8": 0.04238652369853109, "9": 0.023389676967697136, "10": 0.0877718102334555, "11": 0.01966310767776417, "12": 0.043974308568601704}, "night": {"1": 0.3129644005327882, "2": 0.2000160224874421, "3": 0.15609059296141192, "4": 0.029818971582463338, "5": 0.07303510704772666, "6": 0.023535085701233093, "7": 0.012172562258587606, "8": 0.031396050197881956, "9": 0.010355755131998453, "10": 0.07036941841200732, "11": 0.03773185357054835, "12": 0.0425141801159112}}