{"morning": {"1": 0.33828459228731617, "2": 0.15865815776499048, "3": 0.14292285268708058, "4": 0.04055440000678516, "5": 0.07894088960623681, "6": 0.016795530910516075, "7": 0.019850949005784532, "8": 0.0387789201522827, "9": 0.015110600192397142, "10": 0.09473629882177237, "11": 0.017357622753411378, "12": 0.038009185811426635, "start": 1.0, "end": 10.0}, "noon": {"13": 0.23395913863254308, "14": 0.13638823660562496, "3": 0.0927321056365864, "16": 0.026289543973354812, "17": 0.04003763784503828, "18": 0.02523035709290565, "19": 0.04367747721523489, "20": 0.039017906020117045, "21": 0.03482999525935085, "10": 0.1628467669025379, "11": 0.07166249774253673, "12": 0.0933283370741694, "start": 10.0, "end": 13.0}, "afternoon": {"13": 0.26490734792066617, "14": 0.13164692153096236, "15": 0.322909072703591, "16": 0.06383360806648987, "17": 0.07392894121096079, "18": 0.011820062638643472, "19": 0.014503649186828019, "20": 0.030366298040705043, "21": 0.012937941872229946, "22": 0.043427619104103685, "23": 0.011626792267200826, "12": 0.01809174545761884, "start": 13.0, "end": 15.0}, "evening": {"13": 0.30541865539819646, "14": 0.1579781262315895, "15": 0.11990391590215842, "16": 0.06087348838607592, "17": 0.08920339780842947, "18": 0.029555150805554955, "19": 0.019881838321945875, "20": 0.04238652369853109, "21": 0.023389676967697136, "22": 0.0877718102334555, "23": 0.01966310767776417, "24": 0.043974308568601704, "start": 15.0, "end": 22.0}, "night": {"1": 0.3129644005327882, "2": 0.2000160224874421, "3": 0.15609059296141192, "4": 0.029818971582463338, "17": 0.07303510704772666, "18": 0.023535085701233093, "19": 0.012172562258587606, "20": 0.031396050197881956, "21": 0.010355755131998453, "22": 0.07036941841200732, "23": 0.03773185357054835, "24": 0.0425141801159112, "start": 22.0, "end": 1.0}}