{"start": {"morning": {"1": 0.1748175284784092, "2": 0.21290974768705012, "3": 0.20017549426116743, "4": 0.0799208660100639, "5": 0.07837102051342594, "6": 0.05034354392107957, "7": 0.046002331071956906, "8": 0.03517170173739476, "9": 0.009701414289062061, "10": 0.04926623628712195, "11": 0.02824607535733367, "12": 0.03507404038593463}, "noon": {"1": 0.17108252037631116, "2": 0.21260297909783268, "3": 0.08858161077146669, "4": 0.047666581587800086, "5": 0.07833449668623096, "6": 0.05483633359806445, "7": 0.07860333950842355, "8": 0.05618791150783036, "9": 0.029071367129977845, "10": 0.07041863297027372, "11": 0.041341368690217095, "12": 0.07127285807557154}, "afternoon": {"1": 0.20338459636421446, "2": 0.2480472757952802, "3": 0.1711874696227656, "4": 0.09601195251000841, "5": 0.05721236795591187, "6": 0.036285969614720866, "7": 0.039773003435022485, "8": 0.03437524904894515, "9": 0.0, "10": 0.03700513668656566, "11": 0.033855981225723246, "12": 0.042860997740842066}, "evening": {"1": 0.21317855391537668, "2": 0.16113858898099415, "3": 0.11323458280016861, "4": 0.06248816953273686, "5": 0.06829684266940679, "6": 0.04502040971326726, "7": 0.04414593359405451, "8": 0.0582146128382632, "9": 0.024407963874203683, "10": 0.07522036892797389, "11": 0.0523855087890348, "12": 0.08226846436451957}, "night": {"1": 0.14318837633046252, "2": 0.15840110284593348, "3": 0.19377377689959874, "4": 0.08168340130212737, "5": 0.093514242943018, "6": 0.08505369859749141, "7": 0.059555211347324964, "8": 0.027882622081549954, "9": 0.01885125516648479, "10": 0.06658750981550934, "11": 0.02569326409703593, "12": 0.04581553857346368}}, "end": {"morning": {"1": 0.1739143680507524, "2": 0.23160845620417184, "3": 0.17100466047405447, "4": 0.0913939440136856, "5": 0.08972687473704932, "6": 0.04002259579134183, "7": 0.036752018487724795, "8": 0.033558576747199295, "9": 0.01875194261878068, "10": 0.05491412036452174, "11": 0.019909454307322452, "12": 0.03844298820339561}, "noon": {"1": 0.11902268393524132, "2": 0.24869464167186334, "3": 0.10284358567213032, "4": 0.05768581297237025, "5": 0.07443448426031578, "6": 0.05691482557116727, "7": 0.06484847357243353, "8": 0.05645955336279463, "9": 0.028324242869683026, "10": 0.06723287855045325, "11": 0.036249861737237626, "12": 0.08728895582430979}, "afternoon": {"1": 0.13375828299381723, "2": 0.2883604987668394, "3": 0.1636571435279829, "4": 0.11668875826481262, "5": 0.08805853386450137, "6": 0.03731679842074153, "7": 0.03322747525827151, "8": 0.03222775606224557, "9": 0.015998079615997696, "10": 0.032976300473441744, "11": 0.01740966074934875, "12": 0.04032071200199986}, "evening": {"1": 0.14075322233287202, "2": 0.16617063465031381, "3": 0.13346075859619322, "4": 0.09910368255128983, "5": 0.1027579056665469, "6": 0.046673135638115364, "7": 0.035597069678720186, "8": 0.04031270834300791, "9": 0.022753701122860858, "10": 0.0853614578669512, "11": 0.04173187325616175, "12": 0.08532385029696694}, "night": {"1": 0.1319955229373626, "2": 0.1699551667426871, "3": 0.18561191290561954, "4": 0.13024055663399262, "5": 0.09530148451913845, "6": 0.07776162576646305, "7": 0.053499906578337406, "8": 0.020193426683224255, "9": 0.016146970370521586, "10": 0.05804962449028149, "11": 0.020125023541615737, "12": 0.04111877883075621}}}