{"morning": {"1": 0.15257023194247724, "2": 0.033595576045626796, "3": 0.030305820948292185, "4": 0.03282765147826948, "5": 0.13300212680574883, "6": 0.04289856669029053, "7": 0.14169846039857467, "8": 0.015117827122577978, "9": 0.010257187803911659, "10": 0.27731265019350515, "11": 0.056085472743807416, "12": 0.0743284278269184}, "noon": {"1": 0.029495283434267508, "2": 0.35281945746055937, "3": 0.031216116417092713, "4": 0.02038042466599317, "5": 0.04817569260652951, "6": 0.05953831957934172, "7": 0.04366287651834124, "8": 0.040529467269894176, "9": 0.03916782185898103, "10": 0.1826887228475139, "11": 0.08337324884592079, "12": 0.06895256849556486}, "afternoon": {"1": 0.0877844097532103, "2": 0.06092851539258544, "3": 0.0582495973528355, "4": 0.061374170211401846, "5": 0.07587019505979345, "6": 0.06509046416120515, "7": 0.08500845885108381, "8": 0.06783755900819595, "9": 0.028648288706704383, "10": 0.21371642988038078, "11": 0.0804240689018796, "12": 0.11506784272072391}, "night": {"1": 0.033134313721121245, "2": 0.026666748597742186, "3": 0.032061981018108886, "4": 0.024691651156530596, "5": 0.05663719587502051, "6": 0.04347576623000251, "7": 0.051844634914209604, "8": 0.04831272221813605, "9": 0.031348182661495964, "10": 0.37494273779975207, "11": 0.11326830503267243, "12": 0.163615760775208}}