{"morning": {"13": 0.07578026387519657, "2": 0.0502893014412084, "15": 0.05021373264962002, "16": 0.05349846008561839, "17": 0.07463817292163169, "18": 0.06255367863073254, "19": 0.09013945255954167, "20": 0.05601973640843651, "21": 0.03482047121963432, "10": 0.2304249666697849, "11": 0.09736830413135267, "12": 0.1242534594072423, "start": 10.0, "end": 13.0}, "noon": {"13": 0.09030797048376851, "14": 0.13066182862666756, "15": 0.04039267854627617, "16": 0.07397742831608908, "17": 0.12602003718643046, "18": 0.07835756632478341, "19": 0.07900759346141054, "20": 0.06536569885354342, "21": 0.04208807567032068, "22": 0.13617969167267535, "11": 0.07219565744739712, "12": 0.0654457734106377, "start": 13.0, "end": 22.0}, "afternoon": {"13": 0.07778391172684676, "14": 0.05227078244872686, "15": 0.05682720035614056, "4": 0.06391241192161126, "5": 0.0743702143960616, "6": 0.06354130357543211, "7": 0.09036047641633518, "8": 0.06718329037020468, "9": 0.03950677390565018, "22": 0.2103446062033464, "23": 0.09233054387292726, "24": 0.11156848480671692, "start": 22.0, "end": 24.0}, "night": {"1": 0.1570863545302872, "2": 0.02160677124069294, "3": 0.03163517278295072, "4": 0.03116364622225474, "5": 0.1750694428535591, "6": 0.04463179923362687, "7": 0.06719730741754995, "8": 0.04079026079445998, "9": 0.0249632050092368, "10": 0.21234173083980018, "11": 0.0832747753430275, "24": 0.11023953373255407, "start": 24.0, "end": 10.0}}