{"start": {"morning": {"1": 0.029209197852022223, "2": 0.015648049827098734, "3": 0.01312872289078129, "4": 0.013944811796409903, "5": 0.022621899093257097, "6": 0.04139727959571834, "7": 0.06284490651068625, "8": 0.05003270303909825, "9": 0.02293388699073462, "10": 0.28445569100944346, "11": 0.19789789228983318, "12": 0.24588495910491667}, "noon": {"1": 0.033465737526740195, "2": 0.012934371158965114, "3": 0.010786617767356699, "4": 0.01956336823665452, "5": 0.026609046010299633, "6": 0.060571411839152434, "7": 0.05455158578025631, "8": 0.045934456768144706, "9": 0.028266961020452532, "10": 0.21326545822779355, "11": 0.25297538358106264, "12": 0.24107560208312162}, "afternoon": {"1": 0.053394762681474306, "2": 0.03043698607720374, "3": 0.0222204955544974, "4": 0.027496528249040263, "5": 0.03583493563250898, "6": 0.06588765613632194, "7": 0.0961909927389086, "8": 0.07143564072595883, "9": 0.030301238283019834, "10": 0.19201839198187223, "11": 0.1814562463623798, "12": 0.19332612557681406}, "night": {"1": 0.026275516210786574, "2": 0.011679799274169862, "3": 0.012712227304423092, "4": 0.015683282992936736, "5": 0.030257331391348924, "6": 0.04104298838610751, "7": 0.05915572578698018, "8": 0.048258778456053204, "9": 0.02709527263354863, "10": 0.28999413691982506, "11": 0.19272304615188335, "12": 0.24512189449193686}}, "end": {"morning": {"1": 0.0187805384905685, "2": 0.013684081542354256, "3": 0.013912962106251278, "4": 0.013110122654412094, "5": 0.01969631193652639, "6": 0.034265192759952615, "7": 0.038887321123023, "8": 0.050096911807836944, "9": 0.024340263103765147, "10": 0.2582884696795401, "11": 0.2405716130432927, "12": 0.274366211752477}, "noon": {"1": 0.020095165287942928, "2": 0.008729052967276604, "3": 0.008861300941419507, "4": 0.018022072805277227, "5": 0.026103895593534647, "6": 0.060672248730102234, "7": 0.027930867172323435, "8": 0.05749002249623676, "9": 0.027090635285134973, "10": 0.16177337331459443, "11": 0.27969879518264285, "12": 0.30353257022351443}, "afternoon": {"1": 0.03538662066470936, "2": 0.024523473711504002, "3": 0.02449329982873841, "4": 0.022449527009448703, "5": 0.03453473017629422, "6": 0.052063550124977286, "7": 0.07151075811451361, "8": 0.07308339653516706, "9": 0.04115409336354442, "10": 0.19768569800288585, "11": 0.21274435125424188, "12": 0.21037050121397521}, "night": {"1": 0.009951095073014372, "2": 0.006259387873870729, "3": 0.009665308950544928, "4": 0.00985896682441826, "5": 0.01977605032013724, "6": 0.020504815578035636, "7": 0.023113501958153506, "8": 0.03532827897360769, "9": 0.019521156901496754, "10": 0.34494320085453245, "11": 0.23690333705580066, "12": 0.26417489963638774}}}