{"morning": {"1": 0.22254587248778399, "2": 0.11380015219602782, "3": 0.13283533077234022, "4": 0.056236298443353365, "5": 0.06958921644780709, "6": 0.022131403432507038, "7": 0.06516904939200135, "8": 0.04095492843058245, "9": 0.022373265598809068, "10": 0.1316996773207096, "11": 0.051594684770894586, "12": 0.0710701207071834}, "noon": {"1": 0.3097447986337947, "2": 0.13975983281924334, "3": 0.14988245512284293, "4": 0.03365044410343952, "5": 0.12992989962563556, "6": 0.0172534283382537, "7": 0.01634541043845485, "8": 0.01276224316050245, "9": 0.009399526928400813, "10": 0.16088574784428758, "11": 0.009916231708370901, "12": 0.010469981276773635}, "afternoon": {"1": 0.19118516561899673, "2": 0.20232087573287322, "3": 0.18241926032948327, "4": 0.1333449371093566, "5": 0.09990873542720764, "6": 0.014480546653635363, "7": 0.025229112455363547, "8": 0.012198871370756195, "9": 0.010087064205176771, "10": 0.10165775505006752, "11": 0.01101349909212894, "12": 0.016154176954954236}, "evening": {"1": 0.21562185442665255, "2": 0.11487918892774435, "3": 0.10444061274774988, "4": 0.057734404169707064, "5": 0.08789602309834653, "6": 0.03166166580824908, "7": 0.06455484135188992, "8": 0.05053346518832493, "9": 0.028368081152089244, "10": 0.12332118566260315, "11": 0.051954296826909864, "12": 0.06903438063973359}, "night": {"1": 0.20026663186200103, "2": 0.14108281702435943, "3": 0.15259744113960394, "4": 0.07322378533977092, "5": 0.10719499715568011, "6": 0.0357710024874251, "7": 0.03492951621710924, "8": 0.02348834544917433, "9": 0.020040977630619083, "10": 0.13880561816247247, "11": 0.03033748250773378, "12": 0.04226138502405058}}