{"morning": {"13": 0.22254587248778399, "2": 0.11380015219602782, "3": 0.13283533077234022, "4": 0.056236298443353365, "5": 0.06958921644780709, "6": 0.022131403432507038, "7": 0.06516904939200135, "8": 0.04095492843058245, "9": 0.022373265598809068, "10": 0.1316996773207096, "11": 0.051594684770894586, "12": 0.0710701207071834, "start": 3.0, "end": 13.0}, "noon": {"13": 0.3097447986337947, "14": 0.13975983281924334, "15": 0.14988245512284293, "4": 0.03365044410343952, "17": 0.12992989962563556, "18": 0.0172534283382537, "7": 0.01634541043845485, "20": 0.01276224316050245, "21": 0.009399526928400813, "10": 0.16088574784428758, "11": 0.009916231708370901, "12": 0.010469981276773635, "start": 13.0, "end": 14.0}, "afternoon": {"13": 0.19118516561899673, "14": 0.20232087573287322, "15": 0.18241926032948327, "16": 0.1333449371093566, "17": 0.09990873542720764, "18": 0.014480546653635363, "19": 0.025229112455363547, "20": 0.012198871370756195, "21": 0.010087064205176771, "22": 0.10165775505006752, "11": 0.01101349909212894, "12": 0.016154176954954236, "start": 14.0, "end": 17.0}, "evening": {"13": 0.21562185442665255, "14": 0.11487918892774435, "15": 0.10444061274774988, "16": 0.057734404169707064, "17": 0.08789602309834653, "18": 0.03166166580824908, "19": 0.06455484135188992, "20": 0.05053346518832493, "21": 0.028368081152089244, "22": 0.12332118566260315, "23": 0.051954296826909864, "24": 0.06903438063973359, "start": 17.0, "end": 22.0}, "night": {"1": 0.20026663186200103, "2": 0.14108281702435943, "3": 0.15259744113960394, "4": 0.07322378533977092, "5": 0.10719499715568011, "18": 0.0357710024874251, "19": 0.03492951621710924, "20": 0.02348834544917433, "9": 0.020040977630619083, "22": 0.13880561816247247, "23": 0.03033748250773378, "24": 0.04226138502405058, "start": 22.0, "end": 3.0}}