{"morning": {"1": 0.20021660644593742, "2": 0.11898001210403972, "3": 0.15730799322613392, "4": 0.07021847578312117, "5": 0.07880376491430205, "6": 0.0242705252156293, "7": 0.0723387064021945, "8": 0.03196783010708329, "9": 0.0249667278262257, "10": 0.10418045747048807, "11": 0.06123937457092258, "12": 0.05550952593392228, "start": 1.0, "end": 3.0}, "noon": {"13": 0.2126278988247806, "14": 0.10732196842904593, "3": 0.12825431390722922, "4": 0.07584881832739683, "5": 0.13320137488871842, "6": 0.043988545269295465, "7": 0.04696481367777723, "8": 0.034325293204151855, "9": 0.01783696624828828, "10": 0.11439501971459853, "11": 0.04463680682742709, "12": 0.04059818068129055, "start": 3.0, "end": 13.0}, "afternoon": {"13": 0.20746669794320813, "14": 0.1507571337710695, "15": 0.16726674007654935, "16": 0.10277393761285884, "17": 0.11512797224967966, "18": 0.026378315711545076, "19": 0.05429704021535381, "20": 0.02349728013730044, "21": 0.03295636123792698, "22": 0.08303647680573434, "23": 0.020812257631101203, "12": 0.015629786607672714, "start": 13.0, "end": 17.0}, "evening": {"13": 0.1961681967888908, "14": 0.11718590189575692, "15": 0.11303009637474867, "16": 0.06424522082289434, "17": 0.09239497216496495, "18": 0.04526770019249661, "19": 0.06372642936392592, "20": 0.0482215251369609, "21": 0.03065719425160133, "22": 0.11001213829656845, "23": 0.055206186727560905, "24": 0.0638844379836302, "start": 17.0, "end": 22.0}, "night": {"1": 0.17509723512750494, "2": 0.1692265195561849, "3": 0.1593062867467988, "4": 0.09597485847023943, "17": 0.0796098398725646, "18": 0.035874758354293546, "19": 0.0486976011822868, "20": 0.02825003164898394, "21": 0.015049259768819805, "22": 0.10606791936525073, "23": 0.04607032367565312, "24": 0.040775366231419405, "start": 22.0, "end": 1.0}}