{"start": {"morning": {"1": 1.0, "2": 0.0, "3": 0.0, "4": 0.0, "5": 0.0, "6": 0.0, "7": 0.0, "8": 0.0, "9": 0.0, "10": 0.0, "11": 0.0, "12": 0.0}, "noon": {"1": 0.4978962626750439, "2": 0.0, "3": 0.0, "4": 0.0, "5": 0.2193060694481258, "6": 0.0, "7": 0.0, "8": 0.0, "9": 0.0, "10": 0.2827976678768303, "11": 0.0, "12": 0.0}, "afternoon": {"1": NaN, "2": NaN, "3": NaN, "4": NaN, "5": NaN, "6": NaN, "7": NaN, "8": NaN, "9": NaN, "10": NaN, "11": NaN, "12": NaN}, "evening": {"1": 0.19087582757907465, "2": 0.06404084724644821, "3": 0.0635528028619335, "4": 0.058274605371884815, "5": 0.1316117264854255, "6": 0.100250040571534, "7": 0.07372592274285326, "8": 0.0, "9": 0.0, "10": 0.16299366430277468, "11": 0.0780748083039041, "12": 0.0765997545341673}, "night": {"1": 0.1527269520161019, "2": 0.0, "3": 0.08129745114796984, "4": 0.09345047449001949, "5": 0.12513603540761858, "6": 0.11007797132134425, "7": 0.08849258119131344, "8": 0.0, "9": 0.0537641135548057, "10": 0.15172525070747606, "11": 0.07825904286292602, "12": 0.06507012730042473}}, "end": {"morning": {"1": 1.0, "2": 0.0, "3": 0.0, "4": 0.0, "5": 0.0, "6": 0.0, "7": 0.0, "8": 0.0, "9": 0.0, "10": 0.0, "11": 0.0, "12": 0.0}, "noon": {"1": 0.3509912553741712, "2": 0.0, "3": 0.0, "4": 0.0, "5": 0.37640819477950316, "6": 0.2726005498463256, "7": 0.0, "8": 0.0, "9": 0.0, "10": 0.0, "11": 0.0, "12": 0.0}, "afternoon": {"1": NaN, "2": NaN, "3": NaN, "4": NaN, "5": NaN, "6": NaN, "7": NaN, "8": NaN, "9": NaN, "10": NaN, "11": NaN, "12": NaN}, "evening": {"1": 0.25816026225386207, "2": 0.0, "3": 0.22280150832614046, "4": 0.0, "5": 0.28444329221795345, "6": 0.23459493720204405, "7": 0.0, "8": 0.0, "9": 0.0, "10": 0.0, "11": 0.0, "12": 0.0}, "night": {"1": 0.30070239129542425, "2": 0.0, "3": 0.24188837624511023, "4": 0.21434774093314057, "5": 0.24306149152632495, "6": 0.0, "7": 0.0, "8": 0.0, "9": 0.0, "10": 0.0, "11": 0.0, "12": 0.0}}}