{"morning": {"1": 0.3197317584604917, "2": 0.15584161449352849, "3": 0.15725531390609707, "4": 0.04140804381150058, "5": 0.05835017998338168, "6": 0.027681549175656628, "7": 0.02762945146455172, "8": 0.023438408783686433, "9": 0.02199024317927713, "10": 0.12509322258190977, "11": 0.021899423409829432, "12": 0.019680790750089563}, "noon": {"1": 0.2660635548567483, "2": 0.1863974328139845, "3": 0.14665610720233446, "4": 0.04290670615676358, "5": 0.053769057787177686, "6": 0.019436358289966406, "7": 0.02432108034528358, "8": 0.020654529470008582, "9": 0.02210706182175959, "10": 0.15982232158928167, "11": 0.03344110969848111, "12": 0.024424679968210496}, "afternoon": {"1": 0.1426442640511014, "2": 0.1747255171438549, "3": 0.10468887096385948, "4": 0.06714133837535761, "5": 0.06954055244780181, "6": 0.018721077992573703, "7": 0.020722569746496017, "8": 0.01662285910510209, "9": 0.02129225380875319, "10": 0.2735201616287375, "11": 0.05100205515312765, "12": 0.03937847958323465}, "evening": {"1": 0.24832025624988635, "2": 0.18563679921055726, "3": 0.10420145715117357, "4": 0.06940954949624953, "5": 0.08020250489207968, "6": 0.03392903678682723, "7": 0.03463517994612622, "8": 0.02506171578856324, "9": 0.02754279803162326, "10": 0.12655882483259664, "11": 0.0423674092800458, "12": 0.022134468334271185}, "night": {"1": 0.3130965676768479, "2": 0.24229041949858537, "3": 0.15224608588854943, "4": 0.04061335494457494, "5": 0.07363613133267342, "6": 0.029652066406655908, "7": 0.01882978914387995, "8": 0.01797063712569712, "9": 0.01738011732856995, "10": 0.06215407433146669, "11": 0.016348171193974463, "12": 0.01578258512852484}}