{"morning": {"1": 0.29260430648080826, "2": 0.24153564384861886, "3": 0.06037858388367111, "4": 0.03919250396400375, "5": 0.16739942498724658, "6": 0.025030940512378776, "7": 0.03328169885128051, "8": 0.020515839446461497, "9": 0.0258243755490957, "10": 0.03867259429081846, "11": 0.029771192533587607, "12": 0.02579289565202886, "start": 1.0, "end": 2.0}, "noon": {"13": 0.2680603106049549, "2": 0.28716702733688587, "3": 0.05418474868168853, "4": 0.05793289006000926, "5": 0.06629567725322165, "6": 0.03239393048327734, "7": 0.040535133908805976, "8": 0.03442421578334764, "9": 0.03684510303626599, "10": 0.054644149771971184, "11": 0.0354981139242846, "12": 0.03201869915528718, "start": 2.0, "end": 13.0}, "afternoon": {"13": 0.2680502603755184, "14": 0.3005734816875141, "3": 0.0642698503823244, "4": 0.059392721127005506, "5": 0.05791593340731933, "18": 0.0312017966542895, "19": 0.034537616244160026, "20": 0.027704765175170145, "21": 0.03548708968125531, "10": 0.05644733943465124, "23": 0.03684784035499057, "12": 0.027571305475801385, "start": 13.0, "end": 14.0}, "evening": {"13": 0.16104128543861745, "14": 0.12998392439997747, "15": 0.0878038567177502, "16": 0.09173593974127457, "17": 0.11801741351803056, "18": 0.06785807357365446, "19": 0.06927035989225244, "20": 0.05012343157712648, "21": 0.05508559606324652, "22": 0.07773080519275438, "23": 0.04708037721677308, "24": 0.04426893666854237, "start": 14.0, "end": 24.0}, "night": {"1": 0.6716548352070613, "2": 0.17547218842712392, "3": 0.026219319604161972, "4": 0.016729247307815717, "5": 0.025561364590562782, "6": 0.010930703934415142, "7": 0.011977102963809005, "8": 0.008254242055501626, "9": 0.012217495377190482, "10": 0.01745257025179563, "23": 0.012420477782685896, "24": 0.011110452497876726, "start": 24.0, "end": 1.0}}