{"start": {"morning": {"1": 0.12762607458483627, "2": 0.049649009175978406, "3": 0.08008593091197833, "4": 0.036078767344180036, "5": 0.1067734607273161, "6": 0.11085464176120745, "7": 0.14302549891478838, "8": 0.03835773557786116, "9": 0.04423636286413888, "10": 0.14367123793460992, "11": 0.04551613182752887, "12": 0.0741251483755762}, "noon": {"1": 0.2010588794106704, "2": 0.028562277485734113, "3": 0.08689813389973955, "4": 0.0, "5": 0.033663346825438624, "6": 0.05757008492235835, "7": 0.06998215381610176, "8": 0.021447781277964043, "9": 0.023792783905879248, "10": 0.16116968854939212, "11": 0.1130264796664757, "12": 0.20282839024024613}, "afternoon": {"1": 0.3380154354297912, "2": 0.0815344887756626, "3": 0.08126906119350265, "4": 0.04596683695382409, "5": 0.03634814751079212, "6": 0.0, "7": 0.0, "8": 0.0, "9": 0.0, "10": 0.2566603766661693, "11": 0.058619424403204855, "12": 0.10158622906705322}, "evening": {"1": 0.23922134378162338, "2": 0.0, "3": 0.0, "4": 0.0, "5": 0.17142964619133924, "6": 0.11502121610690082, "7": 0.10848004551543754, "8": 0.0, "9": 0.0, "10": 0.2797745056769245, "11": 0.0, "12": 0.0860732427277745}, "night": {"1": 0.27050480173459046, "2": 0.0, "3": 0.0, "4": 0.0, "5": 0.15014542109973153, "6": 0.11189540514589229, "7": 0.12986675576082005, "8": 0.0, "9": 0.0, "10": 0.33758761625896566, "11": 0.0, "12": 0.0}}, "end": {"morning": {"1": 0.13592140716781437, "2": 0.07775668691350536, "3": 0.13389461883186715, "4": 0.054959565928988034, "5": 0.17310345603178734, "6": 0.0403391768770972, "7": 0.06513785808469195, "8": 0.04692390377465139, "9": 0.05050819747363092, "10": 0.12449437260621413, "11": 0.036873730358789346, "12": 0.06008702595096298}, "noon": {"1": 0.18113541076586015, "2": 0.10059542528937171, "3": 0.1093215434614261, "4": 0.037325489762717684, "5": 0.1665358320051844, "6": 0.04150644304678728, "7": 0.04964700729431209, "8": 0.05347863765876168, "9": 0.04470848026295207, "10": 0.16735256051297237, "11": 0.04839316993965447, "12": 0.0}, "afternoon": {"1": 0.21974241119871335, "2": 0.18697487171875146, "3": 0.19468665333856483, "4": 0.0, "5": 0.23772570448419947, "6": 0.0, "7": 0.0, "8": 0.0, "9": 0.0, "10": 0.16087035925977086, "11": 0.0, "12": 0.0}, "evening": {"1": 0.1602953531290898, "2": 0.07927631084769597, "3": 0.11337969489879395, "4": 0.0685043014747732, "5": 0.18651918521629068, "6": 0.04106261867076828, "7": 0.04878318405702929, "8": 0.04900291565475286, "9": 0.04938600423014599, "10": 0.12142875229693337, "11": 0.03692062022750399, "12": 0.04544105929622264}, "night": {"1": 0.2314246831694946, "2": 0.07890128336547703, "3": 0.10950092376394102, "4": 0.06706714248365576, "5": 0.21915737677864197, "6": 0.03781382284416361, "7": 0.05837303790068759, "8": 0.05690809932296502, "9": 0.04415783470425199, "10": 0.0966957956667215, "11": 0.0, "12": 0.0}}}