{"morning": {"1": 0.15320834527009022, "2": 0.12302478140645894, "3": 0.10169743142827778, "4": 0.05338632651613111, "5": 0.07892608131580038, "6": 0.07946765196025785, "7": 0.05076056022205548, "8": 0.05294416088655622, "9": 0.0545646239335422, "10": 0.12132802932251041, "11": 0.05667730748500723, "12": 0.07401470025331217}, "noon": {"1": 0.24791060900847356, "2": 0.1515774102705339, "3": 0.10247869542938433, "4": 0.05146372985681867, "5": 0.06690467837988125, "6": 0.08534949042750953, "7": 0.03203806043004377, "8": 0.039547413839391164, "9": 0.04216582638339974, "10": 0.08174184859012149, "11": 0.03469981808443598, "12": 0.06412241930000664}, "afternoon": {"1": 0.1813985382840062, "2": 0.13720365648774452, "3": 0.12305741592645703, "4": 0.06249723380826054, "5": 0.09841334485409461, "6": 0.08990335253743828, "7": 0.03533027924291337, "8": 0.04179389021637927, "9": 0.04649202343694275, "10": 0.07747671374505243, "11": 0.036852085547716185, "12": 0.06958146591299483}, "evening": {"1": 0.20977487077450782, "2": 0.1239601818968156, "3": 0.09312490977270528, "4": 0.04225087562336914, "5": 0.07085698073550398, "6": 0.08697758342456527, "7": 0.05043804591796799, "8": 0.06438672628958841, "9": 0.06340219829852199, "10": 0.09049808811268747, "11": 0.05171922087756956, "12": 0.05261031827619753}, "night": {"1": 0.18471232928427167, "2": 0.11274680317385792, "3": 0.1178988995249493, "4": 0.06327825956636227, "5": 0.10289582386888892, "6": 0.07261152817774504, "7": 0.047968488324620376, "8": 0.05031939183667762, "9": 0.05456149351989718, "10": 0.10560770198988105, "11": 0.036059305612344085, "12": 0.05133997512050457}}