{"morning": {"13": 0.13737598532650366, "2": 0.10877837036400334, "15": 0.0821773581685561, "16": 0.03615272090416101, "5": 0.05056484334924924, "18": 0.045640953078166915, "19": 0.032301334479755514, "8": 0.04599125910068827, "9": 0.036187857373924215, "10": 0.32634269146561107, "11": 0.0479612733146672, "12": 0.050525353074713605, "start": 9.0, "end": 10.0}, "noon": {"13": 0.22654336853200188, "14": 0.12471568103179805, "15": 0.0855612880251684, "16": 0.04494545817086237, "5": 0.0546321527182814, "18": 0.06354673731518826, "19": 0.02619241053600338, "20": 0.027093339557824333, "21": 0.027970755009721026, "10": 0.2513128937426472, "11": 0.02278127586605614, "12": 0.044704639494447376, "start": 10.0, "end": 13.0}, "afternoon": {"13": 0.16383857616350964, "14": 0.16548047064368682, "15": 0.14305503578705703, "16": 0.05553685692525351, "17": 0.0839877878509375, "18": 0.11797664033330349, "19": 0.02941200159883258, "20": 0.029367463638562602, "21": 0.0317851114841745, "10": 0.09576697031640613, "23": 0.02762919026256886, "12": 0.05616389499570742, "start": 13.0, "end": 18.0}, "evening": {"13": 0.19250940693320123, "14": 0.1086763609228103, "15": 0.08124943970619862, "4": 0.03772319382382415, "17": 0.057092868709246666, "18": 0.10070945455384087, "19": 0.04421452187292839, "20": 0.07979880170152938, "21": 0.07729463929101917, "22": 0.11771940635873199, "23": 0.06531829997888236, "24": 0.03769360614778692, "start": 18.0, "end": 22.0}, "night": {"1": 0.15879900790401943, "2": 0.09218340104469012, "3": 0.08551820188701781, "4": 0.03431856551654358, "5": 0.2671877325049624, "6": 0.05799578258651313, "7": 0.02946695960904801, "8": 0.04650428897159339, "9": 0.048729644190802925, "22": 0.09807374707388508, "23": 0.03696847030969144, "24": 0.04425419840123287, "start": 22.0, "end": 9.0}}