{"start": {"morning": {"1": 0.06369589069085754, "2": 0.07412819734253263, "3": 0.07920268939143763, "4": 0.06696732317181359, "5": 0.09890028959998173, "6": 0.1712889628033008, "7": 0.05135449888023647, "8": 0.07272954901325515, "9": 0.0956694685608752, "10": 0.10107099999158783, "11": 0.06143249183716924, "12": 0.06355963871695215}, "noon": {"1": 0.13634596693991824, "2": 0.048887438936274064, "3": 0.04326407338297005, "4": 0.040080422333320403, "5": 0.06107152235377621, "6": 0.18690077541982134, "7": 0.047134216761793815, "8": 0.08910023194069078, "9": 0.09610522043978598, "10": 0.07129212454196515, "11": 0.07527050590954353, "12": 0.10454750104014043}, "afternoon": {"1": 0.16323465403642992, "2": 0.20287863714756393, "3": 0.04795422032276653, "4": 0.0, "5": 0.049557839840500224, "6": 0.24542852288166672, "7": 0.0, "8": 0.04174966117846196, "9": 0.044851692998678076, "10": 0.16579308381494395, "11": 0.0, "12": 0.03855168777898873}, "evening": {"1": 0.09517531426154133, "2": 0.0712295789926062, "3": 0.07934051315654767, "4": 0.04458327938442731, "5": 0.10004425321678571, "6": 0.1796934583851602, "7": 0.04698329117906355, "8": 0.09189281104801023, "9": 0.11161823416652553, "10": 0.09707377006388307, "11": 0.04713051284339547, "12": 0.03523498330205371}, "night": {"1": 0.09758637773354195, "2": 0.07997490657311873, "3": 0.08068615900481375, "4": 0.05806559008450127, "5": 0.09477378766647009, "6": 0.17801170624280427, "7": 0.04972287830160908, "8": 0.08879940744822877, "9": 0.09188498101198701, "10": 0.1060826959423149, "11": 0.03626544632413983, "12": 0.03814606366647033}}, "end": {"morning": {"1": 0.039107715125647195, "2": 0.07439842403876025, "3": 0.07175582176872039, "4": 0.05212880289227905, "5": 0.06794948820033476, "6": 0.18828779449639682, "7": 0.043185949512797736, "8": 0.0938453486170204, "9": 0.09588017346989837, "10": 0.1084779267881772, "11": 0.06620686547314185, "12": 0.09877568961682598}, "noon": {"1": 0.11824142286440784, "2": 0.04149627899549613, "3": 0.045159186086262196, "4": 0.03995660026528453, "5": 0.06449214214567972, "6": 0.16206275663446443, "7": 0.042396493011352315, "8": 0.1226290356920224, "9": 0.12469243856190518, "10": 0.06183134888459804, "11": 0.08333516313319908, "12": 0.09370713372532816}, "afternoon": {"1": 0.1168554785369235, "2": 0.10588997450841263, "3": 0.10549882306339795, "4": 0.0, "5": 0.09061413585896021, "6": 0.20725380670208252, "7": 0.0, "8": 0.1204312328025342, "9": 0.10249778214414508, "10": 0.1509587663835439, "11": 0.0, "12": 0.0}, "evening": {"1": 0.08004480952212197, "2": 0.0739624630523854, "3": 0.07001276889527236, "4": 0.04833025072448674, "5": 0.10346116955509405, "6": 0.1510649655202226, "7": 0.05127089586595641, "8": 0.1222691169481768, "9": 0.11668413732561497, "10": 0.08700188685825888, "11": 0.05745374926296171, "12": 0.038443786469447926}, "night": {"1": 0.07567026424158602, "2": 0.04788671196072024, "3": 0.07279366153564075, "4": 0.07448638099886752, "5": 0.13789815683923673, "6": 0.11753933107574836, "7": 0.061094031428418405, "8": 0.09931085431654174, "9": 0.14002805891090314, "10": 0.0801057266545204, "11": 0.041893434975527985, "12": 0.05129338706228886}}}