{"morning": {"1": 0.38840052788618584, "2": 0.08793546470903493, "3": 0.11409734673022723, "4": 0.036152303554974966, "5": 0.06938384320025112, "6": 0.050425286886763176, "7": 0.05147106130314517, "8": 0.04432446811375564, "9": 0.0391552523117665, "10": 0.07956062105061357, "11": 0.016777106269546357, "12": 0.02231671798373554, "start": 1.0, "end": 2.0}, "noon": {"13": 0.40400379260960617, "2": 0.11542901693251745, "3": 0.10568392937297447, "4": 0.016423210095611793, "5": 0.12479192932139992, "6": 0.018328222467572798, "7": 0.04942588780031186, "8": 0.01659855350776459, "9": 0.01888756956580307, "10": 0.10299348954260418, "11": 0.016742889711839286, "12": 0.010691509071994423, "start": 2.0, "end": 3.0}, "afternoon": {"13": 0.2471653890043712, "14": 0.11504467751710463, "3": 0.14702167732944982, "4": 0.04663505440997643, "5": 0.10398540562700208, "6": 0.03416272021849067, "7": 0.049604963451270856, "8": 0.023427980103164468, "9": 0.018252941299056948, "10": 0.17173476111288852, "11": 0.031080193086117005, "12": 0.011884236841107372, "start": 3.0, "end": 13.0}, "evening": {"13": 0.29197294863652695, "14": 0.11459849914810818, "15": 0.1534630618029143, "16": 0.019565140460146055, "17": 0.10199869846131784, "18": 0.06330919955442782, "7": 0.05900906889016924, "20": 0.04259490346311542, "9": 0.028160145478656473, "22": 0.10867064115830383, "23": 0.010065679792158668, "24": 0.006592013154155228, "start": 13.0, "end": 15.0}, "night": {"1": 0.18944540762800205, "14": 0.13556345512786122, "15": 0.14963792089509353, "16": 0.03817634740970734, "17": 0.08816964286047788, "18": 0.0336740559370203, "19": 0.07657436430889591, "20": 0.04063363889821338, "21": 0.033738740149210876, "22": 0.14016277503184904, "23": 0.036076790341984195, "24": 0.038146861411684295, "start": 15.0, "end": 1.0}}