{"start": {"morning": {"1": 0.2362518450470137, "2": 0.0, "3": 0.29334684720188897, "4": 0.0, "5": 0.0, "6": 0.0, "7": 0.0, "8": 0.0, "9": 0.0, "10": 0.47040130775109734, "11": 0.0, "12": 0.0}, "noon": {"1": 0.0, "2": 0.0, "3": 0.0, "4": 0.0, "5": 0.0, "6": 0.0, "7": 0.0, "8": 0.0, "9": 0.0, "10": 1.0, "11": 0.0, "12": 0.0}, "afternoon": {"1": NaN, "2": NaN, "3": NaN, "4": NaN, "5": NaN, "6": NaN, "7": NaN, "8": NaN, "9": NaN, "10": NaN, "11": NaN, "12": NaN}, "evening": {"1": 0.0, "2": 0.10636504369060071, "3": 0.1613140832322879, "4": 0.0, "5": 0.09501402260690289, "6": 0.0, "7": 0.0, "8": 0.0, "9": 0.0, "10": 0.37432179063962634, "11": 0.12092817469700856, "12": 0.1420568851335736}, "night": {"1": 0.10958528738120328, "2": 0.12010478118794739, "3": 0.16950247717802822, "4": 0.0667225258756228, "5": 0.06811937394280464, "6": 0.044284884084453496, "7": 0.04218332922047764, "8": 0.0, "9": 0.0, "10": 0.23341468775994798, "11": 0.06783355235825689, "12": 0.07824910101125783}}, "end": {"morning": {"1": 0.1052247011438361, "2": 0.0819111446272829, "3": 0.2515700905691785, "4": 0.1009394390463657, "5": 0.09224232062281974, "6": 0.0, "7": 0.0, "8": 0.0, "9": 0.07008379889464784, "10": 0.15849516782748335, "11": 0.07052954144909325, "12": 0.06900379581929258}, "noon": {"1": 0.0, "2": 0.0, "3": 0.0, "4": 0.0, "5": 0.0, "6": 0.0, "7": 0.0, "8": 0.0, "9": 0.0, "10": 1.0, "11": 0.0, "12": 0.0}, "afternoon": {"1": NaN, "2": NaN, "3": NaN, "4": NaN, "5": NaN, "6": NaN, "7": NaN, "8": NaN, "9": NaN, "10": NaN, "11": NaN, "12": NaN}, "evening": {"1": 0.07204179777775936, "2": 0.08343651589120644, "3": 0.14788164026669925, "4": 0.06519994760240297, "5": 0.0, "6": 0.0, "7": 0.0, "8": 0.0, "9": 0.0, "10": 0.35733082202507954, "11": 0.12379680521383099, "12": 0.15031247122302144}, "night": {"1": 0.08561080022501111, "2": 0.12259683434492054, "3": 0.20677239845795387, "4": 0.09211241705964303, "5": 0.06575579122948552, "6": 0.05793401025163448, "7": 0.06011609489367178, "8": 0.040480729371774944, "9": 0.035299673382544514, "10": 0.13570712093168505, "11": 0.04664240886794536, "12": 0.050971720983729936}}}