{"morning": {"1": 0.15093253817589974, "2": 0.09740117810436526, "3": 0.0844783624052571, "4": 0.08097073621646585, "5": 0.07187901775201688, "6": 0.04297453897771601, "7": 0.11092479504621475, "8": 0.05423884617806465, "9": 0.06771568037885405, "10": 0.07113062252563694, "11": 0.06973265130771314, "12": 0.09762103293179562}, "noon": {"1": 0.2836850626307682, "2": 0.14566924543857987, "3": 0.08784123154214274, "4": 0.08490684273625573, "5": 0.06457280879045996, "6": 0.032873267751623095, "7": 0.0675726786826745, "8": 0.036522796762352844, "9": 0.05110221330044277, "10": 0.040520264795931425, "11": 0.03351954605590773, "12": 0.07121404151286113}, "afternoon": {"1": 0.1290065586502302, "2": 0.11120781360351036, "3": 0.08537211424772054, "4": 0.08828670263006529, "5": 0.07338711666069998, "6": 0.06953288838466942, "7": 0.1258141832443894, "8": 0.060340639188707815, "9": 0.05919388910185673, "10": 0.05406220952772241, "11": 0.05214611236369156, "12": 0.09164977239673633}, "evening": {"1": 0.13445171721494065, "2": 0.09658916617784408, "3": 0.08683963327786312, "4": 0.08636680288603527, "5": 0.06790497225203508, "6": 0.06603651199890323, "7": 0.12538920107184132, "8": 0.06352580682029245, "9": 0.06498030420131974, "10": 0.05730321478651512, "11": 0.05510422520274476, "12": 0.0955084441096652}, "night": {"1": 0.13645565755095176, "2": 0.10947181762486542, "3": 0.12931305468449156, "4": 0.10803519091334071, "5": 0.07105986629563493, "6": 0.056859762351400535, "7": 0.11213578949892948, "8": 0.05498302839054775, "9": 0.048999429240318845, "10": 0.059568763075785534, "11": 0.03959976225915637, "12": 0.07351787811457706}}