{"morning": {"1": 0.12368588629083449, "14": 0.0833113652118318, "15": 0.07478395412403739, "16": 0.0554363181776075, "5": 0.05513377605973514, "6": 0.05371817372214502, "7": 0.11631459040402523, "8": 0.06779855772258081, "9": 0.08464460047356756, "10": 0.07598067251424907, "11": 0.08716581413464142, "12": 0.12202629116474453, "start": 7.0, "end": 12.0}, "noon": {"13": 0.5467609342188161, "14": 0.08518046754427845, "15": 0.05534361113936509, "4": 0.04851420987218543, "5": 0.045236973389535445, "6": 0.021855857071843312, "19": 0.039290139118481185, "20": 0.019515146458434083, "21": 0.04653911066025121, "10": 0.02585226726512115, "11": 0.01975740396872831, "12": 0.04615387929296039, "start": 12.0, "end": 13.0}, "afternoon": {"13": 0.1878457051990096, "14": 0.17071650005441527, "15": 0.057208362052684036, "16": 0.0550599735076977, "5": 0.05258958949790298, "18": 0.06222405328291911, "19": 0.1104242189361544, "20": 0.053168014125149425, "9": 0.059193889101856724, "10": 0.04777380948178274, "23": 0.052146112363691544, "12": 0.09164977239673631, "start": 13.0, "end": 14.0}, "evening": {"13": 0.11712573834818422, "14": 0.07976008602595532, "15": 0.07363427139560051, "16": 0.060283434623544505, "17": 0.05462537898101047, "18": 0.07143314957468204, "19": 0.13287013424797517, "20": 0.06914757142774162, "21": 0.08122538025164966, "22": 0.07162901848314389, "23": 0.06888028150343094, "24": 0.11938555513708148, "start": 14.0, "end": 24.0}, "night": {"1": 0.12850484353991545, "2": 0.11317460395296985, "3": 0.11566334598000813, "4": 0.07871106013080027, "5": 0.06912008824173874, "6": 0.06248685965143122, "7": 0.11361195031789782, "8": 0.05797996461789311, "9": 0.06181160266177731, "10": 0.06327565203554572, "11": 0.043398550701052196, "24": 0.09226147816897019, "start": 24.0, "end": 7.0}}