{"start": {"morning": {"1": 0.06335538450581508, "2": 0.046386490564766666, "3": 0.0532362828337886, "4": 0.04413209461443499, "5": 0.04951167005667313, "6": 0.08797252724699099, "7": 0.08608321912403326, "8": 0.06336643892429851, "9": 0.08749118447770732, "10": 0.10027337991227958, "11": 0.136467626809696, "12": 0.18172370092951598}, "noon": {"1": 0.3246744949426927, "2": 0.0663171064151104, "3": 0.06450111933670684, "4": 0.04372973415079609, "5": 0.03565278303616924, "6": 0.042592598958736974, "7": 0.05364754917445689, "8": 0.02560497337623842, "9": 0.07375764883668864, "10": 0.04413417351899295, "11": 0.07618721780456594, "12": 0.1492006004488449}, "afternoon": {"1": 0.05514242883223549, "2": 0.0540309408866042, "3": 0.05142213318716589, "4": 0.04010026733783556, "5": 0.05069157809533748, "6": 0.10901334161259457, "7": 0.09901510633099271, "8": 0.06223402440013043, "9": 0.07853214301020783, "10": 0.09185220678250218, "11": 0.11882993384456335, "12": 0.1891358956798303}, "evening": {"1": 0.048629903005930133, "2": 0.04343081660165861, "3": 0.0442976673277118, "4": 0.03850251731446312, "5": 0.04657349393653126, "6": 0.10999210811327426, "7": 0.09123335906929517, "8": 0.061569950885687105, "9": 0.09245911055636705, "10": 0.10019393411460041, "11": 0.11794746592742653, "12": 0.20516967314705456}, "night": {"1": 0.07528488806916474, "2": 0.06887025769300856, "3": 0.11138559506005527, "4": 0.06357005703957189, "5": 0.06283394023320736, "6": 0.1072093013542637, "7": 0.0902600810701665, "8": 0.05104255970821153, "9": 0.07492994205524997, "10": 0.07371231723137035, "11": 0.09013701209363875, "12": 0.13076404839209138}}, "end": {"morning": {"1": 0.0683754728952011, "2": 0.04234834055255829, "3": 0.04875303938971155, "4": 0.03323714350891181, "5": 0.04295086196181307, "6": 0.06898863266646084, "7": 0.08331221862614635, "8": 0.06138716512218158, "9": 0.08267028729880542, "10": 0.10785800529612444, "11": 0.16542722684599845, "12": 0.19469160583608708}, "noon": {"1": 0.19600082586737602, "2": 0.04461982121503664, "3": 0.05856104234066275, "4": 0.022937494832581194, "5": 0.033593978374998834, "6": 0.032792604676659474, "7": 0.05307882400744185, "8": 0.02283081993265219, "9": 0.06536920867881538, "10": 0.0838236603018924, "11": 0.17229454143555506, "12": 0.21409717833632824}, "afternoon": {"1": 0.06795925565578868, "2": 0.05269526694385933, "3": 0.04965652347552934, "4": 0.032129448517017364, "5": 0.04255249403088162, "6": 0.07756654149554525, "7": 0.09378559778269614, "8": 0.0587812591019641, "9": 0.06919543778862511, "10": 0.09838456379713818, "11": 0.1454133392594839, "12": 0.21188027215147096}, "evening": {"1": 0.06313706088256456, "2": 0.04250571961742113, "3": 0.04554373323365433, "4": 0.03198494640666115, "5": 0.04127057382480425, "6": 0.08114347407021703, "7": 0.09306491095500789, "8": 0.062189148446122784, "9": 0.08371219979001587, "10": 0.10290838232073592, "11": 0.13762615764120797, "12": 0.21491369281158726}, "night": {"1": 0.07145520512897516, "2": 0.0522694406384519, "3": 0.087047579229255, "4": 0.045821459058374946, "5": 0.0638384082678082, "6": 0.08575453323721059, "7": 0.088382157717968, "8": 0.05501193364175609, "9": 0.06265948171294457, "10": 0.09372113511249842, "11": 0.10924018147697862, "12": 0.1847984847777787}}}