{"morning": {"1": 0.10899242989560658, "2": 0.11869191015167244, "3": 0.14890265897927638, "4": 0.09696080101260231, "5": 0.07479435148967904, "6": 0.059878817023036754, "7": 0.06933884242689817, "8": 0.05234565662230627, "9": 0.06363858502395915, "10": 0.07826304959037585, "11": 0.04834624136418041, "12": 0.07984665642040664}, "noon": {"1": 0.16233030096000792, "2": 0.1071235028436683, "3": 0.11184088072355196, "4": 0.09706497599232934, "5": 0.06559125598906088, "6": 0.050057603251020266, "7": 0.05468578598639323, "8": 0.04660958890310242, "9": 0.05185955023811774, "10": 0.07473056620368076, "11": 0.041211235948019655, "12": 0.13689475296104736}, "afternoon": {"1": 0.1779629131717751, "2": 0.09126295773971002, "3": 0.12509384376107172, "4": 0.16636037845978863, "5": 0.06456463090864656, "6": 0.05109762041544106, "7": 0.05499540149926829, "8": 0.043018176935911076, "9": 0.048464636313690225, "10": 0.07803639008644929, "11": 0.0422462714110059, "12": 0.05689677929724215}, "evening": {"1": 0.10229365978348191, "2": 0.10848622496922075, "3": 0.1375571034067665, "4": 0.08265935689798798, "5": 0.07319540473396173, "6": 0.060828971847384755, "7": 0.08195407124860045, "8": 0.06541236991570805, "9": 0.08084221553554742, "10": 0.08158919644505482, "11": 0.05201495837643104, "12": 0.07316646683985446}, "night": {"1": 0.10522575126500343, "2": 0.11240989318160267, "3": 0.14464457422136873, "4": 0.0840695496049994, "5": 0.07548200073140107, "6": 0.06024747170429401, "7": 0.07767034056761034, "8": 0.06452650015958526, "9": 0.08029202858611541, "10": 0.07338369317513269, "11": 0.051484358530995755, "12": 0.07056383827189126}}