{"morning": {"13": 0.10899242989560658, "2": 0.11869191015167244, "3": 0.14890265897927638, "4": 0.09696080101260231, "5": 0.07479435148967904, "6": 0.059878817023036754, "7": 0.06933884242689817, "8": 0.05234565662230627, "9": 0.06363858502395915, "10": 0.07826304959037585, "11": 0.04834624136418041, "12": 0.07984665642040664, "start": 3.0, "end": 12.0}, "noon": {"13": 0.16233030096000792, "14": 0.1071235028436683, "15": 0.11184088072355196, "16": 0.09706497599232934, "17": 0.06559125598906088, "18": 0.050057603251020266, "19": 0.05468578598639323, "20": 0.04660958890310242, "21": 0.05185955023811774, "10": 0.07473056620368076, "11": 0.041211235948019655, "12": 0.13689475296104736, "start": 12.0, "end": 13.0}, "afternoon": {"13": 0.1779629131717751, "14": 0.09126295773971002, "15": 0.12509384376107172, "16": 0.16636037845978863, "17": 0.06456463090864656, "18": 0.05109762041544106, "19": 0.05499540149926829, "20": 0.043018176935911076, "21": 0.048464636313690225, "22": 0.07803639008644929, "23": 0.0422462714110059, "12": 0.05689677929724215, "start": 13.0, "end": 16.0}, "evening": {"13": 0.10229365978348191, "14": 0.10848622496922075, "15": 0.1375571034067665, "16": 0.08265935689798798, "17": 0.07319540473396173, "18": 0.060828971847384755, "19": 0.08195407124860045, "20": 0.06541236991570805, "21": 0.08084221553554742, "22": 0.08158919644505482, "23": 0.05201495837643104, "24": 0.07316646683985446, "start": 16.0, "end": 24.0}, "night": {"1": 0.10522575126500343, "2": 0.11240989318160267, "3": 0.14464457422136873, "4": 0.0840695496049994, "17": 0.07548200073140107, "18": 0.06024747170429401, "19": 0.07767034056761034, "20": 0.06452650015958526, "21": 0.08029202858611541, "22": 0.07338369317513269, "23": 0.051484358530995755, "24": 0.07056383827189126, "start": 24.0, "end": 3.0}}