{"start": {"morning": {"1": 0.15752212220823822, "2": 0.14414987851609865, "3": 0.14455261300807146, "4": 0.07535955361726489, "5": 0.07863768099088221, "6": 0.06481947804072981, "7": 0.05233156451850369, "8": 0.03205044292149147, "9": 0.06369669004365588, "10": 0.07529796825262747, "11": 0.04002523655547003, "12": 0.0715567713269662}, "noon": {"1": 0.1361624383885397, "2": 0.14919865150257983, "3": 0.1486328093760224, "4": 0.06506147854851807, "5": 0.06477458495570408, "6": 0.06208027298799712, "7": 0.04412381223330453, "8": 0.030747596555746166, "9": 0.05266391337553218, "10": 0.10674107771242598, "11": 0.046799344871825174, "12": 0.0930140194918048}, "afternoon": {"1": 0.1295073102039458, "2": 0.14924122739428453, "3": 0.15202866036934395, "4": 0.06048706767271161, "5": 0.0729364969598726, "6": 0.06270345289991167, "7": 0.04600661337627995, "8": 0.03420179912775059, "9": 0.0585294361427982, "10": 0.10564626027633035, "11": 0.045939010392026795, "12": 0.08277266518474412}, "evening": {"1": 0.13859284280895584, "2": 0.11242727040446805, "3": 0.142904107112091, "4": 0.0855760108816989, "5": 0.06643858164998502, "6": 0.05526172077517205, "7": 0.0629900889580231, "8": 0.038294183529478575, "9": 0.09154295597989731, "10": 0.07638467280116666, "11": 0.0477857682784047, "12": 0.08180179682065877}, "night": {"1": 0.1188021514321419, "2": 0.09660626173332476, "3": 0.13185643010658277, "4": 0.08475703827938891, "5": 0.07352657831342614, "6": 0.06785073649891846, "7": 0.06472495835180327, "8": 0.04108580919331593, "9": 0.09293787725616798, "10": 0.09938829791110604, "11": 0.04258882408576842, "12": 0.0858750368380554}}, "end": {"morning": {"1": 0.14964620817239538, "2": 0.14487850573271055, "3": 0.16250833833647513, "4": 0.06076601418685251, "5": 0.06902022053036184, "6": 0.057788872029904764, "7": 0.04589241423475005, "8": 0.034956584225632796, "9": 0.061783826206132514, "10": 0.08637281637220012, "11": 0.042732774179349786, "12": 0.08365342579323454}, "noon": {"1": 0.1355158263405892, "2": 0.1478758169345575, "3": 0.15537117687362953, "4": 0.057915813218957536, "5": 0.06185195758773073, "6": 0.05424462898307744, "7": 0.03906974121298613, "8": 0.034837724477294, "9": 0.05266392454731549, "10": 0.11636015803222648, "11": 0.051364843578520246, "12": 0.09292838821311583}, "afternoon": {"1": 0.12882114004784825, "2": 0.1466078463142861, "3": 0.16320899483748622, "4": 0.053876232760742666, "5": 0.06684128162926427, "6": 0.05847088706909594, "7": 0.045080532050005694, "8": 0.03788316979105873, "9": 0.055893164252183346, "10": 0.1120930801956186, "11": 0.048628854985041436, "12": 0.08259481606736875}, "evening": {"1": 0.16762137167408228, "2": 0.11892633961090136, "3": 0.126823141633558, "4": 0.05731526508985022, "5": 0.05774186625559788, "6": 0.05109357260029921, "7": 0.056701671371160806, "8": 0.04056624467135613, "9": 0.07659669894276779, "10": 0.10265639251412206, "11": 0.04846685979256448, "12": 0.09549057584373975}, "night": {"1": 0.1495922590442602, "2": 0.11488426156353977, "3": 0.11740524769734029, "4": 0.0568465885356261, "5": 0.06014169945605852, "6": 0.06016046455111157, "7": 0.060908070133018084, "8": 0.044204191243812196, "9": 0.08368975663868113, "10": 0.1166638359608425, "11": 0.04496874077264514, "12": 0.09053488440306451}}}