{"morning": {"1": 0.07580673496817797, "2": 0.07108145159617174, "3": 0.06168090727145557, "4": 0.07865845055544225, "5": 0.13521140669144588, "6": 0.08389994812542387, "7": 0.08829814115060483, "8": 0.06304698752198278, "9": 0.05530475454007251, "10": 0.10597219266387996, "11": 0.09336895936649689, "12": 0.08767006554884578, "start": 1.0, "end": 2.0}, "noon": {"13": 0.10520213570960682, "2": 0.0822118946419795, "3": 0.058574514342354146, "4": 0.10130035383482316, "5": 0.14041298194556232, "6": 0.07728667800966457, "7": 0.07088761869709104, "8": 0.06385883601708654, "9": 0.05443157260227316, "10": 0.08798578433812593, "11": 0.08294455187228364, "12": 0.0749030779891492, "start": 2.0, "end": 5.0}, "afternoon": {"13": 0.06854480604510785, "14": 0.06648909853288756, "15": 0.047462072161304714, "16": 0.08698707192292217, "5": 0.1610596629959457, "6": 0.10352522176403771, "7": 0.09397077188935019, "8": 0.07053952699919429, "9": 0.06325224087246581, "10": 0.08714650521746449, "11": 0.0802683972659871, "12": 0.07075462433333243, "start": 5.0, "end": 10.0}, "evening": {"13": 0.08379430876282619, "14": 0.08161451227445236, "15": 0.04767584618902757, "16": 0.09713728064170886, "17": 0.1520796452082889, "18": 0.09353633991425526, "19": 0.08003083238198885, "20": 0.06252238477778713, "21": 0.04851552499069134, "10": 0.08532000525260239, "11": 0.08764671047159629, "12": 0.08012660913477464, "start": 10.0, "end": 17.0}, "night": {"1": 0.06327519494175698, "2": 0.05932462922017208, "3": 0.05375496943559532, "4": 0.05425035963096238, "17": 0.11113206271847731, "18": 0.08389060729682521, "19": 0.0932723479433467, "20": 0.07390452870080501, "21": 0.05969725178023122, "22": 0.1348111533423837, "23": 0.10721532031067801, "24": 0.10547157467876604, "start": 17.0, "end": 1.0}}