{"morning": {"1": 0.13272548588524938, "2": 0.1227830661189286, "3": 0.14128576194541279, "4": 0.056646874164871665, "5": 0.09065685175654586, "6": 0.0715149197726536, "7": 0.1023403680605968, "8": 0.04769985364709191, "9": 0.030787939762024256, "10": 0.09667095886447333, "11": 0.055989513203472105, "12": 0.05089840681867972}, "noon": {"1": 0.14910399148661568, "2": 0.1262589405291703, "3": 0.12423837585729844, "4": 0.07282459767643044, "5": 0.13789591884710625, "6": 0.052094617748762694, "7": 0.07894972424997723, "8": 0.05577973130044465, "9": 0.02948623351645665, "10": 0.08486270121485608, "11": 0.05328311222748998, "12": 0.03522205534539157}, "afternoon": {"1": 0.14138469376888418, "2": 0.14540810094575846, "3": 0.12151104515934467, "4": 0.049916529133706165, "5": 0.09148762010000214, "6": 0.06994835197701069, "7": 0.09361941455212217, "8": 0.05347471125540998, "9": 0.027429344740511487, "10": 0.09793852020798595, "11": 0.053459639344444976, "12": 0.05442202881481917}, "evening": {"1": 0.1767239829296399, "2": 0.14778588940402157, "3": 0.12965006844483154, "4": 0.049594868434730426, "5": 0.09120298228622217, "6": 0.06754924861400297, "7": 0.08760706577014336, "8": 0.041813688022440614, "9": 0.023885166415789805, "10": 0.0854549892010658, "11": 0.053471884722515274, "12": 0.04526016575459654}, "night": {"1": 0.3145126837133646, "2": 0.14695312672017105, "3": 0.1526140861136794, "4": 0.04951930460011818, "5": 0.08339603107466764, "6": 0.048388853988226545, "7": 0.07174351960059225, "8": 0.015238557601661484, "9": 0.02073495962000122, "10": 0.05023577610948786, "11": 0.029720231122609166, "12": 0.016942869735420533}}