{"morning": {"1": 0.3097065051020465, "2": 0.10059186881016297, "3": 0.1278967335472907, "4": 0.0987997637480546, "5": 0.04081709170677795, "6": 0.030255200348758903, "7": 0.10139697205073446, "8": 0.020808652531206877, "9": 0.040170190928827766, "10": 0.034902950755748494, "11": 0.036519022114839844, "12": 0.05813504835555081}, "noon": {"1": 0.27606112528493576, "2": 0.0740437250447519, "3": 0.13312857623827007, "4": 0.07137217608575673, "5": 0.053391327373154794, "6": 0.03415147501652825, "7": 0.08324194655792758, "8": 0.023327284366893984, "9": 0.03471019332382329, "10": 0.06279399021394233, "11": 0.0838165932217125, "12": 0.06996158727230287}, "afternoon": {"1": 0.32126029424044794, "2": 0.07275416179864608, "3": 0.1652445282096339, "4": 0.08589666569255079, "5": 0.08299045615216595, "6": 0.021340540019975113, "7": 0.09029830579545346, "8": 0.008427261539935418, "9": 0.020982691021810693, "10": 0.047248658903050605, "11": 0.037013033225709355, "12": 0.04654340340062052}, "evening": {"1": 0.2833974732654813, "2": 0.10153602294275176, "3": 0.18104066572801727, "4": 0.11701274833932436, "5": 0.055176601542697726, "6": 0.023429551279104458, "7": 0.07589243889401073, "8": 0.01576909880370595, "9": 0.03951612099338417, "10": 0.029214704800245832, "11": 0.038266322372684916, "12": 0.039748251038591316}, "night": {"1": 0.3841021752043669, "2": 0.07903172525710556, "3": 0.17258005966097847, "4": 0.0720162928913237, "5": 0.035007079120881024, "6": 0.03377381224696484, "7": 0.07374194903390842, "8": 0.018546040389715468, "9": 0.0376115210929346, "10": 0.029352308751606514, "11": 0.031210975082118002, "12": 0.03302606126809641}}