{"morning": {"1": 0.20534385892086432, "2": 0.07727430107505376, "3": 0.07160570889254342, "4": 0.04969809018988912, "5": 0.0869509062026439, "6": 0.07016674075898267, "7": 0.07991403140406003, "8": 0.05944370255206437, "9": 0.04976186568210197, "10": 0.09502543316600189, "11": 0.09088363908857486, "12": 0.06393172206721978, "start": 1.0, "end": 3.0}, "noon": {"13": 0.17447280408638002, "2": 0.06719268640185941, "3": 0.07400004890996481, "4": 0.06310255099416356, "5": 0.11552211476200547, "6": 0.07190452041016383, "7": 0.12049674379443705, "8": 0.07808996892175053, "21": 0.04208759426273428, "10": 0.0704470390685784, "11": 0.05724221932551776, "12": 0.0654417090624447, "start": 3.0, "end": 7.0}, "afternoon": {"13": 0.23966339309317147, "14": 0.08344383590344834, "15": 0.0698590698597296, "4": 0.04855766610470289, "5": 0.07644466901345295, "6": 0.06602642545970458, "7": 0.09294064507004496, "8": 0.0676290696434484, "9": 0.049776119939917124, "10": 0.07471931788012648, "11": 0.06752825022860419, "12": 0.063411537803649, "start": 7.0, "end": 13.0}, "evening": {"13": 0.26357869655255073, "14": 0.06710247453887636, "15": 0.07868768946582524, "16": 0.05089479470890287, "17": 0.0810220611660915, "18": 0.06792475733885943, "19": 0.08337871466362919, "8": 0.047081580568656675, "21": 0.03575264643571482, "10": 0.06861003117170547, "11": 0.08756234726043961, "24": 0.06840420612874813, "start": 13.0, "end": 19.0}, "night": {"1": 0.2668245868670916, "14": 0.07914860883856344, "15": 0.0862272033280455, "16": 0.05236522677801507, "17": 0.0721621783975349, "18": 0.07010792827356328, "19": 0.08313725426737757, "20": 0.05780261406360012, "21": 0.03912772334126841, "22": 0.07057781173532261, "23": 0.06487858438923658, "24": 0.057640279720380924, "start": 19.0, "end": 1.0}}