{"morning": {"1": 0.06832404652412155, "2": 0.15881571941722727, "3": 0.1385008010108303, "4": 0.22227115730140054, "5": 0.05992611013553215, "6": 0.062018152831544895, "7": 0.0759981705601622, "8": 0.041789673229013516, "9": 0.04426232063940548, "10": 0.07392122924600714, "11": 0.0273170543842401, "12": 0.026855564720514823}, "noon": {"1": 0.13439438749078453, "2": 0.1594174601560567, "3": 0.13703792869680032, "4": 0.2113967597304521, "5": 0.06244682685356448, "6": 0.061487017657203644, "7": 0.06799049855588632, "8": 0.037479988603445875, "9": 0.03279567822322574, "10": 0.05196756232934645, "11": 0.020243049398650237, "12": 0.023342842304583486}, "afternoon": {"1": 0.0711586296767153, "2": 0.30617888040855334, "3": 0.16934902455164969, "4": 0.17305774234626353, "5": 0.046021687283920934, "6": 0.04922777730221015, "7": 0.054455071530819986, "8": 0.02744336220729307, "9": 0.022941412457522015, "10": 0.04215798481070661, "11": 0.018629905310651597, "12": 0.019378522113693793}, "evening": {"1": 0.1212787446420325, "2": 0.1918766299310802, "3": 0.16075995706754012, "4": 0.20014421930716558, "5": 0.0467098258024921, "6": 0.057631819659539216, "7": 0.06716588025772482, "8": 0.033038004457485566, "9": 0.027491959575197438, "10": 0.05272139240691618, "11": 0.020013140384977736, "12": 0.02116842650784851}, "night": {"1": 0.07977595409042766, "2": 0.1908927733681376, "3": 0.14315096832974605, "4": 0.18961291135452712, "5": 0.062015531456239614, "6": 0.07235751350555285, "7": 0.07142566674150194, "8": 0.03684086711228248, "9": 0.0446220066678159, "10": 0.059716373393570596, "11": 0.026386965998704937, "12": 0.02320246798149344}}