{"morning": {"1": 0.15978545179840598, "2": 0.06082567400992002, "3": 0.07353584264590478, "4": 0.04755909110352723, "5": 0.08051103051335892, "6": 0.1118181386908371, "7": 0.06835449708036877, "8": 0.0459848193612852, "9": 0.04701728807594823, "10": 0.16007689792005164, "11": 0.07402124284331775, "12": 0.07051002595707456}, "noon": {"1": 0.09866145675909868, "2": 0.03164797145096944, "3": 0.03597842667801539, "4": 0.028589618416757355, "5": 0.09811736598056911, "6": 0.34322089533036926, "7": 0.11248611574269465, "8": 0.03538799956356443, "9": 0.051973214692844015, "10": 0.07259212599932238, "11": 0.041575938954047265, "12": 0.04976887043174799}, "afternoon": {"1": 0.13471532861577276, "2": 0.06728100553028823, "3": 0.09484911608838469, "4": 0.040268029446029106, "5": 0.0749938893357606, "6": 0.1774465542234965, "7": 0.08020380994323383, "8": 0.04348598672227348, "9": 0.04324334587525926, "10": 0.13553879606321317, "11": 0.056060832165913524, "12": 0.05191330599037484}, "evening": {"1": 0.24502148870845852, "2": 0.07133313098373824, "3": 0.09075983457212758, "4": 0.04832249989445423, "5": 0.06721118121323441, "6": 0.131076042978083, "7": 0.05048428869184585, "8": 0.02741145702835255, "9": 0.04896122444916018, "10": 0.12731254186091162, "11": 0.05881401713265098, "12": 0.03329229248698283}, "night": {"1": 0.16514564660278877, "2": 0.07896379996044756, "3": 0.1026408899625008, "4": 0.06330473686661128, "5": 0.07146852223945666, "6": 0.16173793709465895, "7": 0.08142063031038865, "8": 0.030180443959434707, "9": 0.03141016285437497, "10": 0.11877315383938478, "11": 0.048148522656425566, "12": 0.046805553653527295}}