{"morning": {"1": 0.15978545179840598, "2": 0.06082567400992002, "3": 0.07353584264590478, "4": 0.04755909110352723, "5": 0.08051103051335892, "6": 0.1118181386908371, "7": 0.06835449708036877, "8": 0.0459848193612852, "9": 0.04701728807594823, "10": 0.16007689792005164, "11": 0.07402124284331775, "12": 0.07051002595707456, "start": 1.0, "end": 5.0}, "noon": {"13": 0.09866145675909868, "14": 0.03164797145096944, "15": 0.03597842667801539, "16": 0.028589618416757355, "5": 0.09811736598056911, "6": 0.34322089533036926, "7": 0.11248611574269465, "8": 0.03538799956356443, "9": 0.051973214692844015, "10": 0.07259212599932238, "11": 0.041575938954047265, "12": 0.04976887043174799, "start": 5.0, "end": 6.0}, "afternoon": {"13": 0.13471532861577276, "14": 0.06728100553028823, "15": 0.09484911608838469, "16": 0.040268029446029106, "17": 0.0749938893357606, "6": 0.1774465542234965, "7": 0.08020380994323383, "8": 0.04348598672227348, "9": 0.04324334587525926, "10": 0.13553879606321317, "11": 0.056060832165913524, "12": 0.05191330599037484, "start": 6.0, "end": 13.0}, "evening": {"13": 0.24502148870845852, "14": 0.07133313098373824, "15": 0.09075983457212758, "16": 0.04832249989445423, "17": 0.06721118121323441, "18": 0.131076042978083, "19": 0.05048428869184585, "20": 0.02741145702835255, "21": 0.04896122444916018, "22": 0.12731254186091162, "23": 0.05881401713265098, "24": 0.03329229248698283, "start": 13.0, "end": 18.0}, "night": {"1": 0.16514564660278877, "2": 0.07896379996044756, "15": 0.1026408899625008, "4": 0.06330473686661128, "17": 0.07146852223945666, "18": 0.16173793709465895, "19": 0.08142063031038865, "20": 0.030180443959434707, "21": 0.03141016285437497, "22": 0.11877315383938478, "23": 0.048148522656425566, "24": 0.046805553653527295, "start": 18.0, "end": 1.0}}