{"morning": {"1": 0.1037741257378895, "2": 0.0788061583996979, "3": 0.10321776558316527, "4": 0.05351279876302489, "5": 0.08881314261171144, "6": 0.0522558598935294, "7": 0.11162093092514816, "8": 0.058504330964071274, "9": 0.04628914842566815, "10": 0.1175991641886929, "11": 0.0849923619938461, "12": 0.10061421251355485}, "noon": {"1": 0.08801778627222165, "2": 0.06574456817621725, "3": 0.09388038604818193, "4": 0.05085415465526857, "5": 0.0735022083626155, "6": 0.03600117461096102, "7": 0.10819131966838073, "8": 0.048098872238806455, "9": 0.03834112650760479, "10": 0.11854141312899577, "11": 0.1656478103203863, "12": 0.11317918001036018}, "afternoon": {"1": 0.15538964266377603, "2": 0.10418216258561888, "3": 0.08220864511664008, "4": 0.09276710061256657, "5": 0.09926284909396536, "6": 0.027790417867239136, "7": 0.06257066149849491, "8": 0.03950905187723157, "9": 0.0296211683587538, "10": 0.10287193819108942, "11": 0.10570128867012793, "12": 0.09812507346449631}, "night": {"1": 0.14725105552042045, "2": 0.0779350996874697, "3": 0.09624881190117998, "4": 0.04687509800939775, "5": 0.08970224629141044, "6": 0.04418644817945135, "7": 0.11568839872369452, "8": 0.05888105682915538, "9": 0.047748393521681615, "10": 0.11182404102411592, "11": 0.07782518265540676, "12": 0.08583416765661611}}