{"morning": {"1": 0.04775415380822367, "2": 0.21919707856466092, "3": 0.1760980301975978, "4": 0.09192893169167879, "5": 0.06527140170760443, "6": 0.05119061510455634, "7": 0.10177819146940985, "8": 0.04695311979619665, "9": 0.02816965021214929, "10": 0.09056264172351022, "11": 0.03313495335120756, "12": 0.04796123237320451}, "noon": {"1": 0.03230866809508612, "2": 0.33738222713447946, "3": 0.190976143815929, "4": 0.0896998485620372, "5": 0.04989516417259626, "6": 0.03564910767686307, "7": 0.10179499702490265, "8": 0.029494662918269153, "9": 0.01780165382705142, "10": 0.05390790127476836, "11": 0.020038316759451613, "12": 0.04105130873856582}, "afternoon": {"1": 0.023558499207440728, "2": 0.4555543325996087, "3": 0.13705334517298548, "4": 0.046815341790995946, "5": 0.03077068053538119, "6": 0.046368645933314113, "7": 0.09917728249449213, "8": 0.03923131589242541, "9": 0.014434903829475002, "10": 0.04955232787495863, "11": 0.025221710851009178, "12": 0.03226161381791334}, "evening": {"1": 0.02210369615420712, "2": 0.38008291846373843, "3": 0.16495805038710704, "4": 0.07559152342520366, "5": 0.05956521216672598, "6": 0.02850057798671334, "7": 0.09782732539468787, "8": 0.03282132492637436, "9": 0.030052359575106824, "10": 0.06430172785405429, "11": 0.013964807237363805, "12": 0.03023047642871731}, "night": {"1": 0.016710400001635112, "2": 0.3733263350849275, "3": 0.1743593927667223, "4": 0.07481065505520719, "5": 0.05158109372684949, "6": 0.024259484698390003, "7": 0.12952119020109604, "8": 0.04486410169676281, "9": 0.02109581067229048, "10": 0.052246808838155676, "11": 0.009207307889864937, "12": 0.02801741936809857}}