{"morning": {"13": 0.11633332131456586, "14": 0.059554394819830825, "3": 0.12186915781252868, "4": 0.11519494864374846, "5": 0.05200791830991634, "18": 0.06123675105494094, "19": 0.13781803978594515, "8": 0.10148513054451733, "9": 0.09894447749744703, "10": 0.042336078605811386, "11": 0.042250181780035034, "12": 0.05096959983071292, "start": 3.0, "end": 4.0}, "noon": {"13": 0.09158538218265563, "14": 0.06862821205764291, "15": 0.09972952662089699, "4": 0.176181307706994, "5": 0.07544304043018339, "6": 0.04969942370113006, "7": 0.10712412134849274, "8": 0.12517972033897565, "9": 0.0633844383667839, "10": 0.052182795495480695, "11": 0.02250312203012734, "12": 0.0683589097206367, "start": 4.0, "end": 8.0}, "afternoon": {"13": 0.06376854668509746, "14": 0.04728877151911261, "15": 0.08346627277139443, "16": 0.15073323150489193, "17": 0.07572863136833774, "18": 0.04311026225416849, "19": 0.09339690663149239, "8": 0.12746524117497743, "9": 0.11254864852131144, "10": 0.07865179647515871, "11": 0.048935854601499754, "12": 0.07490583649255764, "start": 8.0, "end": 16.0}, "evening": {"13": 0.06905616878037311, "14": 0.0493109145526108, "15": 0.0962061081550441, "16": 0.1053629501830821, "17": 0.04719357205776131, "18": 0.06304878904842821, "19": 0.13837811070696632, "20": 0.15226348068856008, "21": 0.1384658283346672, "22": 0.04741396466536871, "23": 0.04349029550396919, "24": 0.04980981732316867, "start": 16.0, "end": 21.0}, "night": {"1": 0.10754381554935291, "2": 0.11258599486730295, "3": 0.06565777614730965, "4": 0.09222377840591729, "5": 0.03721817451288928, "6": 0.0563429802479656, "7": 0.12360050289820945, "8": 0.12867738560834033, "21": 0.12003707016124703, "22": 0.05612531893630277, "23": 0.05485941413331872, "24": 0.045127788531843994, "start": 21.0, "end": 3.0}}