{"morning": {"1": 0.14696923476527385, "2": 0.28532012112397737, "3": 0.09366147726899239, "4": 0.08408369001974048, "5": 0.06790089814218872, "6": 0.03722262424476124, "7": 0.036671905954897756, "8": 0.02811765917325836, "9": 0.02250555493729893, "10": 0.09265330344768107, "11": 0.057948229731039004, "12": 0.04694530119089069}, "noon": {"1": 0.2272047038565661, "2": 0.2508482020152155, "3": 0.07323890451521209, "4": 0.08580648459494233, "5": 0.07049069653041995, "6": 0.03722915192705568, "7": 0.028709189757026438, "8": 0.018463867507497744, "9": 0.021076340662627098, "10": 0.09010556713175573, "11": 0.05533129838035219, "12": 0.04149559312132913}, "afternoon": {"1": 0.20849872391782256, "2": 0.2755194653725179, "3": 0.08972089919092821, "4": 0.08374779654420964, "5": 0.061157448804616286, "6": 0.0359158798295725, "7": 0.026511052995521082, "8": 0.020786957368130514, "9": 0.015652209559800585, "10": 0.09199443777684267, "11": 0.04967286900506753, "12": 0.04082225963497049}, "evening": {"1": 0.19556888307617123, "2": 0.3081284089755387, "3": 0.10870655760144857, "4": 0.07691405638627732, "5": 0.07392252529448261, "6": 0.03938994981746469, "7": 0.02847884073388223, "8": 0.023044017339697225, "9": 0.021479195994922463, "10": 0.058811999953096473, "11": 0.0314307513558722, "12": 0.03412481347114628}, "night": {"1": 0.14605755873708082, "2": 0.347922319634172, "3": 0.10589743679601586, "4": 0.08828803017520703, "5": 0.06661197780396923, "6": 0.03486661858210364, "7": 0.028620366568594836, "8": 0.021404191340597477, "9": 0.017066697734460467, "10": 0.07633055092371864, "11": 0.03093833155977905, "12": 0.03599592014430121}}