{"morning": {"1": 0.08244287340653665, "2": 0.08055761292204605, "3": 0.09183141747023768, "4": 0.046656326448322266, "5": 0.05664648476015144, "6": 0.10196020891935431, "7": 0.13981857134056874, "8": 0.03710683868639564, "9": 0.04072852020194427, "10": 0.17428399363163594, "11": 0.07063941574997169, "12": 0.07732773646283551}, "noon": {"1": 0.09011611808443534, "2": 0.15211997167052851, "3": 0.06769487755539871, "4": 0.06634139525032727, "5": 0.09772804945904279, "6": 0.10688014090618628, "7": 0.09942951335891327, "8": 0.053343425956966284, "9": 0.03178648336526461, "10": 0.1379239785421415, "11": 0.052699913767224306, "12": 0.04393613208357119}, "afternoon": {"1": 0.07198663994459349, "2": 0.07410335954875784, "3": 0.08757757617288384, "4": 0.06096919729501484, "5": 0.06971463467127817, "6": 0.09495394079898109, "7": 0.1297577204429905, "8": 0.05429920078774897, "9": 0.03765207842304353, "10": 0.17251773656533725, "11": 0.07090916712050631, "12": 0.0755587482288642}, "night": {"1": 0.14016165264138813, "2": 0.08169185275969701, "3": 0.13878967893773636, "4": 0.05667129537131428, "5": 0.07755479496523356, "6": 0.07118289905217076, "7": 0.0944099303970603, "8": 0.025403792560004457, "9": 0.04268621870682814, "10": 0.1588160519526945, "11": 0.04701461738844555, "12": 0.06561721526742695}}