{"morning": {"1": 0.37094087339880943, "2": 0.10291680909192867, "3": 0.12528074048409515, "4": 0.04509062466647986, "5": 0.052639824820967344, "6": 0.021582199534384113, "7": 0.04697724815492383, "8": 0.027659764844295016, "9": 0.02191637493191259, "10": 0.09729822823670574, "11": 0.039062244254941925, "12": 0.04863506758055619}, "noon": {"1": 0.41241506783246906, "2": 0.1000380280277049, "3": 0.1122588219890989, "4": 0.04732735002438974, "5": 0.10580554593377503, "6": 0.0265341741906081, "7": 0.029085919995134112, "8": 0.020877119717253412, "9": 0.012044682798925963, "10": 0.08828107620995905, "11": 0.02158406165436107, "12": 0.023748151626320716}, "afternoon": {"1": 0.2895448481401813, "2": 0.13073432544260877, "3": 0.18768876621693428, "4": 0.07536119636438673, "5": 0.10238401152293197, "6": 0.025327469202112752, "7": 0.038509172880368925, "8": 0.02178195478853143, "9": 0.024418687571982078, "10": 0.0729545879425934, "11": 0.01675830253468013, "12": 0.014536677392688279}, "evening": {"1": 0.48202757033083465, "2": 0.07919003503623277, "3": 0.08042639916499564, "4": 0.03549687998224822, "5": 0.05627716718174728, "6": 0.026732043303805502, "7": 0.03917595476370552, "8": 0.02812819459336551, "9": 0.01701230088001396, "10": 0.08134570426156067, "11": 0.03157003882438545, "12": 0.04261771167710482}, "night": {"1": 0.30396291407823484, "2": 0.14448917505855915, "3": 0.20876664395315778, "4": 0.0679112537353406, "5": 0.06404009142439812, "6": 0.02240681789368243, "7": 0.0271504716771252, "8": 0.01791954911552055, "9": 0.01354454106713839, "10": 0.0822829993255259, "11": 0.021315684025033026, "12": 0.026209858646284}}