{"morning": {"1": 0.3859720174767027, "2": 0.13128403416908735, "3": 0.15774877741294402, "4": 0.041809634856508154, "5": 0.058244292863010555, "6": 0.02444826805881934, "7": 0.03115101082957964, "8": 0.024831940084030144, "9": 0.017678327936193623, "10": 0.08859998112535142, "11": 0.017552244381969784, "12": 0.02067947080580329}, "noon": {"1": 0.27220499935661835, "2": 0.18328018020710155, "3": 0.1511880711054273, "4": 0.04268577782286204, "5": 0.05502795984919084, "6": 0.018553980059399, "7": 0.024962507530176207, "8": 0.022603245299206133, "9": 0.019776534965795418, "10": 0.15542052339063026, "11": 0.030245930422887413, "12": 0.024050289990705378}, "afternoon": {"1": 0.3038649254685914, "2": 0.1695275600378058, "3": 0.10576837764388725, "4": 0.06582730975510268, "5": 0.07281081978287969, "6": 0.018261510420136347, "7": 0.02031116954354589, "8": 0.018648126070002723, "9": 0.018690958224988122, "10": 0.12177437410995336, "11": 0.046807293177786605, "12": 0.03770757576531995}, "evening": {"1": 0.5025586422294579, "2": 0.08821577814484972, "3": 0.07157167903343067, "4": 0.05545210367204177, "5": 0.06071380488074696, "6": 0.05139120612124672, "7": 0.027195430261959187, "8": 0.024718370136730717, "9": 0.018844326123439302, "10": 0.053264688059708534, "11": 0.027478134813195932, "12": 0.018595836523192633}, "night": {"1": 0.3937656804766134, "2": 0.19418918947721814, "3": 0.14930444672916512, "4": 0.03795119486996024, "5": 0.07047534319488583, "6": 0.025496890510214632, "7": 0.019684463775719713, "8": 0.016828080429584526, "9": 0.013843242059086075, "10": 0.05175331534890939, "11": 0.013071723582380956, "12": 0.0136364295462618}}