{"morning": {"13": 0.19923390293320106, "14": 0.13702764374249715, "3": 0.16313290539395214, "4": 0.05938453213966921, "5": 0.08611623652922357, "6": 0.06137078012886046, "7": 0.06690568531375575, "8": 0.0418523314732571, "9": 0.03821730170091878, "10": 0.10245209560809798, "11": 0.021856323956006393, "12": 0.022450261080560197, "start": 3.0, "end": 10.0}, "noon": {"13": 0.2963614059161445, "2": 0.0955011453063972, "3": 0.1371969436539684, "16": 0.04838425088345246, "5": 0.1015791958541978, "18": 0.0387624203210087, "19": 0.059522776962324754, "20": 0.028257510657794437, "9": 0.029408633495541386, "10": 0.12373668864591422, "11": 0.026153587434417296, "12": 0.015135440868838824, "start": 10.0, "end": 13.0}, "afternoon": {"13": 0.19607598963825215, "14": 0.1542321207711563, "15": 0.18625721400680587, "16": 0.06024994926351364, "5": 0.10859876178932441, "18": 0.018621741839232726, "19": 0.043055514148854904, "20": 0.016190032065544764, "21": 0.016164150713173307, "22": 0.15861290588736915, "23": 0.030406789468351375, "12": 0.01153483040842141, "start": 13.0, "end": 15.0}, "evening": {"13": 0.2759400776602716, "14": 0.13589229568244704, "15": 0.16107657062273287, "16": 0.05491908066928085, "17": 0.09235492154526656, "18": 0.05496569608790042, "19": 0.05971258305343018, "20": 0.025612627163711797, "21": 0.022501320769295566, "22": 0.08789961226273058, "11": 0.013773453646580905, "12": 0.015351760836351785, "start": 15.0, "end": 22.0}, "night": {"1": 0.1454576287503023, "2": 0.1786018004079096, "3": 0.23623542623582164, "4": 0.0418964554743484, "5": 0.07755134237415326, "18": 0.024704564071045584, "19": 0.05739075820772386, "20": 0.029839387197068707, "21": 0.02509601198430876, "22": 0.12779983305416223, "23": 0.026998803090099954, "24": 0.028427989153055836, "start": 22.0, "end": 3.0}}