{"morning": {"1": 0.3403231827776669, "2": 0.0816896805358362, "3": 0.1145782649793054, "4": 0.07196529287985795, "5": 0.062481475055059556, "6": 0.048406010051715034, "7": 0.05428345220947293, "8": 0.04120676003304401, "9": 0.04781800342224575, "10": 0.06214709051318874, "11": 0.03219687549943596, "12": 0.042903912043171455}, "noon": {"1": 0.33772265357234355, "2": 0.0768816048502284, "3": 0.11052154682535495, "4": 0.07882961220357891, "5": 0.06573933676037266, "6": 0.04833995404325595, "7": 0.04998164728918145, "8": 0.0445592416392517, "9": 0.04541841164036008, "10": 0.06782339159156962, "11": 0.029328510783944516, "12": 0.04485408880055823}, "afternoon": {"1": 0.3015337557291619, "2": 0.08520192138640965, "3": 0.12454671612810345, "4": 0.07998219523990838, "5": 0.06532193961185129, "6": 0.05094916897916311, "7": 0.05146291402914638, "8": 0.04142793919386308, "9": 0.043961891855958925, "10": 0.07485106641776304, "11": 0.034453808318521205, "12": 0.04630668311014958}, "evening": {"1": 0.3955026879767022, "2": 0.07097545603265165, "3": 0.10793158195676562, "4": 0.06350860870193803, "5": 0.054111559477944396, "6": 0.04470969138239769, "7": 0.05223197218434852, "8": 0.04233466344310295, "9": 0.04435886923079808, "10": 0.06042713326565828, "11": 0.027019192665275985, "12": 0.03688858368241647}, "night": {"1": 0.41631911817793504, "2": 0.07120586335381042, "3": 0.11546394211321925, "4": 0.06593126021535799, "5": 0.05709530259896476, "6": 0.042678644611232504, "7": 0.046805208389584727, "8": 0.03947141526996625, "9": 0.03880168401666693, "10": 0.05328528403336352, "11": 0.022983383150782452, "12": 0.029958894069116167}}