{"afternoon": {"13": 12, "15": 27, "7": 10, "5": 21, "10": 13, "11": 7, "9": 14, "6": 30, "4": 29, "14": 27, "8": 16, "12": 11, "start": 4.0000000000000036, "end": 10.0}, "evening": {"11": 46, "15": 42, "12": 37, "17": 41, "19": 35, "13": 54, "10": 50, "16": 37, "14": 60, "18": 35, "21": 17, "start": 10.0, "end": 20.999999999999996}, "morning": {"6": 12, "4": 11, "9": 5, "5": 10, "1": 9, "11": 7, "10": 22, "3": 5, "12": 12, "2": 19, "8": 6, "7": 7, "start": 2.000000000000004, "end": 3.000000000000004}, "night": {"2": 52, "23": 13, "3": 11, "21": 10, "1": 16, "22": 41, "24": 7, "19": 13, "20": 4, "6": 13, "4": 11, "5": 6, "start": 20.999999999999996, "end": 2.000000000000004}, "noon": {"12": 4, "3": 2, "5": 3, "11": 1, "8": 1, "start": 3.000000000000004, "end": 4.0000000000000036}}