{"evening": {"18": 39, "20": 38, "13": 44, "12": 28, "15": 40, "22": 49, "21": 25, "17": 37, "23": 20, "16": 17, "14": 30, "19": 29, "start": 19.0, "end": 22.0}, "night": {"1": 197, "22": 48, "24": 94, "3": 45, "5": 40, "2": 62, "8": 29, "9": 33, "23": 42, "6": 36, "4": 40, "7": 23, "start": 22.0, "end": 6.0}, "noon": {"22": 15, "20": 11, "17": 9, "18": 12, "9": 6, "11": 11, "19": 6, "15": 8, "12": 8, "14": 12, "16": 5, "13": 5, "start": 16.999999999999996, "end": 18.0}, "morning": {"17": 54, "10": 88, "16": 61, "13": 62, "11": 77, "7": 60, "8": 58, "6": 69, "9": 62, "12": 53, "14": 55, "15": 50, "start": 6.0, "end": 16.999999999999996}, "afternoon": {"16": 3, "12": 4, "10": 7, "14": 6, "15": 1, "13": 4, "20": 2, "18": 6, "19": 3, "11": 1, "17": 3, "21": 2, "start": 18.0, "end": 19.0}}