{"afternoon": {"3": 4, "13": 7, "14": 5, "10": 1, "4": 1, "6": 1, "start": 3.0000000000000004, "end": 4.0}, "night": {"15": 32, "19": 30, "1": 68, "16": 11, "22": 1, "14": 37, "17": 12, "18": 4, "20": 4, "21": 3, "24": 1, "start": 14.0, "end": 1.0}, "evening": {"13": 40, "11": 1, "14": 6, "7": 2, "15": 6, "6": 4, "10": 2, "4": 4, "9": 1, "8": 1, "start": 4.0, "end": 14.0}, "noon": {"13": 4, "2": 2, "start": 2.0, "end": 3.0000000000000004}, "morning": {"1": 12, "2": 6, "3": 3, "7": 2, "6": 3, "4": 1, "start": 1.0, "end": 2.0}}