{"night": {"1": 68, "15": 32, "19": 28, "16": 12, "22": 1, "14": 40, "17": 11, "18": 4, "20": 4, "21": 3, "24": 1, "start": 14.0, "end": 1.0000000000000036}, "afternoon": {"3": 5, "13": 7, "14": 5, "10": 1, "4": 1, "6": 1, "start": 3.0, "end": 4.0}, "evening": {"13": 38, "11": 1, "14": 4, "7": 1, "6": 4, "15": 6, "10": 2, "4": 4, "9": 1, "8": 1, "start": 4.0, "end": 14.0}, "noon": {"13": 4, "2": 2, "start": 2.0, "end": 3.0}, "morning": {"1": 10, "2": 6, "3": 3, "7": 2, "6": 3, "4": 1, "start": 1.0000000000000036, "end": 2.0}}