{"morning": {"0": 9, "1": 13, "2": 21, "3": 25, "4": 29, "5": 48, "6": 35, "7": 44, "8": 51, "9": 59, "10": 39, "11": 33, "12": 17, "13": 8, "14": 4, "15": 10, "16": 7, "17": 3, "18": 4, "19": 8, "20": 14, "21": 9, "22": 10, "23": 6, "start": 1.0, "end": 11.999999999999995}, "noon": {"0": 2, "1": 4, "2": 7, "3": 8, "4": 5, "5": 8, "6": 6, "7": 5, "8": 8, "9": 5, "10": 16, "11": 13, "12": 26, "13": 22, "14": 19, "15": 25, "16": 5, "17": 6, "18": 5, "19": 12, "20": 6, "21": 6, "22": 3, "23": 2, "start": 11.999999999999995, "end": 15.0}, "evening": {"0": 1, "1": 10, "2": 12, "3": 4, "4": 10, "5": 14, "6": 17, "7": 7, "8": 17, "9": 9, "10": 6, "11": 5, "12": 10, "13": 12, "14": 9, "15": 12, "16": 15, "17": 22, "18": 21, "19": 22, "20": 12, "21": 6, "22": 7, "23": 5, "start": 15.0, "end": 21.0}, "night": {"0": 6, "1": 9, "2": 6, "3": 2, "4": 10, "5": 8, "6": 7, "7": 9, "8": 4, "9": 10, "10": 5, "11": 3, "12": 4, "13": 0, "14": 5, "15": 0, "16": 5, "17": 3, "18": 4, "19": 2, "20": 5, "21": 8, "22": 7, "23": 6, "start": 21.0, "end": 1.0}}