{"night": {"15": 2686, "1": 8845, "19": 121, "20": 794, "16": 229, "14": 1195, "21": 109, "18": 193, "17": 189, "22": 26, "24": 13, "23": 10, "start": 15.0, "end": 0.9999999999999987}, "evening": {"13": 7789, "4": 382, "8": 1138, "15": 3674, "14": 2019, "6": 260, "7": 611, "9": 422, "5": 480, "10": 74, "12": 14, "11": 34, "start": 4.0, "end": 15.0}, "afternoon": {"14": 240, "13": 539, "3": 379, "8": 110, "9": 14, "7": 35, "6": 44, "4": 132, "5": 115, "11": 2, "12": 3, "10": 2, "start": 3.0, "end": 4.0}, "morning": {"5": 92, "8": 232, "7": 97, "1": 1376, "6": 76, "3": 531, "2": 356, "9": 87, "4": 94, "12": 2, "10": 14, "11": 7, "start": 0.9999999999999987, "end": 2.0}, "noon": {"13": 156, "19": 19, "3": 122, "9": 11, "2": 52, "18": 20, "17": 12, "12": 4, "4": 12, "8": 42, "11": 1, "start": 2.0, "end": 3.0}}