{"morning": {"2": 363, "9": 99, "3": 900, "6": 119, "5": 131, "8": 98, "13": 383, "16": 111, "7": 77, "12": 2, "10": 7, "start": 2.0, "end": 3.0}, "evening": {"13": 1387, "9": 345, "15": 852, "6": 379, "8": 371, "16": 222, "5": 346, "14": 722, "7": 268, "10": 50, "12": 3, "start": 5.000000000000001, "end": 15.0}, "night": {"1": 907, "2": 683, "16": 219, "17": 261, "15": 799, "20": 172, "18": 182, "21": 10, "19": 173, "24": 4, "start": 15.0, "end": 2.0}, "noon": {"2": 47, "3": 43, "13": 43, "4": 13, "5": 12, "6": 17, "9": 21, "8": 9, "7": 10, "start": 3.0, "end": 4.000000000000001}, "afternoon": {"3": 11, "14": 15, "13": 14, "5": 2, "4": 5, "18": 2, "7": 7, "9": 2, "8": 1, "start": 4.000000000000001, "end": 5.000000000000001}}