{"morning": {"3": 134, "8": 55, "6": 53, "10": 88, "1": 335, "2": 87, "4": 190, "9": 43, "5": 69, "7": 58, "11": 3, "start": 1.0, "end": 10.0}, "afternoon": {"3": 56, "4": 44, "22": 26, "14": 30, "5": 20, "13": 65, "21": 3, "18": 9, "19": 10, "20": 5, "11": 1, "12": 1, "start": 12.0, "end": 13.000000000000002}, "evening": {"22": 139, "13": 428, "14": 163, "4": 67, "12": 6, "20": 33, "21": 46, "6": 38, "15": 159, "7": 72, "11": 14, "5": 45, "start": 13.000000000000002, "end": 14.0}, "night": {"15": 323, "1": 1616, "21": 260, "23": 6, "14": 259, "22": 355, "20": 37, "19": 128, "24": 6, "17": 79, "16": 81, "18": 61, "start": 14.0, "end": 1.0}, "noon": {"9": 10, "13": 149, "10": 72, "12": 3, "14": 25, "20": 7, "19": 6, "3": 47, "18": 6, "5": 8, "4": 16, "11": 2, "start": 10.0, "end": 12.0}}