{"evening": {"13": 217, "11": 11, "9": 51, "14": 24, "16": 18, "10": 25, "20": 73, "19": 34, "15": 22, "18": 15, "17": 16, "12": 4, "start": 19.0, "end": 20.0}, "night": {"19": 92, "1": 2052, "22": 131, "24": 102, "3": 169, "23": 103, "5": 99, "2": 194, "20": 70, "4": 100, "21": 126, "18": 73, "start": 20.0, "end": 5.0}, "afternoon": {"13": 341, "17": 119, "12": 15, "19": 59, "16": 88, "15": 110, "18": 81, "11": 12, "14": 61, "20": 31, "9": 41, "10": 15, "start": 15.000000000000004, "end": 19.0}, "noon": {"13": 795, "14": 121, "15": 94, "17": 11, "21": 19, "12": 82, "11": 6, "10": 11, "7": 13, "16": 42, "20": 3, "start": 13.0, "end": 15.000000000000004}, "morning": {"13": 501, "5": 91, "6": 136, "8": 124, "12": 54, "7": 122, "10": 173, "9": 180, "3": 65, "11": 119, "4": 62, "2": 86, "start": 5.0, "end": 13.0}}