{"evening": {"13": 456, "14": 242, "15": 127, "12": 11, "17": 54, "22": 28, "16": 45, "19": 28, "18": 13, "21": 32, "20": 5, "23": 2, "start": 13.0, "end": 14.0}, "morning": {"3": 102, "1": 334, "5": 27, "9": 17, "7": 28, "10": 23, "2": 112, "8": 28, "4": 27, "6": 11, "12": 1, "11": 4, "start": 0.9999999999999999, "end": 11.0}, "night": {"1": 1460, "14": 225, "19": 37, "22": 65, "16": 59, "18": 35, "24": 16, "21": 74, "20": 35, "17": 66, "23": 14, "start": 14.0, "end": 0.9999999999999999}, "noon": {"13": 39, "17": 4, "15": 10, "14": 15, "16": 10, "21": 3, "12": 4, "22": 1, "19": 4, "18": 1, "start": 11.0, "end": 12.0}, "afternoon": {"15": 14, "14": 13, "21": 4, "13": 69, "18": 2, "16": 9, "20": 2, "22": 2, "17": 7, "23": 1, "start": 12.0, "end": 13.0}}