{"morning": {"1": 0.02057909898248368, "2": 0.015484981630784739, "3": 0.02400680937006609, "4": 0.01888790232995096, "5": 0.026506526934577355, "6": 0.029094786189472376, "7": 0.034722218316648325, "8": 0.022045683582197512, "9": 0.02516252128573157, "10": 0.08239220538090539, "11": 0.07321506292639826, "12": 0.07066548265680435, "13": 0.031695778079848844, "14": 0.047430659417271676, "15": 0.10313473895977669, "16": 0.054294494422134784, "17": 0.04840410173032907, "18": 0.05585927836706504, "19": 0.05063836344647989, "20": 0.049617632465143724, "21": 0.029920054308583736, "22": 0.039670533375159134, "23": 0.035704463170003885, "24": 0.01086662267218291, "start": 10.0, "end": 11.0}, "noon": {"1": 0.014604648719865776, "2": 0.010573712550368273, "3": 0.013580894090866033, "4": 0.011429438757017815, "5": 0.01690247317971624, "6": 0.022375888942786158, "7": 0.021179926434532863, "8": 0.018682344603285342, "9": 0.02783016013676018, "10": 0.06848046028509235, "11": 0.06899826165721833, "12": 0.060428342431878536, "13": 0.03670585718777415, "14": 0.04739173067092297, "15": 0.08617882111781786, "16": 0.06772161047356998, "17": 0.06414005960015469, "18": 0.04943258476728999, "19": 0.06877147431508346, "20": 0.060784101170929875, "21": 0.04665319783106927, "22": 0.047645979317072186, "23": 0.052696904234569, "24": 0.016811127524358715, "start": 11.0, "end": 12.0}, "afternoon": {"1": 0.0252536124972292, "2": 0.017601254212855556, "3": 0.025596105704628946, "4": 0.018219222424890432, "5": 0.02367163744543605, "6": 0.02621919381924942, "7": 0.02967904215639166, "8": 0.02105212035814083, "9": 0.026797376134722654, "10": 0.08257892186179575, "11": 0.07150175345973114, "12": 0.07075788083011289, "13": 0.03543695694213105, "14": 0.04774967257268663, "15": 0.0920611787990239, "16": 0.05736097605776327, "17": 0.05173540644151244, "18": 0.04983085330089624, "19": 0.04864690214619087, "20": 0.04688545879331985, "21": 0.03526611960853554, "22": 0.03978202882808461, "23": 0.04199082405768837, "24": 0.01432550154698271, "start": 12.0, "end": 15.0}, "evening": {"1": 0.014684116824485349, "2": 0.011744131004209441, "3": 0.017822550325268652, "4": 0.014332828942988162, "5": 0.01961268296074741, "6": 0.024414294371837682, "7": 0.028805554987679345, "8": 0.017497652680895447, "9": 0.022770732336551948, "10": 0.07904409187107429, "11": 0.07554266327672625, "12": 0.07200004282313976, "13": 0.03259262050866545, "14": 0.05007542773785859, "15": 0.09885519212708256, "16": 0.057264817150358735, "17": 0.058536140266891024, "18": 0.06030464309760688, "19": 0.05672451366500908, "20": 0.051453639479626244, "21": 0.0373449532752433, "22": 0.04453228017878793, "23": 0.04179496051697352, "24": 0.012249469590292958, "start": 15.0, "end": 22.0}, "night": {"1": 0.029360801551633908, "2": 0.022646748287754023, "3": 0.03247844408876991, "4": 0.02417320894318615, "5": 0.029760617297973684, "6": 0.03510713520784782, "7": 0.03482321671208027, "8": 0.022594880955935544, "9": 0.028452341613940658, "10": 0.0760483883536658, "11": 0.06893514014106453, "12": 0.06837013301308491, "13": 0.028833760132734487, "14": 0.04279557058867154, "15": 0.08274999899259441, "16": 0.05169999211264846, "17": 0.050259856602710616, "18": 0.052667421509373855, "19": 0.04822183189820772, "20": 0.04360702848907702, "21": 0.03184086216437959, "22": 0.04199164176998611, "23": 0.03928347028661868, "24": 0.013297509286060277, "start": 22.0, "end": 10.0}}