{"start": {"morning": {"1": 0.006968182054932783, "2": 0.004725297311817808, "3": 0.00454653663323102, "4": 0.004560584845712373, "5": 0.008401889271749192, "6": 0.012471649634840463, "7": 0.012895527389667127, "8": 0.00892062924223085, "9": 0.009420238007935653, "10": 0.10931654846809842, "11": 0.08604896801376942, "12": 0.10716670864981115, "13": 0.027545818130475356, "14": 0.04926187938272021, "15": 0.10577514271975172, "16": 0.04765422216013555, "17": 0.042350969098951564, "18": 0.06262691479304168, "19": 0.047876615181228495, "20": 0.08191204160518413, "21": 0.04681547817107131, "22": 0.06247009289039419, "23": 0.04049162532120109, "24": 0.009776441022048468}, "noon": {"1": 0.004812966922047657, "2": 0.005466021574657821, "3": 0.004670416110672349, "4": 0.005682164020767776, "5": 0.009396777549349013, "6": 0.013452267375101573, "7": 0.013492842987799408, "8": 0.012223620878283725, "9": 0.01089083091402932, "10": 0.1062735533640346, "11": 0.070838355808493, "12": 0.10266620287460443, "13": 0.027182232912167106, "14": 0.04678353499320054, "15": 0.09620134163901824, "16": 0.05584691535048386, "17": 0.04660274386054277, "18": 0.06531595258939901, "19": 0.05243346606192152, "20": 0.09763887901495188, "21": 0.04831723868926899, "22": 0.05335566350401965, "23": 0.03906931766172498, "24": 0.01138669334346078}, "afternoon": {"1": 0.008707611429984321, "2": 0.008209255757666466, "3": 0.008556170780705417, "4": 0.008242737447261254, "5": 0.013095454267159563, "6": 0.01853763842895253, "7": 0.016818856429495935, "8": 0.012149630732516192, "9": 0.012576240857645473, "10": 0.10688458604368621, "11": 0.09101627728656222, "12": 0.10096118764088235, "13": 0.028108593430655405, "14": 0.047781688843650014, "15": 0.09553244400029312, "16": 0.048016803813562256, "17": 0.04158893997996931, "18": 0.05731746921144048, "19": 0.049573819920624713, "20": 0.07626155757586231, "21": 0.046710942716872275, "22": 0.05320828181136006, "23": 0.04062836136085354, "24": 0.009515450232338548}, "evening": {"1": 0.008546947812093494, "2": 0.006086480316172383, "3": 0.005817821309141336, "4": 0.006914100414770131, "5": 0.011393142613534734, "6": 0.01667311576512755, "7": 0.01630442826603828, "8": 0.012229260172202602, "9": 0.012859065781500038, "10": 0.10410834045771268, "11": 0.08913830154414354, "12": 0.10252841096416385, "13": 0.025161274667948708, "14": 0.04517654235149476, "15": 0.09045158220859495, "16": 0.04746640312251311, "17": 0.04141348925971787, "18": 0.06608157277670543, "19": 0.06021267329513317, "20": 0.08073128856274867, "21": 0.04499569669976041, "22": 0.056376569585099096, "23": 0.03819500149822249, "24": 0.01113849055546073}, "night": {"1": 0.005539534823501209, "2": 0.0044951654791635905, "3": 0.004736995336673364, "4": 0.004883585194372987, "5": 0.008781881680787937, "6": 0.013167459692110271, "7": 0.011896908304572336, "8": 0.009247886839379093, "9": 0.009142517958703182, "10": 0.09552987526399115, "11": 0.08256634504677629, "12": 0.08205845868703651, "13": 0.028987135806501557, "14": 0.04961576634759433, "15": 0.09866068696085882, "16": 0.055708161294654605, "17": 0.04582205193812889, "18": 0.06373519007630021, "19": 0.05237685756000993, "20": 0.08249110336762859, "21": 0.058098225394473714, "22": 0.07072863076626626, "23": 0.048250631415251495, "24": 0.01347894476526369}}, "end": {"morning": {"1": 0.006591142831611199, "2": 0.006221910904764105, "3": 0.0063700728190031275, "4": 0.0054603733387126275, "5": 0.008941524335656136, "6": 0.014132639188501512, "7": 0.013068047645053569, "8": 0.013349655145821173, "9": 0.009438153411494598, "10": 0.10541876472269322, "11": 0.08891961233420052, "12": 0.1013172155128596, "13": 0.02981366671338938, "14": 0.054639652806494715, "15": 0.09926114597159834, "16": 0.05383359913705611, "17": 0.03922750322310719, "18": 0.06149984050550954, "19": 0.05229612518665314, "20": 0.07953594855698524, "21": 0.04824513001191778, "22": 0.05871731410244982, "23": 0.0350202047025776, "24": 0.00868075689188976}, "noon": {"1": 0.006225511271542539, "2": 0.007451664656503848, "3": 0.006673070588201864, "4": 0.006877783007097042, "5": 0.011069179799487672, "6": 0.015623375103959584, "7": 0.014223222579488309, "8": 0.017095903878600324, "9": 0.011569675661377584, "10": 0.10488212077886051, "11": 0.07680463829856535, "12": 0.10792884093898829, "13": 0.03179908935698002, "14": 0.05425605698728328, "15": 0.09865137360175334, "16": 0.06031737788684828, "17": 0.044541286426186766, "18": 0.059959723004218146, "19": 0.04960809815171861, "20": 0.08630964508742903, "21": 0.0431563625159394, "22": 0.04382143496506326, "23": 0.03165959476180892, "24": 0.009494970692098046}, "afternoon": {"1": 0.008753343777760325, "2": 0.009816508125677867, "3": 0.010974524885018993, "4": 0.009662851913918946, "5": 0.013615141046446066, "6": 0.020290970151554705, "7": 0.018011707374936885, "8": 0.018436048021915386, "9": 0.013231442814805478, "10": 0.09575186766379921, "11": 0.08959945031939605, "12": 0.10533057608794223, "13": 0.03371415815266033, "14": 0.05323623143314876, "15": 0.08958568861741813, "16": 0.05328768968613495, "17": 0.04106079496988481, "18": 0.053764303297970197, "19": 0.05176802985337956, "20": 0.07395406282119354, "21": 0.04384082601233037, "22": 0.047002366793532535, "23": 0.035857674640861585, "24": 0.009453741538313068}, "evening": {"1": 0.009409040282518093, "2": 0.008542587023503067, "3": 0.007997298955285274, "4": 0.007095593878032009, "5": 0.011749687681374337, "6": 0.01826104829275319, "7": 0.01615239941279678, "8": 0.016046430945609307, "9": 0.012202114533495017, "10": 0.09289862714014206, "11": 0.0833701764886034, "12": 0.10205584477576245, "13": 0.02718784579697684, "14": 0.04594313540665415, "15": 0.1000746565066934, "16": 0.05475031884140514, "17": 0.044067526827909716, "18": 0.06368379190044458, "19": 0.05461817195611702, "20": 0.08516397896578656, "21": 0.046736067934496535, "22": 0.04988297685477766, "23": 0.033171000660050576, "24": 0.008939678938812834}, "night": {"1": 0.005736612059259307, "2": 0.005774154500357952, "3": 0.006671291599794149, "4": 0.0059043579644604246, "5": 0.010201231868387872, "6": 0.014722816228080339, "7": 0.012382729635983499, "8": 0.013495193873848932, "9": 0.009138797722471384, "10": 0.10252137434972643, "11": 0.09279902979751664, "12": 0.09139308528108182, "13": 0.03279487385497351, "14": 0.055768030244052115, "15": 0.09759213541873951, "16": 0.05895544274286768, "17": 0.040738396781991995, "18": 0.06224346573091167, "19": 0.05312295465457356, "20": 0.0762937195733393, "21": 0.05306432390175891, "22": 0.05352276003750365, "23": 0.034681721639447216, "24": 0.010481500538872125}}}