{"morning": {"1": 0.039787773030550456, "2": 0.02668996468243919, "3": 0.031962803473606735, "4": 0.025842266420158338, "5": 0.045441218873128054, "6": 0.03689127480307221, "7": 0.032917193498490684, "8": 0.02370426717540918, "9": 0.027137141597750925, "10": 0.09083711184383021, "11": 0.05831562270010424, "12": 0.05419987695197502, "13": 0.01945529160105733, "14": 0.03785368936025517, "15": 0.1063771462229904, "16": 0.0429634067596346, "17": 0.03685876843900008, "18": 0.052868073352485855, "19": 0.03857465469766091, "20": 0.054047007187353946, "21": 0.03138011626386451, "22": 0.044991618921408724, "23": 0.03184748858735758, "24": 0.009056223556415662, "start": 10.0, "end": 15.0}, "noon": {"1": 0.028622439867800838, "2": 0.020801423201772567, "3": 0.024466709382811057, "4": 0.019390670313161905, "5": 0.03244629139246884, "6": 0.029196178468746663, "7": 0.026737011981445968, "8": 0.019365221902815845, "9": 0.021709128372996538, "10": 0.07091606539268441, "11": 0.05453402606074951, "12": 0.05138268851493074, "13": 0.01997939797956832, "14": 0.04205117984685723, "15": 0.10715292280120761, "16": 0.04645381278602068, "17": 0.05146214790920558, "18": 0.07391787391400277, "19": 0.05760882305009478, "20": 0.0661956621732577, "21": 0.04150828452462186, "22": 0.04834558988470665, "23": 0.03398625561213284, "24": 0.011770194665939126, "start": 15.0, "end": 19.0}, "afternoon": {"1": 0.04250639106156359, "2": 0.023817432600279416, "3": 0.023652938102867158, "4": 0.020742540384252637, "5": 0.04552624883282818, "6": 0.03569915788048493, "7": 0.027234373621313302, "8": 0.019098170909012255, "9": 0.0250811305019166, "10": 0.08631403970860362, "11": 0.06124987090572085, "12": 0.05754151791983061, "13": 0.018062980060775242, "14": 0.03522477666458447, "15": 0.09899927931037153, "16": 0.04107238705122804, "17": 0.03968791157825394, "18": 0.05632169685188754, "19": 0.04283208635917496, "20": 0.06721040258005992, "21": 0.0386614014830433, "22": 0.05001596593697434, "23": 0.03314595278519687, "24": 0.01030134690977671, "start": 19.0, "end": 20.0}, "evening": {"1": 0.03983520692367872, "2": 0.02164763051141146, "3": 0.026244199883481433, "4": 0.019193595253922325, "5": 0.035991703279624976, "6": 0.02802102608352553, "7": 0.028886575767101085, "8": 0.016906985832877468, "9": 0.021615353318728273, "10": 0.0790443529070793, "11": 0.04966437807232457, "12": 0.05058769935239012, "13": 0.02116200353204182, "14": 0.04459437421890701, "15": 0.12180926171953979, "16": 0.04663725480237983, "17": 0.04674993385844465, "18": 0.058663484269992724, "19": 0.04736731143853784, "20": 0.06653696498462873, "21": 0.03681696725072001, "22": 0.04793228713779611, "23": 0.03469475386586204, "24": 0.009396695735004163, "start": 20.0, "end": 22.0}, "night": {"1": 0.03870031913594794, "2": 0.026418774153863196, "3": 0.029742782274682317, "4": 0.02469542590446797, "5": 0.041238849950308756, "6": 0.03092446795267307, "7": 0.02812292784457863, "8": 0.020500265414884884, "9": 0.023791238427192267, "10": 0.08162163528795659, "11": 0.055110546815226716, "12": 0.04967786683331908, "13": 0.020059368801503864, "14": 0.04404642771971294, "15": 0.10936618254822102, "16": 0.04568859593053663, "17": 0.04299986796789435, "18": 0.05636857436488962, "19": 0.04870142426392773, "20": 0.059753783375308234, "21": 0.035003857115807224, "22": 0.04500816420501186, "23": 0.033121092687831095, "24": 0.009337561024254015, "start": 22.0, "end": 10.0}}