{"start": {"morning": {"1": 0.010560161501770431, "2": 0.012210590179330306, "3": 0.01013601488744342, "4": 0.011944044397144032, "5": 0.0201515683495332, "6": 0.03196066183107017, "7": 0.023334421408794725, "8": 0.019566134588021544, "9": 0.020034163747230452, "10": 0.09159192430632185, "11": 0.08186455215447412, "12": 0.08124018052630973, "13": 0.030526520145982075, "14": 0.054177994446990396, "15": 0.07123777376238176, "16": 0.048263158554059944, "17": 0.04817390230081763, "18": 0.061619414227864815, "19": 0.059782623638731866, "20": 0.06515511306923073, "21": 0.05073312620965011, "22": 0.052108731347395645, "23": 0.031679898469373025, "24": 0.011947325950078034}, "noon": {"1": 0.009682835410919974, "2": 0.009693414284616442, "3": 0.008291786085824994, "4": 0.010102151913390686, "5": 0.018686006589367588, "6": 0.029852153893030316, "7": 0.018694455766161848, "8": 0.015338313503779984, "9": 0.016775222564851467, "10": 0.07858764133354572, "11": 0.07870584837714646, "12": 0.07374864424565636, "13": 0.02628397971630701, "14": 0.040782824885370786, "15": 0.07316251067972729, "16": 0.054605055563687104, "17": 0.05601177191899977, "18": 0.07725843202331047, "19": 0.0704196502009548, "20": 0.07649697902395916, "21": 0.05162014908879135, "22": 0.05803045927314943, "23": 0.03692113999256365, "24": 0.010248573664887331}, "afternoon": {"1": 0.009458152797327115, "2": 0.011601142445156849, "3": 0.010561600572890337, "4": 0.010820726755391738, "5": 0.01717920921081141, "6": 0.02088418787259945, "7": 0.01767671249495469, "8": 0.01794593897191656, "9": 0.019432315207763912, "10": 0.09646911024031292, "11": 0.08646536090895804, "12": 0.08387474382566992, "13": 0.034511663904887795, "14": 0.057694174078627106, "15": 0.07017213362722666, "16": 0.06319006857724169, "17": 0.0558760920689576, "18": 0.05662889725466989, "19": 0.05579887600671847, "20": 0.063577298611924, "21": 0.051743163120008026, "22": 0.04526813667556026, "23": 0.03144304137108102, "24": 0.011727253399344549}, "evening": {"1": 0.009458152797327115, "2": 0.011601142445156849, "3": 0.010561600572890337, "4": 0.010820726755391738, "5": 0.01717920921081141, "6": 0.02088418787259945, "7": 0.01767671249495469, "8": 0.01794593897191656, "9": 0.019432315207763912, "10": 0.09646911024031292, "11": 0.08646536090895804, "12": 0.08387474382566992, "13": 0.034511663904887795, "14": 0.057694174078627106, "15": 0.07017213362722666, "16": 0.06319006857724169, "17": 0.0558760920689576, "18": 0.05662889725466989, "19": 0.05579887600671847, "20": 0.063577298611924, "21": 0.051743163120008026, "22": 0.04526813667556026, "23": 0.03144304137108102, "24": 0.011727253399344549}, "night": {"1": 0.008716840922267398, "2": 0.007364471415972157, "3": 0.006555045409245748, "4": 0.008345986427705468, "5": 0.013628405994407925, "6": 0.02215702113745258, "7": 0.015388097199726948, "8": 0.012069377951142192, "9": 0.014384585340355556, "10": 0.09763139394292014, "11": 0.08167153333488304, "12": 0.08111165574871733, "13": 0.024291947568389906, "14": 0.046956499800359194, "15": 0.06856816341105981, "16": 0.04691938853316876, "17": 0.06047467649519552, "18": 0.0675387288897551, "19": 0.07306474568218103, "20": 0.07688253968184718, "21": 0.05121516129572173, "22": 0.06370960822208188, "23": 0.03867696504515285, "24": 0.012677160550290565}}, "end": {"morning": {"1": 0.009291211182628413, "2": 0.010349952316220287, "3": 0.009133784035842493, "4": 0.009866147229626995, "5": 0.019074330404071162, "6": 0.024826068658006666, "7": 0.019611821772404656, "8": 0.013965676250103034, "9": 0.01732400092784062, "10": 0.08690489503015533, "11": 0.06839077817433796, "12": 0.08155275197488551, "13": 0.03356244977373655, "14": 0.053121264175904064, "15": 0.0714537055884534, "16": 0.048179170918971496, "17": 0.05394869729176279, "18": 0.05888511956584914, "19": 0.06331456005332642, "20": 0.07709729228373786, "21": 0.06558686984184116, "22": 0.05694266004667901, "23": 0.03616211092728419, "24": 0.011454681576330795}, "noon": {"1": 0.009246968685814493, "2": 0.008102508829436252, "3": 0.007170768578955913, "4": 0.0078067519903614315, "5": 0.016500137526957507, "6": 0.022355556227822697, "7": 0.014534848285087788, "8": 0.011201484096478753, "9": 0.01381267490748386, "10": 0.08288316274325297, "11": 0.07304320208717405, "12": 0.07905652534965887, "13": 0.027503704758598944, "14": 0.036553184416313916, "15": 0.06535921053585884, "16": 0.05464535301956057, "17": 0.05877745217503572, "18": 0.07913904726510368, "19": 0.07122409495368645, "20": 0.08939997193336324, "21": 0.0623886840228285, "22": 0.06141750829693671, "23": 0.03822099863770495, "24": 0.00965620067652388}, "afternoon": {"1": 0.008328718919652043, "2": 0.009687991170031218, "3": 0.009569645360566799, "4": 0.010077481629230362, "5": 0.01653396489136534, "6": 0.018784440462519404, "7": 0.015529393820513169, "8": 0.014797097642166865, "9": 0.016680019052228535, "10": 0.10514946526769678, "11": 0.08158157207632954, "12": 0.09124146610721037, "13": 0.036834768214731445, "14": 0.0584154752645831, "15": 0.07309877499454887, "16": 0.05898406684353208, "17": 0.05162104153304359, "18": 0.05337432718391468, "19": 0.057274698446927036, "20": 0.07020039382964574, "21": 0.05074953701059551, "22": 0.04731017345099608, "23": 0.032812769432128346, "24": 0.011362717395843108}, "evening": {"1": 0.008328718919652043, "2": 0.009687991170031218, "3": 0.009569645360566799, "4": 0.010077481629230362, "5": 0.01653396489136534, "6": 0.018784440462519404, "7": 0.015529393820513169, "8": 0.014797097642166865, "9": 0.016680019052228535, "10": 0.10514946526769678, "11": 0.08158157207632954, "12": 0.09124146610721037, "13": 0.036834768214731445, "14": 0.0584154752645831, "15": 0.07309877499454887, "16": 0.05898406684353208, "17": 0.05162104153304359, "18": 0.05337432718391468, "19": 0.057274698446927036, "20": 0.07020039382964574, "21": 0.05074953701059551, "22": 0.04731017345099608, "23": 0.032812769432128346, "24": 0.011362717395843108}, "night": {"1": 0.009319792904612972, "2": 0.006791191205700641, "3": 0.006453545248026862, "4": 0.007167498642523242, "5": 0.01348980559338091, "6": 0.01970384474011306, "7": 0.01468191900760066, "8": 0.009194073506004898, "9": 0.01259406671417153, "10": 0.08704188674568022, "11": 0.0712255663972549, "12": 0.07692687338378038, "13": 0.02701126369321531, "14": 0.04376912294435801, "15": 0.0661753014908359, "16": 0.04632857622597754, "17": 0.06525512055468632, "18": 0.06426861601302153, "19": 0.07824672167671998, "20": 0.08690411931813126, "21": 0.06871915491367431, "22": 0.06673268746367811, "23": 0.04087593862033659, "24": 0.011123312996514877}}}