{"morning": {"1": 0.016630299539291002, "2": 0.01691906666434963, "3": 0.01349905613996893, "4": 0.016288080022216316, "5": 0.032497795770217816, "6": 0.03941329923874108, "7": 0.04388484874337762, "8": 0.023388976557462728, "9": 0.018829592306077003, "10": 0.0724792439313591, "11": 0.07174472562188734, "12": 0.0706508965753441, "13": 0.017766890374264956, "14": 0.02023562413796201, "15": 0.0166234047021478, "16": 0.020551082549822127, "17": 0.04239729504092939, "18": 0.049350045653472605, "19": 0.04718407401439573, "20": 0.027339045091968456, "21": 0.025190746408496494, "22": 0.1042836059270641, "23": 0.09280720736352507, "24": 0.10004509762565861, "start": 10.999999999999998, "end": 12.0}, "noon": {"1": 0.016670448037694643, "2": 0.016574506947665896, "3": 0.014742725606912005, "4": 0.01675522933995642, "5": 0.030980765986784016, "6": 0.03530065942924985, "7": 0.042355894837610375, "8": 0.02631298365902609, "9": 0.017819584555726325, "10": 0.050602078859401045, "11": 0.057907072765868525, "12": 0.05068861454603226, "13": 0.027503039300927328, "14": 0.03162278845513557, "15": 0.027084739672476023, "16": 0.03156356683345789, "17": 0.057809462674746626, "18": 0.0603801031990802, "19": 0.0628162850985596, "20": 0.04093227996304137, "21": 0.029868273210375256, "22": 0.08983360753805945, "23": 0.0852476483118439, "24": 0.07862764117036933, "start": 12.0, "end": 22.0}, "afternoon": {"1": 0.015041214530500053, "2": 0.014544503839612102, "3": 0.01128945148176691, "4": 0.014947148022792645, "5": 0.029310938729877573, "6": 0.03965458825693148, "7": 0.04309261165288693, "8": 0.02273766071150416, "9": 0.01658377377892769, "10": 0.06462659121061863, "11": 0.06235885316340702, "12": 0.07017597597019547, "13": 0.019026322855589, "14": 0.02070272092932534, "15": 0.016328550909859813, "16": 0.02203654921360939, "17": 0.0430281881230051, "18": 0.06044776268414785, "19": 0.05670480627626562, "20": 0.03079591168237138, "21": 0.025209047433530574, "22": 0.10263571180566503, "23": 0.09128374630974682, "24": 0.10743737042786342, "start": 22.0, "end": 23.0}, "evening": {"1": 0.01416598515886521, "2": 0.013594104092681664, "3": 0.011735556546094972, "4": 0.01507804892169316, "5": 0.03071891639957594, "6": 0.03622680028135514, "7": 0.04061377622000488, "8": 0.020224967264940018, "9": 0.015740979927880618, "10": 0.06368419089637625, "11": 0.06271165496930939, "12": 0.06265604225944661, "13": 0.01864400620999005, "14": 0.01950576531214939, "15": 0.01754494510664729, "16": 0.02181609126040068, "17": 0.04539816187683987, "18": 0.05681048595365137, "19": 0.05545929663095199, "20": 0.027735345562882104, "21": 0.025325019520212273, "22": 0.1167480109464385, "23": 0.10036763722243824, "24": 0.10749421145917437, "start": 23.0, "end": 24.0}, "night": {"1": 0.023330142508595896, "2": 0.02219434991069246, "3": 0.02046326772479003, "4": 0.02157870984901282, "5": 0.03727203659591151, "6": 0.0462417568480403, "7": 0.04972816458818985, "8": 0.026916289972953512, "9": 0.021148121871480376, "10": 0.07238605917879273, "11": 0.07613256459388448, "12": 0.07296219749598919, "13": 0.018460619073741472, "14": 0.019600194091184953, "15": 0.018973399533136183, "16": 0.019150356337057542, "17": 0.03491659097653715, "18": 0.040723040150793435, "19": 0.04320704730121666, "20": 0.023880445193578074, "21": 0.023588613233652446, "22": 0.09233435294712934, "23": 0.08606269848164474, "24": 0.08874898154199483, "start": 24.0, "end": 10.999999999999998}}