{"start": {"morning": {"1": 0.013365352864013573, "2": 0.011521531310651239, "3": 0.007812629039115086, "4": 0.013311452200138508, "5": 0.025708313101972358, "6": 0.03942400450597618, "7": 0.02765495495946689, "8": 0.01504289059390269, "9": 0.013166147429067975, "10": 0.10343001515046153, "11": 0.08829051978783817, "12": 0.08480377524954974, "13": 0.013328414917634689, "14": 0.01363872867160238, "15": 0.009486745196384656, "16": 0.014639137830270137, "17": 0.030058553217227967, "18": 0.04416724361423746, "19": 0.029795955309437315, "20": 0.01598170196242129, "21": 0.015663853534502725, "22": 0.1485166088910474, "23": 0.1059204432940495, "24": 0.11527102736903055}, "noon": {"1": 0.01465139664202834, "2": 0.010973509404762095, "3": 0.009098475512476903, "4": 0.012394000815928025, "5": 0.023742430851038415, "6": 0.029908459672136792, "7": 0.023003200675686453, "8": 0.01613447003670171, "9": 0.012218517551263946, "10": 0.06882633115099293, "11": 0.06289943023923714, "12": 0.05907414613091394, "13": 0.02301535639764128, "14": 0.02285273744709903, "15": 0.01858387046057365, "16": 0.02376205441465311, "17": 0.04361314838035722, "18": 0.051428242171926916, "19": 0.0383386564050691, "20": 0.024889077622426155, "21": 0.023930887859008564, "22": 0.14275249871604406, "23": 0.12350706113623756, "24": 0.12040204030579665}, "afternoon": {"1": 0.010482044502873999, "2": 0.010366223762974027, "3": 0.008177337019028598, "4": 0.013204744542816678, "5": 0.025312384540102102, "6": 0.041101880969677505, "7": 0.027228109446993356, "8": 0.017609862062601962, "9": 0.014218846584146667, "10": 0.10736327585498726, "11": 0.08696792416350065, "12": 0.09837037226704677, "13": 0.009042860386281583, "14": 0.01096354484621125, "15": 0.008376768311387455, "16": 0.012467755815942578, "17": 0.02569984813706771, "18": 0.04275352647603389, "19": 0.02719658238859477, "20": 0.017128798048096527, "21": 0.015221389360636061, "22": 0.1427303881474103, "23": 0.10406877725656856, "24": 0.12394675510901981}, "evening": {"1": 0.014193491412858212, "2": 0.012086611040616372, "3": 0.010187991619860804, "4": 0.01574024226187996, "5": 0.029244327600459932, "6": 0.037947361776914906, "7": 0.029906027323616927, "8": 0.017782725712151108, "9": 0.015651833057139197, "10": 0.12525455687938464, "11": 0.09373412458894376, "12": 0.09427856875089091, "13": 0.01090709028361889, "14": 0.010833257014079677, "15": 0.0090981275372229, "16": 0.012508118809788324, "17": 0.02551206031220135, "18": 0.034566858293508224, "19": 0.024238253754501365, "20": 0.014126626521895757, "21": 0.013562689512374843, "22": 0.1393908968564832, "23": 0.10055433842173456, "24": 0.10869382065787417}, "night": {"1": 0.016597248215463104, "2": 0.014301760228604634, "3": 0.011188377851443528, "4": 0.014962453935619346, "5": 0.02506702893336335, "6": 0.03344657123019674, "7": 0.0275661667239248, "8": 0.017507700830321868, "9": 0.015083479813363627, "10": 0.10223739626276375, "11": 0.09588305333143651, "12": 0.08732606716972433, "13": 0.01663309601560123, "14": 0.016388603210550006, "15": 0.01393657490458133, "16": 0.016332410177553748, "17": 0.0322294325051361, "18": 0.03961934566471419, "19": 0.02774153781033072, "20": 0.01703371853348195, "21": 0.017915986804572227, "22": 0.12970130554940631, "23": 0.10950431895816311, "24": 0.10179636533968368}}, "end": {"morning": {"1": 0.010993936585162595, "2": 0.010707149057888587, "3": 0.007910097987252151, "4": 0.01026032762409467, "5": 0.022250546064387262, "6": 0.0322429855131157, "7": 0.022034829600952086, "8": 0.013544251753954694, "9": 0.011086360961473432, "10": 0.0964933988050364, "11": 0.0663982052483463, "12": 0.06036249735603269, "13": 0.013011863287606805, "14": 0.016247963681713926, "15": 0.013145308713745037, "16": 0.016467896831036728, "17": 0.03771103407639357, "18": 0.0502524655347499, "19": 0.034008043566446294, "20": 0.020752190271024387, "21": 0.018745307473264278, "22": 0.1836798047485939, "23": 0.11596871732267329, "24": 0.11572481793505528}, "noon": {"1": 0.011770369927316792, "2": 0.009048762588736468, "3": 0.008560924674020197, "4": 0.009738387121297567, "5": 0.022015178905760557, "6": 0.024160049220825687, "7": 0.018076326773541505, "8": 0.015202879434781701, "9": 0.01063560770807874, "10": 0.06297777853491895, "11": 0.0514750801916727, "12": 0.046235169453349656, "13": 0.02083213457405305, "14": 0.02143207844919181, "15": 0.02067940755287146, "16": 0.023058585907152526, "17": 0.04945994143668961, "18": 0.0544599684818531, "19": 0.039402719409437806, "20": 0.030451290519255346, "21": 0.027265843892007008, "22": 0.16583939820804347, "23": 0.13039883407699973, "24": 0.12682328295814457}, "afternoon": {"1": 0.008940446881370207, "2": 0.00913679011522605, "3": 0.0077592461892807395, "4": 0.009646070852219406, "5": 0.02209235710413407, "6": 0.032858712119990884, "7": 0.02207327172086397, "8": 0.015358746030612574, "9": 0.011894749295257384, "10": 0.10225054069738473, "11": 0.06926884302931051, "12": 0.07114596864175501, "13": 0.009414244185506137, "14": 0.013036202511235282, "15": 0.011207650608548312, "16": 0.013903792091300202, "17": 0.032958886525025176, "18": 0.0469607217102809, "19": 0.030346759931677264, "20": 0.020666847661805487, "21": 0.018125179615415866, "22": 0.17780608679957105, "23": 0.1165151293803315, "24": 0.12663275630189733}, "evening": {"1": 0.01162400192685414, "2": 0.011002716075663343, "3": 0.00996988927791913, "4": 0.012726366080221038, "5": 0.027022638426345662, "6": 0.03458487420742083, "7": 0.02624062116530602, "8": 0.017086073112805814, "9": 0.013727406971271637, "10": 0.10829905547582708, "11": 0.07216152170202689, "12": 0.06612681542450483, "13": 0.010759974624530919, "14": 0.01329728376114574, "15": 0.01251406927104391, "16": 0.01516923501933104, "17": 0.034642874980361844, "18": 0.04254182307360106, "19": 0.02962200293487308, "20": 0.019032909333240824, "21": 0.017158716696500084, "22": 0.17149271659498572, "23": 0.11163305269538235, "24": 0.11156336116883701}, "night": {"1": 0.013266298621906186, "2": 0.013051634012485984, "3": 0.01151667457860879, "4": 0.011876490674498532, "5": 0.022984712014572667, "6": 0.030545995854312242, "7": 0.023914746614137068, "8": 0.01740569273147198, "9": 0.013733799263674538, "10": 0.08052466996391859, "11": 0.06551127435766242, "12": 0.054452512189648535, "13": 0.01640399747516318, "14": 0.02083167071723563, "15": 0.022368485153318674, "16": 0.020574909432566204, "17": 0.044762761669372875, "18": 0.051132723772620244, "19": 0.03604681759551215, "20": 0.025294450743214472, "21": 0.024196284167375032, "22": 0.1592903378709376, "23": 0.11656162012189775, "24": 0.10375144040388867}}}