{"start": {"morning": {"1": 0.012376997475670762, "2": 0.018665357191341554, "3": 0.018152176519717404, "4": 0.01928566612027435, "5": 0.03156386924154994, "6": 0.0481563823756247, "7": 0.026411764190441892, "8": 0.020355043564260853, "9": 0.022090471008496072, "10": 0.06126003175935927, "11": 0.05574497887672211, "12": 0.07542338639318805, "13": 0.029667972690270213, "14": 0.036166213206769125, "15": 0.05103961415677489, "16": 0.04514632816878457, "17": 0.06926785620475981, "18": 0.05922443587931459, "19": 0.04933736886314125, "20": 0.07494957055528245, "21": 0.05896328111409494, "22": 0.06248978844581009, "23": 0.03867212711875207, "24": 0.015589318879599051}, "noon": {"1": 0.012060555155541029, "2": 0.017421278222082885, "3": 0.017647776962566298, "4": 0.01740047255127128, "5": 0.02598631110620646, "6": 0.03786066242486138, "7": 0.022181867686378868, "8": 0.02050325599079448, "9": 0.023289646566422684, "10": 0.08371660484373718, "11": 0.07188913061880907, "12": 0.07299315950985481, "13": 0.028520705693665417, "14": 0.03895256223606171, "15": 0.049519721832509876, "16": 0.04023809892461754, "17": 0.05795480220221905, "18": 0.05669461549879021, "19": 0.04769009610159727, "20": 0.07172115015170297, "21": 0.05863353682336504, "22": 0.0663605847602241, "23": 0.04778948494130186, "24": 0.012973919195418545}, "afternoon": {"1": 0.00969165348063812, "2": 0.012902742514379081, "3": 0.012782580347057957, "4": 0.013755123403917961, "5": 0.02088720810564528, "6": 0.029439368092972845, "7": 0.016592922826938493, "8": 0.01596171660447603, "9": 0.018444784093813928, "10": 0.06860450863783292, "11": 0.06070092366488602, "12": 0.07485648907821647, "13": 0.031559865553920916, "14": 0.04181520961302551, "15": 0.05643866472345531, "16": 0.051310521903802614, "17": 0.06750039375952226, "18": 0.06693506452325097, "19": 0.052601904753834076, "20": 0.0853169350864164, "21": 0.059848249932695406, "22": 0.0690174139744568, "23": 0.04681621388467293, "24": 0.016219541440171705}, "evening": {"1": 0.011361839840205933, "2": 0.016847725126891137, "3": 0.019772268444345327, "4": 0.018041990921119425, "5": 0.028028481213130462, "6": 0.0350037088689043, "7": 0.02285899346913148, "8": 0.018868828550862155, "9": 0.027585231466867012, "10": 0.05794552354875117, "11": 0.06386694719348579, "12": 0.0696206236239942, "13": 0.04011495959410847, "14": 0.040591151733405884, "15": 0.05725929747649592, "16": 0.04644549769943033, "17": 0.06763285624762909, "18": 0.06767576327053468, "19": 0.048491313882640025, "20": 0.059445896198471834, "21": 0.06299754582883119, "22": 0.05517070151226248, "23": 0.04943060285089545, "24": 0.014942251437606285}, "night": {"1": 0.014256920310982638, "2": 0.019699577155143675, "3": 0.019486696128767474, "4": 0.020000090013473356, "5": 0.026334587053580594, "6": 0.04665547508460303, "7": 0.02675345701326121, "8": 0.021261639179321404, "9": 0.024779457631331377, "10": 0.06095871098739377, "11": 0.07047252609157302, "12": 0.08017174883612607, "13": 0.03689745582979915, "14": 0.04449065384406952, "15": 0.04367888149872623, "16": 0.043982723067593016, "17": 0.06890321856947001, "18": 0.05939301853153919, "19": 0.04182492801841563, "20": 0.05542414513475193, "21": 0.05855502717789485, "22": 0.059946995306398014, "23": 0.03946487085075254, "24": 0.016607196685032303}}, "end": {"morning": {"1": 0.01208673635376813, "2": 0.0160137154472905, "3": 0.019841836684817853, "4": 0.016937805604604825, "5": 0.026268841877216516, "6": 0.035082800770649916, "7": 0.025374832996050933, "8": 0.020928095598829077, "9": 0.026348435893426916, "10": 0.0655327699500183, "11": 0.07698273578542433, "12": 0.07596722113189483, "13": 0.035689435977927834, "14": 0.043557702804746176, "15": 0.054669781849636806, "16": 0.04724736101138141, "17": 0.06049260983093577, "18": 0.06670666320676226, "19": 0.06000838518610642, "20": 0.06309063486985685, "21": 0.05273526602514838, "22": 0.05150384361374551, "23": 0.03567097557720147, "24": 0.011261511952558988}, "noon": {"1": 0.013118106804173222, "2": 0.016295664168540912, "3": 0.020454875457452962, "4": 0.01622277363737223, "5": 0.02649862153883875, "6": 0.03264609689146076, "7": 0.025807423659530745, "8": 0.022059812743085237, "9": 0.027977924331486492, "10": 0.08176346561929457, "11": 0.08101512990297431, "12": 0.07415487020186604, "13": 0.030275226756519634, "14": 0.041738620224440956, "15": 0.05384767054215021, "16": 0.03991173998208909, "17": 0.04822837447186083, "18": 0.061393281614367454, "19": 0.05689896258291756, "20": 0.06799035100794451, "21": 0.051053321913358624, "22": 0.05869122493794357, "23": 0.04161182700587529, "24": 0.010344634004456026}, "afternoon": {"1": 0.01177044441906502, "2": 0.013494973578935414, "3": 0.017363338363342126, "4": 0.015338416842205497, "5": 0.0238613275392107, "6": 0.029022926808996034, "7": 0.02233207156444997, "8": 0.020984345733507638, "9": 0.025225579408628927, "10": 0.08043047796401992, "11": 0.07894525805235336, "12": 0.08086007390029777, "13": 0.033041279527949406, "14": 0.04281641371885823, "15": 0.06019041810656444, "16": 0.047790330160554034, "17": 0.04955982335845417, "18": 0.06437470695357264, "19": 0.05949851033662916, "20": 0.0730130273096469, "21": 0.05001460167121341, "22": 0.0518715809219559, "23": 0.03665697387266712, "24": 0.011543099886922217}, "evening": {"1": 0.010159130418062916, "2": 0.014351856233485272, "3": 0.020032971794080826, "4": 0.016685628761235246, "5": 0.026515951084413635, "6": 0.028677318836065335, "7": 0.02186433918692947, "8": 0.0176311321301842, "9": 0.028006560828855904, "10": 0.06536814215791699, "11": 0.07934475280172901, "12": 0.06919503959480408, "13": 0.03703445946661854, "14": 0.04643421978064095, "15": 0.06282819732728549, "16": 0.045488739627948735, "17": 0.0583900219518937, "18": 0.07442219099118652, "19": 0.057974728252145544, "20": 0.05968250185522529, "21": 0.053469613452158976, "22": 0.05104613800466365, "23": 0.04367441398571121, "24": 0.011721951476758478}, "night": {"1": 0.012208184737915583, "2": 0.016527180232160838, "3": 0.020305661821000076, "4": 0.01814174115862769, "5": 0.02360740875089079, "6": 0.03564741597555891, "7": 0.025361267607690002, "8": 0.020961731410418988, "9": 0.02565328618790984, "10": 0.05994257737066083, "11": 0.08287084063437791, "12": 0.08678187906397206, "13": 0.037651274941992864, "14": 0.04976448968922366, "15": 0.047383165925167725, "16": 0.04659512064692851, "17": 0.061868671464488, "18": 0.06663849626843975, "19": 0.05125347514805097, "20": 0.05132931946160316, "21": 0.05119397144803745, "22": 0.054858129442858325, "23": 0.039366348287654826, "24": 0.01408836232437126}}}