{"morning": {"1": 0.0282796272309916, "2": 0.04134634201062945, "3": 0.027800406406107453, "4": 0.022228150633286946, "5": 0.02816184917567638, "6": 0.022089319001413983, "7": 0.02567383647995029, "8": 0.016756844708457695, "9": 0.03002671970605315, "10": 0.07072965279877329, "11": 0.053889799386778216, "12": 0.07154952196030066, "13": 0.032628500086604215, "14": 0.0686848359955035, "15": 0.15259738112336652, "16": 0.04670879622888764, "17": 0.04022156120306698, "18": 0.039959205962824526, "19": 0.038793672847767594, "20": 0.03913602215202585, "21": 0.024570344422640156, "22": 0.0331963863518128, "23": 0.03450185597403938, "24": 0.010469368153041734, "start": 2.0, "end": 10.0}, "noon": {"1": 0.02818993927089186, "2": 0.04039579840867246, "3": 0.026332070165201095, "4": 0.020328211488445047, "5": 0.024554290248792993, "6": 0.020559732180195613, "7": 0.02350651227370856, "8": 0.017055948690379002, "9": 0.03223801477536108, "10": 0.06977841745668786, "11": 0.05115199976087972, "12": 0.07756534345414688, "13": 0.030088670831485337, "14": 0.06491260384753834, "15": 0.13666476974066272, "16": 0.05176831660737293, "17": 0.04606943533992422, "18": 0.041219287258235836, "19": 0.0381287548382172, "20": 0.038970875871614186, "21": 0.0267742016234754, "22": 0.03875515632776508, "23": 0.040350144923519904, "24": 0.014641504616826687, "start": 10.0, "end": 12.0}, "afternoon": {"1": 0.03533989994164013, "2": 0.05063554760377921, "3": 0.029603340116969162, "4": 0.021886446405269773, "5": 0.026301364252131993, "6": 0.021502284369451043, "7": 0.027759524070713592, "8": 0.020055909108977598, "9": 0.03521614076016809, "10": 0.06955183366171146, "11": 0.05304228588531681, "12": 0.0770395436434851, "13": 0.03140051642753698, "14": 0.06319190036706497, "15": 0.12433456031038441, "16": 0.04642697283948456, "17": 0.0417114338276139, "18": 0.035276422537660196, "19": 0.0366943484292252, "20": 0.03543499466150886, "21": 0.02619764280438709, "22": 0.03827689872384069, "23": 0.03981930790092249, "24": 0.013300881350756726, "start": 12.0, "end": 14.0}, "evening": {"1": 0.026975217047234074, "2": 0.03612016760099742, "3": 0.03528645128807406, "4": 0.021555627965556275, "5": 0.025441340620006785, "6": 0.022256445221094986, "7": 0.03616999346297014, "8": 0.021510152733552355, "9": 0.03956666461086258, "10": 0.06141251695395509, "11": 0.04887138071169978, "12": 0.06808651529849116, "13": 0.03038311312105016, "14": 0.05347087186908097, "15": 0.14195187536945428, "16": 0.05142084103034812, "17": 0.04339639078782467, "18": 0.04390075314204021, "19": 0.03452021687269068, "20": 0.042753758018598584, "21": 0.02921948401476973, "22": 0.03622914064158567, "23": 0.035281860560889236, "24": 0.014219221057172951, "start": 14.0, "end": 15.0}, "night": {"1": 0.028086531851404258, "2": 0.02880655710496851, "3": 0.024468135663978464, "4": 0.018138244440880965, "5": 0.021245366405511102, "6": 0.019365212965563712, "7": 0.027018547973062516, "8": 0.01756175467065712, "9": 0.030364604717373657, "10": 0.06307343224255715, "11": 0.048231606003268104, "12": 0.07442196839395593, "13": 0.032998589877359354, "14": 0.06412867206115154, "15": 0.14540764506155868, "16": 0.04928187539188737, "17": 0.04675476155421112, "18": 0.048253899554326574, "19": 0.04685126435620118, "20": 0.047586702637578485, "21": 0.030916575104430556, "22": 0.035169079015099663, "23": 0.03757144351797084, "24": 0.014297529435043144, "start": 15.0, "end": 2.0}}