{"start": {"before morning": {"1": 0.01596620949750842, "2": 0.014431624686384936, "3": 0.017705224913751476, "4": 0.015219601843718431, "5": 0.02401495445784599, "6": 0.03182381084740234, "7": 0.027559509866081522, "8": 0.01561989698719285, "9": 0.01884016875391622, "10": 0.06688438875689705, "11": 0.07236910470023397, "12": 0.07070520625460983, "13": 0.026249038966868216, "14": 0.03280832870994667, "15": 0.08432758885878468, "16": 0.04396556264313775, "17": 0.06275106889834098, "18": 0.062174770487944515, "19": 0.05262823039259239, "20": 0.062167866534902985, "21": 0.0637053583289546, "22": 0.05831159209454656, "23": 0.0486604049627062, "24": 0.011110487555731447}, "morning": {"1": 0.020483942814146755, "2": 0.01833349804170804, "3": 0.018079420920387022, "4": 0.016583683913762574, "5": 0.02616000794268332, "6": 0.039016286145339335, "7": 0.029042798533735127, "8": 0.013651909895915672, "9": 0.015997364612323556, "10": 0.07673944891398168, "11": 0.08078603141275903, "12": 0.07151621236941923, "13": 0.02488061470895937, "14": 0.03692263912417226, "15": 0.07622233739990608, "16": 0.03856089405370364, "17": 0.05511534345733046, "18": 0.05128763790775774, "19": 0.05977825638013899, "20": 0.07078361117068535, "21": 0.06270242132233599, "22": 0.052323756773802896, "23": 0.03691551814134676, "24": 0.008116364043699122}, "noon": {"1": 0.012044605563682049, "2": 0.010589042922655193, "3": 0.012552863748079573, "4": 0.011947587848286088, "5": 0.01939086724980918, "6": 0.02358049034347211, "7": 0.023165322254031593, "8": 0.012110599470729932, "9": 0.013579080588773848, "10": 0.06468073623066102, "11": 0.06581421623734426, "12": 0.0650805525238448, "13": 0.022888174997716, "14": 0.04220440221804911, "15": 0.09658926484371645, "16": 0.04607265495251086, "17": 0.06676585794706939, "18": 0.08465107861535488, "19": 0.08002551486468902, "20": 0.07200867241631674, "21": 0.05594416151165327, "22": 0.053758709280948266, "23": 0.03697746010334523, "24": 0.007578083267261288}, "afternoon": {"1": 0.007745300310318737, "2": 0.006779250991404942, "3": 0.0074689768421265365, "4": 0.007899479875612337, "5": 0.012176225034368987, "6": 0.018307251230374477, "7": 0.014177757062619539, "8": 0.010571678983015661, "9": 0.012193307760834418, "10": 0.06726487522438647, "11": 0.0658884304482571, "12": 0.07267787476634605, "13": 0.024652291413543945, "14": 0.04151409107819103, "15": 0.09089984151179331, "16": 0.05877158810406571, "17": 0.0719996179246376, "18": 0.08125969847731025, "19": 0.07585827543473597, "20": 0.08158031536157039, "21": 0.05854668424596445, "22": 0.05871461819365582, "23": 0.04347419801569677, "24": 0.009578371709169512}, "evening": {"1": 0.01129936672894811, "2": 0.007987939304209699, "3": 0.009142460843603237, "4": 0.009858139641999046, "5": 0.015472735883558996, "6": 0.024126319775182523, "7": 0.01836361648041635, "8": 0.008882124643706028, "9": 0.013788128981457912, "10": 0.06128218003426572, "11": 0.06028604098359043, "12": 0.06321007592061761, "13": 0.024197481083252752, "14": 0.043178774710834256, "15": 0.09356337451958693, "16": 0.049125808610896604, "17": 0.07721355377856554, "18": 0.06821443363884797, "19": 0.0771278141004871, "20": 0.08016722148834787, "21": 0.06504420936037934, "22": 0.06713554288924535, "23": 0.04074245997561181, "24": 0.01059019662238881}, "night": {"1": 0.012301329534400059, "2": 0.010958008035685484, "3": 0.011676573172827968, "4": 0.011432912143163089, "5": 0.016765715608497177, "6": 0.02775530503480976, "7": 0.020625252025142177, "8": 0.011470668326646175, "9": 0.01311033829558083, "10": 0.07325582495778185, "11": 0.0779264977624424, "12": 0.08072065234115752, "13": 0.027908527311717987, "14": 0.045118004638572615, "15": 0.08110019866146936, "16": 0.04861271980256704, "17": 0.06494532000831293, "18": 0.0689529953201844, "19": 0.07436694643363753, "20": 0.06699517828485332, "21": 0.05520351927402137, "22": 0.05272381450020574, "23": 0.03718657092319337, "24": 0.008887127603129825}}, "end": {"before morning": {"1": 0.017376438121938335, "2": 0.014192438064589452, "3": 0.014263144500754464, "4": 0.015606724211091999, "5": 0.02702526527256972, "6": 0.03521204719956125, "7": 0.02642559996340496, "8": 0.017341259890803852, "9": 0.015794200933843542, "10": 0.06503465772627776, "11": 0.09793295854511715, "12": 0.10115805776743286, "13": 0.026723535733450408, "14": 0.031018535079396035, "15": 0.07612551003247335, "16": 0.04554957353891867, "17": 0.050071569336486765, "18": 0.06585425235619763, "19": 0.05236392697798562, "20": 0.059885774114708995, "21": 0.04851973564272911, "22": 0.04601570233994173, "23": 0.037687770346296764, "24": 0.012821322304029596}, "morning": {"1": 0.01842154610320773, "2": 0.015074567669693652, "3": 0.013156286787723808, "4": 0.013826553396049667, "5": 0.021845897192188844, "6": 0.034007659825628214, "7": 0.02256611735724699, "8": 0.01337141007870954, "9": 0.01261931934804817, "10": 0.06890719505125491, "11": 0.10582665769409327, "12": 0.10333910966875723, "13": 0.026112301959961424, "14": 0.03215361647597527, "15": 0.07861002065886223, "16": 0.045969680876203386, "17": 0.04853579211251527, "18": 0.0615972972291344, "19": 0.0655566678206423, "20": 0.07065655023176164, "21": 0.05326040604622068, "22": 0.03809632340013075, "23": 0.026723227784051756, "24": 0.009765795231938861}, "noon": {"1": 0.013973246028186304, "2": 0.01238940058827384, "3": 0.013256086804990078, "4": 0.014336228266160482, "5": 0.027383109767777605, "6": 0.030103646733538506, "7": 0.03378722876402635, "8": 0.016879063593638104, "9": 0.01450900910986232, "10": 0.07305136321176245, "11": 0.07646968159298352, "12": 0.0829337085281507, "13": 0.020926334782992845, "14": 0.03344726473593643, "15": 0.09356948243761862, "16": 0.04476054778179483, "17": 0.05200610221328071, "18": 0.08075722894209107, "19": 0.07614817204738202, "20": 0.07175767393316383, "21": 0.042074036794104756, "22": 0.04132514788349261, "23": 0.027324363198897205, "24": 0.006831872259894821}, "afternoon": {"1": 0.006617929912979389, "2": 0.005722920110679749, "3": 0.0061438106260471165, "4": 0.00804421858813667, "5": 0.01467920188398089, "6": 0.020325798849905676, "7": 0.016691805551185813, "8": 0.011926848988903732, "9": 0.011789405192508986, "10": 0.06836464896582702, "11": 0.07788735065544976, "12": 0.08927129916266008, "13": 0.02506501915871193, "14": 0.038205944068817554, "15": 0.09527311421659047, "16": 0.061488639969747405, "17": 0.06417907666568518, "18": 0.08283380443826432, "19": 0.0785513792840995, "20": 0.07822166993074288, "21": 0.04851855713338521, "22": 0.04611923197244097, "23": 0.034138917427569554, "24": 0.009939407245680156}, "evening": {"1": 0.010743631512350464, "2": 0.006924104440648148, "3": 0.006577755068123353, "4": 0.008447349868305441, "5": 0.0137694116955753, "6": 0.021698386133926856, "7": 0.014632560859346612, "8": 0.008736725309744228, "9": 0.009859690572341243, "10": 0.0569323225784094, "11": 0.08528551202801136, "12": 0.0921220177498688, "13": 0.02413734869092276, "14": 0.036457920043000004, "15": 0.09463944059843182, "16": 0.054073785387465906, "17": 0.061378077653564546, "18": 0.07413961156597614, "19": 0.08829690211711995, "20": 0.08299553016600442, "21": 0.057665642717322475, "22": 0.048250374455772446, "23": 0.030452813637102685, "24": 0.011783085150665637}, "night": {"1": 0.009034270420163927, "2": 0.006854993816957794, "3": 0.007173387299578992, "4": 0.00863113125778842, "5": 0.013449243875524118, "6": 0.020879084161136544, "7": 0.015141435552769218, "8": 0.008825791063981177, "9": 0.009305266460398531, "10": 0.07207286535235136, "11": 0.10409856241558141, "12": 0.1125447189107043, "13": 0.030133453373811042, "14": 0.042956511582715226, "15": 0.09109352258988251, "16": 0.049386796724976895, "17": 0.05311740747814036, "18": 0.06818901213920424, "19": 0.07930200928712036, "20": 0.0681852452362132, "21": 0.048235297436525736, "22": 0.04118004233500564, "23": 0.03055834516184701, "24": 0.009651606067622153}}}