{"start": {"morning": {"1": 0.010719587553480311, "2": 0.008388807153438834, "3": 0.013427290950564162, "4": 0.011052267003216253, "5": 0.012568094669346308, "6": 0.015533170801762393, "7": 0.018412069911359356, "8": 0.009250287496939224, "9": 0.01344792276886017, "10": 0.0, "11": 0.018836408249519525, "12": 0.0, "13": 0.046244735604880904, "14": 0.033532291423784485, "15": 0.052058818996724245, "16": 0.04517768185472261, "17": 0.051377974062962385, "18": 0.05557072167082278, "19": 0.05938650090266096, "20": 0.03174362975382921, "21": 0.057737586414134165, "22": 0.22869696567213335, "23": 0.11855205635495789, "24": 0.08828513072990048}, "noon": {"1": 0.007250007756463331, "2": 0.005561217653121525, "3": 0.007108531888270771, "4": 0.009356075799895443, "5": 0.011633964018235408, "6": 0.013087714143153722, "7": 0.01467540216348469, "8": 0.008473455914327792, "9": 0.009284464792984282, "10": 0.03634167607500054, "11": 0.022812329476349077, "12": 0.01824059844073448, "13": 0.03662942601280507, "14": 0.0237983640745894, "15": 0.03424940903115069, "16": 0.040604900975076554, "17": 0.04563058412157786, "18": 0.04933133981070727, "19": 0.05108816366517143, "20": 0.033941186051541145, "21": 0.04790488222909702, "22": 0.2082568159026717, "23": 0.1509268785662859, "24": 0.11381261143730481}, "afternoon": {"1": 0.005594933035090288, "2": 0.00801788169211884, "3": 0.008765620338246285, "4": 0.0073818981078064005, "5": 0.00907867359603773, "6": 0.014691236716069166, "7": 0.011629743436983971, "8": 0.008997105307185562, "9": 0.00817277070751654, "10": 0.029471982139021486, "11": 0.023656222927497594, "12": 0.018436443021390185, "13": 0.02647094593717006, "14": 0.03464882601169692, "15": 0.04292553835440659, "16": 0.0413244288125286, "17": 0.04715057358953359, "18": 0.06525339398575668, "19": 0.050875121062711144, "20": 0.04201758633396011, "21": 0.046034243028518405, "22": 0.17640388229725232, "23": 0.15826524669960182, "24": 0.11473570286189975}, "evening": {"1": 0.009686611436632077, "2": 0.007936240613434505, "3": 0.010855333001570048, "4": 0.012241485155606123, "5": 0.015492712457970226, "6": 0.015819569376766197, "7": 0.015562506140088155, "8": 0.009895285429903937, "9": 0.01113219701680714, "10": 0.038917099862286114, "11": 0.021103739320144574, "12": 0.01795512998047792, "13": 0.02942636911290423, "14": 0.024603622102535295, "15": 0.04049405700040743, "16": 0.04056257333801179, "17": 0.048596710535581615, "18": 0.05133019978856788, "19": 0.05044401898836213, "20": 0.03513443168293853, "21": 0.04656547707900254, "22": 0.20944217409234228, "23": 0.1340358024931879, "24": 0.10276665399447141}, "night": {"1": 0.011614629779748711, "2": 0.010521753417120904, "3": 0.013835353965743724, "4": 0.013405444378907257, "5": 0.01767288110386678, "6": 0.018617015112160358, "7": 0.01971659535716571, "8": 0.010875400063698994, "9": 0.019606642537713985, "10": 0.055242847723557004, "11": 0.036437386259347365, "12": 0.029054482366588336, "13": 0.031355302144617465, "14": 0.02358004185903576, "15": 0.03420120247877208, "16": 0.02935950847295708, "17": 0.04049394606646984, "18": 0.03883574649849477, "19": 0.03550542826043146, "20": 0.0210973956599315, "21": 0.048146420925113544, "22": 0.1955591245475727, "23": 0.13809163363043955, "24": 0.1071738173905451}}, "end": {"morning": {"1": 0.007641880085079998, "2": 0.0069888111423340275, "3": 0.01109465281538721, "4": 0.008684876469556495, "5": 0.01508661477337191, "6": 0.01645525717262585, "7": 0.018297496490204398, "8": 0.010033869721796426, "9": 0.00987710129494863, "10": 0.027972450108809672, "11": 0.017427115131031005, "12": 0.0, "13": 0.038610815039744166, "14": 0.0333330076803289, "15": 0.05047262758137807, "16": 0.04365362486035704, "17": 0.07464980342466389, "18": 0.06676975232740356, "19": 0.06783591095748816, "20": 0.039253595817928796, "21": 0.05309288411059821, "22": 0.16064291773650827, "23": 0.1029897178666837, "24": 0.11913521739177162}, "noon": {"1": 0.0069937289734712605, "2": 0.006145651032717001, "3": 0.00802303064724504, "4": 0.010047813982785469, "5": 0.01599041960029923, "6": 0.014513012991400254, "7": 0.015169253927158129, "8": 0.009487296408967665, "9": 0.007233965993989018, "10": 0.03073165984707653, "11": 0.018299157583323702, "12": 0.021869300165317948, "13": 0.036073163089581584, "14": 0.027211395771064757, "15": 0.0383141090744038, "16": 0.04794089565107823, "17": 0.06872826101052189, "18": 0.05790457893221387, "19": 0.055260212983211536, "20": 0.040395357718575914, "21": 0.04578291306155979, "22": 0.17571757727845827, "23": 0.11489950622799294, "24": 0.12726773804758615}, "afternoon": {"1": 0.007587112766682994, "2": 0.010751443256114709, "3": 0.012472888263328402, "4": 0.010551935987541127, "5": 0.0161883968962849, "6": 0.0203983533634473, "7": 0.01552387781987999, "8": 0.012988763916936123, "9": 0.00855219703788396, "10": 0.0334368575254617, "11": 0.024648513785949927, "12": 0.028601486950248493, "13": 0.027265431821392204, "14": 0.035697234091235576, "15": 0.04576414361205897, "16": 0.04129081683889036, "17": 0.059190444557985236, "18": 0.06032793499333867, "19": 0.04979648252357695, "20": 0.042005950388121494, "21": 0.03881901227502881, "22": 0.154975466782625, "23": 0.1159104180724103, "24": 0.12725483647357685}, "evening": {"1": 0.005553100907013547, "2": 0.006063591389352815, "3": 0.008392194321789097, "4": 0.00935681890136149, "5": 0.01613193414498228, "6": 0.015172366700994675, "7": 0.013297037575716009, "8": 0.010189806630833699, "9": 0.0073751946295434545, "10": 0.025285116754962245, "11": 0.01302819460984993, "12": 0.015134676053942147, "13": 0.023622093364707605, "14": 0.025499559412448174, "15": 0.042777743764720294, "16": 0.043003456190922024, "17": 0.07654659609172444, "18": 0.06769388866458197, "19": 0.06117296377845244, "20": 0.04896120175260986, "21": 0.04804522859427337, "22": 0.1892086323785316, "23": 0.11097081201068383, "24": 0.11751779137600314}, "night": {"1": 0.012164031601920219, "2": 0.010819930873723965, "3": 0.014522556539409866, "4": 0.012815943063169985, "5": 0.023263971650437167, "6": 0.021565707528858682, "7": 0.02116085945701452, "8": 0.012529593706343758, "9": 0.016253470164160545, "10": 0.04406954158086399, "11": 0.030533808677644717, "12": 0.03590523523439579, "13": 0.0327045189735945, "14": 0.025622647825466326, "15": 0.03784941642680833, "16": 0.03133474870256716, "17": 0.059654475493005024, "18": 0.04680506950463148, "19": 0.04294741739779515, "20": 0.026893289047345042, "21": 0.0461697485060582, "22": 0.1566008748727466, "23": 0.11027907628183066, "24": 0.1275340668902083}}}