{"morning": {"1": 0.017771907800579016, "2": 0.00814804716955721, "3": 0.011156364404666805, "4": 0.01472116462458165, "5": 0.02566486375298545, "6": 0.027767984367680222, "7": 0.023272411184122856, "8": 0.01711892258733933, "9": 0.018635501468046073, "10": 0.07128618362777843, "11": 0.06131689134907905, "12": 0.07099615287404729, "13": 0.024454315361964577, "14": 0.03746763177994191, "15": 0.13840553316887685, "16": 0.060415686018987794, "17": 0.04510829427071919, "18": 0.0923052406844088, "19": 0.059328929848699904, "20": 0.06203016419507702, "21": 0.03027554396774431, "22": 0.04372210034398204, "23": 0.02725678024532744, "24": 0.011373384903806783, "start": 15.0, "end": 18.0}, "noon": {"1": 0.0281739372927699, "2": 0.021931795723189356, "3": 0.031000506870020622, "4": 0.033122336574167445, "5": 0.036414226439067554, "6": 0.03870150224943884, "7": 0.04270364139484283, "8": 0.03654142697099612, "9": 0.03463422482455084, "10": 0.055316980104544514, "11": 0.05442613969402278, "12": 0.04523412806865568, "13": 0.027485264245444063, "14": 0.03341161317840594, "15": 0.07477238512599982, "16": 0.055497871994598005, "17": 0.050514432785557215, "18": 0.07406960774495588, "19": 0.058593752976261314, "20": 0.0422504543149916, "21": 0.047683427899339395, "22": 0.03640823032625315, "23": 0.029172269519960003, "24": 0.011939843681967096, "start": 18.0, "end": 19.0}, "afternoon": {"1": 0.01999890591560914, "2": 0.022100527758144837, "3": 0.026947353754652355, "4": 0.02205374759492688, "5": 0.03273167303147448, "6": 0.03345154173640765, "7": 0.032457931314151, "8": 0.021063219668790455, "9": 0.023984802743050853, "10": 0.06757531564691596, "11": 0.06552013306933432, "12": 0.0618521859479745, "13": 0.02679020592122073, "14": 0.03690731751085095, "15": 0.08909221935379578, "16": 0.04823480457982282, "17": 0.0494034987855622, "18": 0.07483706912008786, "19": 0.050195903055300084, "20": 0.04752626479809892, "21": 0.039421915665511655, "22": 0.05017143891759675, "23": 0.04430515473803952, "24": 0.013376869372680306, "start": 19.0, "end": 20.0}, "evening": {"1": 0.02271747425317435, "2": 0.017258003202726357, "3": 0.02586945452666368, "4": 0.020066135441669693, "5": 0.026668729604570944, "6": 0.029831295054822442, "7": 0.02824534490706675, "8": 0.0207666035620314, "9": 0.023029534109809586, "10": 0.0643541817266369, "11": 0.061979042247648976, "12": 0.05977597987495418, "13": 0.02390826633738712, "14": 0.03757739836767636, "15": 0.10982329246515807, "16": 0.055256136023157765, "17": 0.047158671402347876, "18": 0.07791764594367279, "19": 0.058636270271121546, "20": 0.05368280031817698, "21": 0.03456333395218651, "22": 0.05104707898405535, "23": 0.03542662269951972, "24": 0.014440704723764682, "start": 20.0, "end": 22.0}, "night": {"1": 0.022018674883152976, "2": 0.01906228801411421, "3": 0.025979455889132218, "4": 0.028596358032313564, "5": 0.03760628741801814, "6": 0.043798360308996594, "7": 0.04071118159577404, "8": 0.023787135107554515, "9": 0.023346355275875325, "10": 0.0716543310941147, "11": 0.06518011119353051, "12": 0.0737933468016804, "13": 0.02570050551782486, "14": 0.04385754713840342, "15": 0.09125165928044203, "16": 0.04132165914686143, "17": 0.04238248647500624, "18": 0.0791477739331983, "19": 0.05498407497760495, "20": 0.04630333158967166, "21": 0.027517054910576533, "22": 0.039248107426635384, "23": 0.02395803561323419, "24": 0.008793878376283816, "start": 22.0, "end": 15.0}}