{"morning": {"1": 0.018615384951471803, "2": 0.015693573754705224, "3": 0.024123714466463175, "4": 0.0262313398450789, "5": 0.02757153951381876, "6": 0.041206528348030264, "7": 0.04494823053867848, "8": 0.037570468031068616, "9": 0.04941432306792338, "10": 0.07587999753595062, "11": 0.05740557945932969, "12": 0.07559827912045121, "13": 0.027667116628088496, "14": 0.03205916306649896, "15": 0.05741225920781714, "16": 0.05566516427651238, "17": 0.04222051257438872, "18": 0.059120434559378786, "19": 0.05989965008925926, "20": 0.06206310435513422, "21": 0.029248802014916198, "22": 0.03492875174961069, "23": 0.03379562653096822, "24": 0.011660456314456792, "start": 10.0, "end": 12.0}, "noon": {"1": 0.022083100531800397, "2": 0.020195552815897643, "3": 0.03011787927975639, "4": 0.03142816455771395, "5": 0.025482172617555178, "6": 0.03845799295029754, "7": 0.04271531703415226, "8": 0.04659218325001818, "9": 0.04501789483118797, "10": 0.06093488453711776, "11": 0.04372105756863319, "12": 0.0627782128956901, "13": 0.02581765755756755, "14": 0.03668796039501249, "15": 0.06493521228498036, "16": 0.07671932659987109, "17": 0.0508694021336228, "18": 0.06418898024939251, "19": 0.05602268589515839, "20": 0.042931797420990805, "21": 0.02190398360713848, "22": 0.039272277731891264, "23": 0.03744097211225777, "24": 0.013685331142295934, "start": 12.0, "end": 18.0}, "afternoon": {"1": 0.02255746951152272, "2": 0.021728690763368284, "3": 0.029951731732212418, "4": 0.026059306989275756, "5": 0.03022499374510974, "6": 0.036579029641883753, "7": 0.044526395237624736, "8": 0.038146143051470266, "9": 0.047514100168512145, "10": 0.08350106517118927, "11": 0.049944414057217876, "12": 0.07188707403944121, "13": 0.028612261005979623, "14": 0.0336751885893885, "15": 0.06672519181660115, "16": 0.05305929476124014, "17": 0.04157879503740479, "18": 0.05342016078291478, "19": 0.05270481659348425, "20": 0.053853640363964325, "21": 0.027114057368526106, "22": 0.03747144753508537, "23": 0.03847611271898184, "24": 0.010688619317600939, "start": 18.0, "end": 19.0}, "evening": {"1": 0.026829814421889447, "2": 0.027902399769081883, "3": 0.038396689303484874, "4": 0.031393128627409825, "5": 0.03653268838202651, "6": 0.0530524740583358, "7": 0.06477603327617831, "8": 0.05462955377314038, "9": 0.06589928836032725, "10": 0.06552106557077757, "11": 0.05142204965474047, "12": 0.05968962000062953, "13": 0.02297661212295414, "14": 0.025513324648370767, "15": 0.05156481726380511, "16": 0.049125409457135026, "17": 0.03951689116376902, "18": 0.04627832171350357, "19": 0.04881906451948408, "20": 0.04522608431212031, "21": 0.02599277219052059, "22": 0.028634239708155197, "23": 0.02974614347473964, "24": 0.010561514227420696, "start": 19.0, "end": 20.0}, "night": {"1": 0.02673001347188857, "2": 0.02418528256919677, "3": 0.03025538904806782, "4": 0.02839589389248005, "5": 0.03088837493685721, "6": 0.04454910496650834, "7": 0.056319396223462825, "8": 0.047900657736387436, "9": 0.060823945356180256, "10": 0.07246207937251489, "11": 0.06039497930113423, "12": 0.06101883367876319, "13": 0.02613878414803053, "14": 0.02980848439899796, "15": 0.056441703130809276, "16": 0.04490497056373124, "17": 0.040862470692584876, "18": 0.04920837281645622, "19": 0.05096752529312164, "20": 0.04762478128969607, "21": 0.031227595745984903, "22": 0.036729111940253314, "23": 0.030807275953766033, "24": 0.011354973473126336, "start": 20.0, "end": 10.0}}