{"start": {"morning": {"1": 0.010178490646322005, "2": 0.004247028002433531, "3": 0.005877087592066507, "4": 0.009820799021922781, "5": 0.013309140862646174, "6": 0.025985719835120075, "7": 0.02983944940186852, "8": 0.014821793846300686, "9": 0.028942190587912572, "10": 0.08411003496156941, "11": 0.04280898976390425, "12": 0.061752802843419746, "13": 0.019948016278845022, "14": 0.032934391807172635, "15": 0.07926208312075934, "16": 0.04531246790317154, "17": 0.05460227263979256, "18": 0.08054174318705049, "19": 0.0945550389264039, "20": 0.10555259174496116, "21": 0.04931491511858635, "22": 0.05203948045697388, "23": 0.0420097470924677, "24": 0.012233724358329149}, "noon": {"1": 0.020102509693373256, "2": 0.008360972924179907, "3": 0.013170216167758875, "4": 0.022177900881383793, "5": 0.029695316344725553, "6": 0.04441613846013601, "7": 0.05930252463232906, "8": 0.03760451985203174, "9": 0.045697723604804646, "10": 0.08154097055272841, "11": 0.040279153321583536, "12": 0.059802056146615656, "13": 0.016023199786223984, "14": 0.02815844099428262, "15": 0.0677378808143483, "16": 0.05002650382946072, "17": 0.05491644464084549, "18": 0.07464682690695122, "19": 0.0731740936680618, "20": 0.06535635990542465, "21": 0.028129641189963937, "22": 0.04262058136955821, "23": 0.027732956036398047, "24": 0.009327068276830575}, "afternoon": {"1": 0.013411324772348233, "2": 0.006348965688643607, "3": 0.009313396479211419, "4": 0.012928752602113656, "5": 0.016027293537274195, "6": 0.023390122763018065, "7": 0.02888923156554024, "8": 0.018218911214031804, "9": 0.029567585537310398, "10": 0.07555614267386063, "11": 0.04759433965610142, "12": 0.05841893141033565, "13": 0.02353516064209247, "14": 0.03412137426084295, "15": 0.07550003595822552, "16": 0.05134988584528259, "17": 0.05919796319835707, "18": 0.08635580107577417, "19": 0.08547446001946186, "20": 0.09130882477304128, "21": 0.04466232321437581, "22": 0.05340849130060488, "23": 0.04284646205882305, "24": 0.012574219753329043}, "evening": {"1": 0.011967955886528664, "2": 0.007805800094453715, "3": 0.00936625740040812, "4": 0.013119982408162983, "5": 0.016578777998289378, "6": 0.03529555245274833, "7": 0.03402635696048313, "8": 0.021594244941000207, "9": 0.03233055480857269, "10": 0.07702000292181456, "11": 0.04415072945301713, "12": 0.06012294065165661, "13": 0.017925169289657157, "14": 0.026010377572195872, "15": 0.07370470819969775, "16": 0.05174699059246001, "17": 0.06019457205516193, "18": 0.08865388882051439, "19": 0.0851314964564708, "20": 0.0865258005574566, "21": 0.04760969805357991, "22": 0.0463405067733809, "23": 0.038038848811018544, "24": 0.014738786841270612}, "night": {"1": 0.024895275233769953, "2": 0.013647339786321133, "3": 0.017317641149012512, "4": 0.02187150983126795, "5": 0.024562346967651902, "6": 0.03620197331392116, "7": 0.040492651702364366, "8": 0.027414085134477757, "9": 0.04257179288300811, "10": 0.08055041155173027, "11": 0.05072766192509507, "12": 0.058366462817702025, "13": 0.021968564348553703, "14": 0.03052200357012591, "15": 0.06978076427705485, "16": 0.043532256566667135, "17": 0.049186334966806355, "18": 0.06835171064308779, "19": 0.07762466139707536, "20": 0.07639642468416086, "21": 0.037568268687317566, "22": 0.040136839461480195, "23": 0.032680145149444964, "24": 0.013632873951903157}}, "end": {"morning": {"1": 0.0064084942757832945, "2": 0.004536080412640755, "3": 0.007132208317509084, "4": 0.0086080417504386, "5": 0.012614039444426545, "6": 0.016814411694122938, "7": 0.018804043129386768, "8": 0.011851714583782359, "9": 0.017663196178182693, "10": 0.07436085853674468, "11": 0.04480025993664421, "12": 0.06246638710747711, "13": 0.022947817864409872, "14": 0.04215849894588789, "15": 0.10384296338296145, "16": 0.04867634627416545, "17": 0.05362124307938072, "18": 0.08459217569776263, "19": 0.08545539730102512, "20": 0.10127186307988056, "21": 0.04961382124448861, "22": 0.06536471014009054, "23": 0.044342177005846244, "24": 0.012053250616961867}, "noon": {"1": 0.00982505664910396, "2": 0.009279104776496377, "3": 0.014811700857534572, "4": 0.015469371002139447, "5": 0.02167355201014609, "6": 0.021673429285435808, "7": 0.029340817649619474, "8": 0.02591741880295099, "9": 0.028120994233979204, "10": 0.0787401926421934, "11": 0.05002940892175937, "12": 0.06275290946929538, "13": 0.022305167467201785, "14": 0.03875604207541437, "15": 0.09949327459180683, "16": 0.06388511670403571, "17": 0.06529877106398517, "18": 0.09115321819719745, "19": 0.0650450643544212, "20": 0.0671976187238196, "21": 0.032327733328582575, "22": 0.05044363492125263, "23": 0.028101179982169894, "24": 0.008359222289458705}, "afternoon": {"1": 0.009203723873279657, "2": 0.008666546937913142, "3": 0.012839584598090517, "4": 0.011706239420954995, "5": 0.016555962623495, "6": 0.016305490061376764, "7": 0.02095939709818177, "8": 0.017062390921837287, "9": 0.020460641347039295, "10": 0.08293802150345024, "11": 0.05273641115816896, "12": 0.06661054395043929, "13": 0.028313990824795212, "14": 0.045185168378614575, "15": 0.10164472659724337, "16": 0.055157448662552594, "17": 0.05727361048407633, "18": 0.0805847741986711, "19": 0.06256521079115503, "20": 0.08212708160598281, "21": 0.03904760063990725, "22": 0.06132606945612258, "23": 0.04026494078702262, "24": 0.010464424079629775}, "evening": {"1": 0.006502221040620067, "2": 0.00639611712436671, "3": 0.008090840929345837, "4": 0.008689299397071085, "5": 0.01229021533935849, "6": 0.01835975518506787, "7": 0.019472622779948896, "8": 0.01443527680343926, "9": 0.01823413947286739, "10": 0.07567894523926577, "11": 0.04671698318810903, "12": 0.062038862070935556, "13": 0.019899301219777482, "14": 0.03163565485818683, "15": 0.09155704312943269, "16": 0.0544622160769465, "17": 0.06198539788334097, "18": 0.08980672039848232, "19": 0.08175115590115042, "20": 0.09815350915991497, "21": 0.05467787730348629, "22": 0.06273042157679204, "23": 0.04272733904568781, "24": 0.013708084876405706}, "night": {"1": 0.013842646281696389, "2": 0.013461148428880012, "3": 0.016192430871591713, "4": 0.016162823171155492, "5": 0.019518522111240073, "6": 0.02249567623615905, "7": 0.030184843783903244, "8": 0.026334369890460885, "9": 0.03246286317659232, "10": 0.08625110615868668, "11": 0.06188975326594734, "12": 0.061158622383044974, "13": 0.025169923076363964, "14": 0.03914734251072794, "15": 0.08476438548419345, "16": 0.04762457344530994, "17": 0.05046720234507814, "18": 0.07086572599415614, "19": 0.06931700380263615, "20": 0.0765399866127487, "21": 0.04125570338535132, "22": 0.050867435908509236, "23": 0.03280924001013322, "24": 0.011216671665433628}}}