{"start": {"morning": {"1": 0.023798061801381623, "2": 0.024108476037949952, "3": 0.020203347181344797, "4": 0.024340724977949278, "5": 0.03357034373524699, "6": 0.04037360300195607, "7": 0.03558206004941178, "8": 0.026348011656768942, "9": 0.01887261341651936, "10": 0.07311138940957285, "11": 0.05358010284587749, "12": 0.07512031584470998, "13": 0.02460976991797409, "14": 0.044091989287069186, "15": 0.09958834547840861, "16": 0.057389296060145964, "17": 0.05155563004575854, "18": 0.04874202923065307, "19": 0.03452387666548484, "20": 0.05455496011463669, "21": 0.0329856315931378, "22": 0.05230367411924766, "23": 0.03970180529938506, "24": 0.010943942229409372}, "noon": {"1": 0.024636340364438392, "2": 0.025175590260755935, "3": 0.02008580417970104, "4": 0.026414053284704933, "5": 0.03555094083011789, "6": 0.04389754536891132, "7": 0.03753968568543539, "8": 0.02797814851276927, "9": 0.019181460009989243, "10": 0.08095258698239763, "11": 0.04890735715248987, "12": 0.07145818923810289, "13": 0.021034048895235805, "14": 0.04071359281587674, "15": 0.08966840836966608, "16": 0.05512048761730237, "17": 0.0486990768533508, "18": 0.049078319609270726, "19": 0.03594912059808036, "20": 0.05587249409990288, "21": 0.0332436331331608, "22": 0.056942324287900685, "23": 0.0400792895109221, "24": 0.01182150233951684}, "afternoon": {"1": 0.026743582608076612, "2": 0.026343428976565508, "3": 0.022373119203796206, "4": 0.02838898506882167, "5": 0.03215405887887527, "6": 0.04094557225329603, "7": 0.03509000295950162, "8": 0.026786081862485517, "9": 0.02039774530036, "10": 0.06709692758289924, "11": 0.058177522176798155, "12": 0.07155772894865287, "13": 0.02421423748654765, "14": 0.037114316636781136, "15": 0.09183070030382243, "16": 0.0626948049026085, "17": 0.05234471948212425, "18": 0.046128413785876794, "19": 0.03864810265993729, "20": 0.05276205264027898, "21": 0.034362438226171944, "22": 0.048050982161363484, "23": 0.04428749744550404, "24": 0.011506978448854793}, "evening": {"1": 0.025235723364815013, "2": 0.020866967857507426, "3": 0.02035582746211542, "4": 0.02603497620883904, "5": 0.034398470237133286, "6": 0.03897132158811678, "7": 0.03619500015799742, "8": 0.027485724172943777, "9": 0.019592218644152563, "10": 0.07560150103606306, "11": 0.05047676268761714, "12": 0.07417056796950958, "13": 0.024588447906331478, "14": 0.04522486007512785, "15": 0.09055480147862556, "16": 0.051979581131897115, "17": 0.04965870967989951, "18": 0.04971713723979761, "19": 0.03907239675681223, "20": 0.053941457496903815, "21": 0.0316708920156512, "22": 0.05596291289285276, "23": 0.04472948763634654, "24": 0.01351425430294384}, "night": {"1": 0.025238175842647592, "2": 0.021960227334523342, "3": 0.02196378723447277, "4": 0.026427445121822206, "5": 0.038137085403065304, "6": 0.047004172580826654, "7": 0.03916357150551788, "8": 0.02673542065930928, "9": 0.019145904237640576, "10": 0.0883718598226888, "11": 0.05574547990051273, "12": 0.0802378959854095, "13": 0.02373339140340335, "14": 0.04610228543170752, "15": 0.09431442781440866, "16": 0.05302440531392599, "17": 0.04310676465495051, "18": 0.052026842784786684, "19": 0.033161732407191724, "20": 0.04647228915693413, "21": 0.02801334863294858, "22": 0.046452348807010505, "23": 0.03224291977514061, "24": 0.011218218189155102}}, "end": {"morning": {"1": 0.030606727270325915, "2": 0.03480498064815393, "3": 0.028199426103584432, "4": 0.0316778161337068, "5": 0.039903710639554765, "6": 0.04198266920117842, "7": 0.03657759932908945, "8": 0.031250292100397946, "9": 0.023621618921199728, "10": 0.07642726427027706, "11": 0.05109062501632433, "12": 0.07174986888291851, "13": 0.02364831062288802, "14": 0.04143698703364462, "15": 0.08182067580569652, "16": 0.047510225986217555, "17": 0.04708873280978075, "18": 0.04597438104565048, "19": 0.0341499251137016, "20": 0.05504629839990591, "21": 0.03138251705793603, "22": 0.04776645360630184, "23": 0.03421345158144227, "24": 0.0120694424201231}, "noon": {"1": 0.0305517507900063, "2": 0.03170840851252613, "3": 0.02609352378038286, "4": 0.03156596755346013, "5": 0.040474340125604594, "6": 0.04080820521201659, "7": 0.03604035988123773, "8": 0.030673988131316273, "9": 0.02282451298082562, "10": 0.08666385831127968, "11": 0.04966597056982269, "12": 0.06636464968904754, "13": 0.020954021569018724, "14": 0.04074656418027865, "15": 0.07717281194868181, "16": 0.04770867026027176, "17": 0.0471617933536841, "18": 0.04542106806983988, "19": 0.034120145996601875, "20": 0.05559243459813814, "21": 0.03287573403609507, "22": 0.05467087814613717, "23": 0.03724125710317751, "24": 0.01289908520054918}, "afternoon": {"1": 0.03211885004894734, "2": 0.03400054527096887, "3": 0.025981061667726988, "4": 0.034640738051649134, "5": 0.035521385998501895, "6": 0.03800290794995913, "7": 0.033080753625127544, "8": 0.029142038543839097, "9": 0.02134481695691301, "10": 0.07024613944765336, "11": 0.05269126593175525, "12": 0.07385620048835982, "13": 0.02329715987531169, "14": 0.0389199658855225, "15": 0.08077189052883725, "16": 0.05724909058620773, "17": 0.050607396963051374, "18": 0.044796438569627894, "19": 0.03957991055207584, "20": 0.05508495381936003, "21": 0.032306736961412785, "22": 0.04621922343101267, "23": 0.0373870816718083, "24": 0.01315344717437067}, "evening": {"1": 0.02863784280573741, "2": 0.025895859266804527, "3": 0.024286177845462744, "4": 0.030670668875213594, "5": 0.03717406760541416, "6": 0.03492396804305798, "7": 0.0336181934828491, "8": 0.02948551224650169, "9": 0.0220609161001622, "10": 0.07743094746606272, "11": 0.049381952757452996, "12": 0.07013980913969813, "13": 0.02382102848764864, "14": 0.04423333448074289, "15": 0.07949625118191615, "16": 0.04665412706127361, "17": 0.04894395660642006, "18": 0.04745353928332665, "19": 0.040140854437698076, "20": 0.06032289635774773, "21": 0.03229640494101584, "22": 0.05547330300990833, "23": 0.04241255792567507, "24": 0.015045830592209694}, "night": {"1": 0.03352056244880711, "2": 0.0313837958676109, "3": 0.03186294136844298, "4": 0.03441248605852753, "5": 0.04836633172345843, "6": 0.04976429582081174, "7": 0.040530109470644476, "8": 0.031759066490862846, "9": 0.025154561160520807, "10": 0.09122406357307822, "11": 0.05075123162689387, "12": 0.06672848276043068, "13": 0.021714446310806466, "14": 0.04234111995002907, "15": 0.07754455499089108, "16": 0.04234766001421698, "17": 0.04082575372481489, "18": 0.04810605360353102, "19": 0.03429767965459045, "20": 0.047191029501013865, "21": 0.027923149663396842, "22": 0.04369792466337648, "23": 0.028216916005566518, "24": 0.010335783547676766}}}