{"morning": {"1": 0.019666623913583564, "2": 0.01870379291530181, "3": 0.016202851290042196, "4": 0.013884780555133428, "5": 0.025293524006118045, "6": 0.02891324676495356, "7": 0.030238275508958478, "8": 0.02275245079933442, "9": 0.020334001662503903, "10": 0.09508132703153016, "11": 0.06412917031096717, "12": 0.08752079711384111, "13": 0.024839867963988602, "14": 0.04842228335344017, "15": 0.10312023287567167, "16": 0.04533191067536202, "17": 0.038565682664954345, "18": 0.05296923630609508, "19": 0.043037184416477595, "20": 0.06194383323516729, "21": 0.03972524037236045, "22": 0.056285028763549017, "23": 0.033495799051451676, "24": 0.009542858449214235, "start": 10.0, "end": 11.0}, "noon": {"1": 0.024708638541964225, "2": 0.018679485717750355, "3": 0.02040243842172832, "4": 0.019215416335908744, "5": 0.02605672816158819, "6": 0.03369406383423803, "7": 0.022859119568019545, "8": 0.020324858801053752, "9": 0.025622417811852365, "10": 0.07918188374456567, "11": 0.06814317562935492, "12": 0.08037445170514831, "13": 0.02427055376423584, "14": 0.04700171668588819, "15": 0.09179602475202896, "16": 0.04687325564172824, "17": 0.03951017493556301, "18": 0.05889184218296208, "19": 0.04999541819073297, "20": 0.06032627156087539, "21": 0.04425839025503171, "22": 0.053906349743125234, "23": 0.035567992347681904, "24": 0.008339331666973988, "start": 11.0, "end": 12.0}, "afternoon": {"1": 0.019594541393766738, "2": 0.01816959071318695, "3": 0.016414061070896113, "4": 0.014388380276380622, "5": 0.025776813281573073, "6": 0.03025915748980587, "7": 0.03200349855418674, "8": 0.022672998461319444, "9": 0.021572450509433946, "10": 0.08674155882093396, "11": 0.0627674098027419, "12": 0.08322338311726271, "13": 0.026745836636538456, "14": 0.046143706586726195, "15": 0.10382118251377111, "16": 0.04680224681515134, "17": 0.04171551063057312, "18": 0.05486930633597249, "19": 0.043443942904013065, "20": 0.06357251708921514, "21": 0.04167730458332491, "22": 0.05187788306552081, "23": 0.03607924358159542, "24": 0.009667475766109873, "start": 12.0, "end": 14.999999999999998}, "night": {"1": 0.015179772059847062, "2": 0.012903289109902964, "3": 0.013431215877617841, "4": 0.01166206333369775, "5": 0.022073238763521713, "6": 0.026385615650373517, "7": 0.02802443872859268, "8": 0.019078313164845023, "9": 0.018560204182079387, "10": 0.08597180725559297, "11": 0.05951128070926644, "12": 0.08420617174462666, "13": 0.025592729892998774, "14": 0.05018747979164656, "15": 0.11831707172882966, "16": 0.049592948175872995, "17": 0.04040051200804166, "18": 0.061214884119049184, "19": 0.04820043025090813, "20": 0.06531264886650177, "21": 0.03969915464955663, "22": 0.056712791798966364, "23": 0.03726189977803756, "24": 0.01052003835962666, "start": 14.999999999999998, "end": 10.0}}