{"morning": {"1": 0.02721251582772043, "2": 0.02715010876616151, "3": 0.02895018024202157, "4": 0.02143927677909436, "5": 0.03446828264354681, "6": 0.03277219719483006, "7": 0.03729554774648566, "8": 0.0264240370028266, "9": 0.02673265248869191, "10": 0.07096530124721599, "11": 0.06077913868381698, "12": 0.073230336005166, "13": 0.03395881305250695, "14": 0.05148907822785853, "15": 0.10887707597066527, "16": 0.05827888776727117, "17": 0.04636657822887441, "18": 0.059222987567000326, "19": 0.03408567186255139, "20": 0.041517043561676834, "21": 0.030414613934058955, "22": 0.03296172394406126, "23": 0.025717874785169063, "24": 0.00969007647072799, "start": 12.0, "end": 15.0}, "noon": {"1": 0.030667640542973624, "2": 0.025558236192661, "3": 0.026873909621586756, "4": 0.027458147777375146, "5": 0.036794777864010766, "6": 0.03519963210994244, "7": 0.02978933485111454, "8": 0.021552619065710453, "9": 0.02488785767732444, "10": 0.07106556510354956, "11": 0.05418525862642441, "12": 0.06472423793548995, "13": 0.03147152806910676, "14": 0.04505457910116799, "15": 0.10680697970958027, "16": 0.06202842003252035, "17": 0.049494026885355626, "18": 0.07256497882306497, "19": 0.04084322180398378, "20": 0.05107817116465334, "21": 0.029575084862890927, "22": 0.029801818041790197, "23": 0.022788592255035104, "24": 0.00973538188268759, "start": 15.0, "end": 16.0}, "afternoon": {"1": 0.02834563475190311, "2": 0.02806619301133668, "3": 0.030581945552304802, "4": 0.025699619773260074, "5": 0.03631228000144135, "6": 0.03774780349175593, "7": 0.03166078315199015, "8": 0.02311741453618104, "9": 0.026870523483247137, "10": 0.07014091102583056, "11": 0.05756504210820781, "12": 0.06653049682696921, "13": 0.03164745866640805, "14": 0.04483175734729185, "15": 0.09216646078818633, "16": 0.05825402811790875, "17": 0.051919998780131225, "18": 0.06337811451733781, "19": 0.04279844198521004, "20": 0.047298976385837334, "21": 0.032420669579661845, "22": 0.0328305994217704, "23": 0.028976016422751792, "24": 0.010838830273076736, "start": 16.0, "end": 18.0}, "evening": {"1": 0.02203863937041445, "2": 0.02115228543913828, "3": 0.02213127847139021, "4": 0.022188162834041215, "5": 0.03357191603304405, "6": 0.033533153044757756, "7": 0.031119361293567144, "8": 0.022192919075969552, "9": 0.022549890334540277, "10": 0.07317819449843303, "11": 0.053302482100407444, "12": 0.07156315378334736, "13": 0.02802989161110609, "14": 0.04860851699807446, "15": 0.11441916096027652, "16": 0.05798577168642595, "17": 0.045066891852723195, "18": 0.06903974441874597, "19": 0.047240893905315044, "20": 0.06328650537976872, "21": 0.029061008306810576, "22": 0.03448803333761293, "23": 0.02483631770000255, "24": 0.009415827564087275, "start": 18.0, "end": 20.0}, "night": {"1": 0.023591150074740698, "2": 0.02518615050342854, "3": 0.027745736548444755, "4": 0.022348805479930938, "5": 0.030767680892601134, "6": 0.03235721563353002, "7": 0.027467153660918148, "8": 0.02058258585480246, "9": 0.02263164023004579, "10": 0.07752358467847921, "11": 0.0634864836582462, "12": 0.07514381518720639, "13": 0.030715731489315806, "14": 0.04204475413703928, "15": 0.10192080717131116, "16": 0.05739136058861385, "17": 0.049301139166300204, "18": 0.0736181211463759, "19": 0.044832568558626565, "20": 0.054704598010569795, "21": 0.029219164719509427, "22": 0.029997149454992943, "23": 0.026349305447547138, "24": 0.011073297707423642, "start": 20.0, "end": 12.0}}