{"start": {"morning": {"1": 0.037331533261507524, "2": 0.04089296729586716, "3": 0.0698068401082722, "4": 0.04192196724248629, "5": 0.06744484377392775, "6": 0.0788324386144151, "7": 0.05696680310537015, "8": 0.047446539916264, "9": 0.035377260309275224, "10": 0.055503487283845895, "11": 0.028993474393357175, "12": 0.0386841342169804, "13": 0.019504749384433105, "14": 0.02913500329044406, "15": 0.09590453115534886, "16": 0.04107142779942978, "17": 0.042116920985286535, "18": 0.04814396179150613, "19": 0.029094076299560213, "20": 0.0380746222206277, "21": 0.015897936098348327, "22": 0.022436153101826138, "23": 0.014006242653359136, "24": 0.005412085698261149}, "noon": {"1": 0.043293473616203886, "2": 0.03396507153764846, "3": 0.05115769791905999, "4": 0.045974157168454155, "5": 0.057154631109983214, "6": 0.07152189040551789, "7": 0.05599952397520468, "8": 0.04630850018219571, "9": 0.03529815145325095, "10": 0.05477386651557543, "11": 0.039551853748050925, "12": 0.048599482189763704, "13": 0.023370023898876786, "14": 0.03340731992451989, "15": 0.07942917795309899, "16": 0.0479111291953453, "17": 0.04254275190160678, "18": 0.04633116432533915, "19": 0.03067713034265749, "20": 0.03747595230826868, "21": 0.01945855336863187, "22": 0.028948290468174882, "23": 0.01830641595501225, "24": 0.008543790537558939}, "afternoon": {"1": 0.04346961324155009, "2": 0.03916193909123092, "3": 0.06271574552887553, "4": 0.045753297299715445, "5": 0.06634648198761978, "6": 0.0660453610234894, "7": 0.05125499829097431, "8": 0.04577643185710649, "9": 0.036439534808241296, "10": 0.06669101570680362, "11": 0.035221568835980155, "12": 0.043101886272652025, "13": 0.02101008848709589, "14": 0.028731029365656618, "15": 0.08908987949972666, "16": 0.03819668269852162, "17": 0.0395876100561991, "18": 0.04740235594029952, "19": 0.03139014131462537, "20": 0.04161569393789547, "21": 0.01640348455271213, "22": 0.022350604030179414, "23": 0.015209044419996633, "24": 0.007035511752852511}, "evening": {"1": 0.07439554951706501, "2": 0.0625583140100912, "3": 0.09547777517262719, "4": 0.05492226261673108, "5": 0.05915106960567179, "6": 0.06927824359583597, "7": 0.052353687555436956, "8": 0.04595881800379375, "9": 0.04615849773902756, "10": 0.04431604969610043, "11": 0.02565777539349726, "12": 0.03755849608278435, "13": 0.0220812273822392, "14": 0.023832594470919673, "15": 0.06551823497180714, "16": 0.034434138831999965, "17": 0.03366490612470281, "18": 0.040359261399954716, "19": 0.02857416830506587, "20": 0.03203089221314747, "21": 0.015907105937134, "22": 0.017268530855320346, "23": 0.012495553222437714, "24": 0.0060468472966085365}, "night": {"1": 0.035706639970322904, "2": 0.03439711375780241, "3": 0.04681947983792457, "4": 0.03462116659295056, "5": 0.045002116609985265, "6": 0.08079757508392926, "7": 0.05036643673544548, "8": 0.04609700005658451, "9": 0.030042897482863613, "10": 0.05751314900300949, "11": 0.046090402003566, "12": 0.05983701699222724, "13": 0.02719486826756521, "14": 0.0384373231170685, "15": 0.08929686948912284, "16": 0.05215822723979778, "17": 0.04437635051849002, "18": 0.04864863433449453, "19": 0.026289811134103953, "20": 0.03324316626384866, "21": 0.019440801473414076, "22": 0.029954238194148573, "23": 0.017224498372307384, "24": 0.006444217469027181}}, "end": {"morning": {"1": 0.03572713758090074, "2": 0.041244003329876024, "3": 0.06077718701300412, "4": 0.03797729058455061, "5": 0.03976502864933966, "6": 0.03944950304534317, "7": 0.03682489493377108, "8": 0.02998212757889787, "9": 0.03612895257736669, "10": 0.033308224259186184, "11": 0.03161456513684108, "12": 0.039925580579896036, "13": 0.026642199050849733, "14": 0.026479201377550953, "15": 0.0677183399488798, "16": 0.05352636931242135, "17": 0.056571544060634686, "18": 0.05562524586080149, "19": 0.05474687903671974, "20": 0.043497656195741, "21": 0.039326774189608234, "22": 0.05325508151565671, "23": 0.04613025005345077, "24": 0.013755964128712266}, "noon": {"1": 0.02026123515561524, "2": 0.025483271164318873, "3": 0.03550183863940025, "4": 0.02820010882075228, "5": 0.030979024819316074, "6": 0.03828586293128462, "7": 0.033138928428999584, "8": 0.02611583731019707, "9": 0.03211796172880473, "10": 0.03689916282058396, "11": 0.03555284769476278, "12": 0.04578285890595505, "13": 0.03077174047697686, "14": 0.0319794065116078, "15": 0.06820417919851329, "16": 0.0609109430153592, "17": 0.06555928655029425, "18": 0.07506499223228873, "19": 0.0647555337280815, "20": 0.04721154282458002, "21": 0.03997108150164248, "22": 0.06013550918059633, "23": 0.05169502580157257, "24": 0.015421820558496443}, "afternoon": {"1": 0.034557402513315065, "2": 0.0349257583723527, "3": 0.0571689344019535, "4": 0.03681011919902287, "5": 0.036434036337990944, "6": 0.03680548349544902, "7": 0.029218402920934958, "8": 0.024889599971182425, "9": 0.029186188551750834, "10": 0.03933813602914382, "11": 0.03348398991935254, "12": 0.04040348096592748, "13": 0.030035835017230877, "14": 0.02871290407899297, "15": 0.07010883397580192, "16": 0.05380681068111999, "17": 0.055596832091849284, "18": 0.07452370209340785, "19": 0.0632440709972536, "20": 0.05460903812002016, "21": 0.03973142434077051, "22": 0.04086271873378923, "23": 0.041505572678926045, "24": 0.014040724512461421}, "evening": {"1": 0.0434089509389189, "2": 0.04059845780495261, "3": 0.06729860481059419, "4": 0.04078273405276177, "5": 0.03751703420390748, "6": 0.044139853048623195, "7": 0.03940217644109441, "8": 0.029165240922535578, "9": 0.03213628031488764, "10": 0.029030178065230342, "11": 0.028322112686799947, "12": 0.04037785838523117, "13": 0.028342251179858773, "14": 0.024465817204537617, "15": 0.06324244809720092, "16": 0.05120946259957835, "17": 0.048449646033080225, "18": 0.06592001920871009, "19": 0.060843979720451864, "20": 0.042201508089109045, "21": 0.0372827980741768, "22": 0.04630458306181286, "23": 0.04578174257181816, "24": 0.013776262484128068}, "night": {"1": 0.022188060328160703, "2": 0.02857014515617497, "3": 0.03797636318014801, "4": 0.028370325478239096, "5": 0.031332024777518896, "6": 0.041051994279832416, "7": 0.03135266219052358, "8": 0.02901002616499743, "9": 0.033220002085094104, "10": 0.03621358440898373, "11": 0.04080754909348444, "12": 0.04870702951539069, "13": 0.030810794679810877, "14": 0.027485584596844102, "15": 0.07068590754452142, "16": 0.06530095576643659, "17": 0.06000997207160853, "18": 0.07428455359427626, "19": 0.060818812160353966, "20": 0.04573724355715772, "21": 0.03884236525032081, "22": 0.05580886244682278, "23": 0.048588960902117014, "24": 0.012826220771181871}}}