{"morning": {"1": 0.024289571529693514, "2": 0.023483822899744246, "3": 0.02561679446533053, "4": 0.02243764401308975, "5": 0.028037573011213603, "6": 0.03418855532356967, "7": 0.04701173343663214, "8": 0.028489656850673457, "9": 0.030780095665284973, "10": 0.0715719178720122, "11": 0.050374230734438676, "12": 0.06862976362765376, "13": 0.03158767896496363, "14": 0.054258456652172195, "15": 0.09148455978082906, "16": 0.045116422380737806, "17": 0.043805891063505534, "18": 0.06809199169109138, "19": 0.05356888056862681, "20": 0.04495889526095218, "21": 0.029879266968953384, "22": 0.040945409846917434, "23": 0.030701916497052777, "24": 0.010689270894861304, "start": 1.0, "end": 10.0}, "noon": {"1": 0.02557347388733918, "2": 0.021933776495972078, "3": 0.025017583646142472, "4": 0.021186973238008118, "5": 0.02806831390207437, "6": 0.03024866042839779, "7": 0.036633723289571686, "8": 0.020739012971005978, "9": 0.02831646565452654, "10": 0.06754781119458604, "11": 0.046448235939033036, "12": 0.07341689507132368, "13": 0.02982327660796753, "14": 0.046092930160968874, "15": 0.08010227141503358, "16": 0.04370328657588056, "17": 0.05429187916471723, "18": 0.07657243825274948, "19": 0.06732748914657874, "20": 0.054157379716687215, "21": 0.035943474622024144, "22": 0.03941443213482594, "23": 0.03466931495136638, "24": 0.012770901533219348, "start": 10.0, "end": 12.0}, "afternoon": {"1": 0.021023258919533865, "2": 0.019769374457771292, "3": 0.02076070544791011, "4": 0.018839284710043192, "5": 0.0236724045705205, "6": 0.031919437718182245, "7": 0.0423845573189853, "8": 0.0237364676201748, "9": 0.026139798111944522, "10": 0.06305868816841642, "11": 0.046955676822749426, "12": 0.0709991115074367, "13": 0.031001779552345687, "14": 0.05680577857122524, "15": 0.09394542953355414, "16": 0.04913604121232511, "17": 0.04902965574317502, "18": 0.07329637921641237, "19": 0.057901080558664, "20": 0.04762287233817421, "21": 0.034044319219277135, "22": 0.04894369220636656, "23": 0.03659791105438474, "24": 0.012416295420427456, "start": 12.0, "end": 15.0}, "evening": {"1": 0.02156561352905462, "2": 0.019433358573413346, "3": 0.02094151023284168, "4": 0.01986217608799566, "5": 0.025593451970928723, "6": 0.034906153006123215, "7": 0.04366627637737557, "8": 0.024684360333805284, "9": 0.0274990284210239, "10": 0.06933342847753478, "11": 0.04813672937338242, "12": 0.07190457307768176, "13": 0.028723423112239643, "14": 0.0509136618735909, "15": 0.09084060587631208, "16": 0.046136992206655555, "17": 0.04637201364013479, "18": 0.07420024151849522, "19": 0.060122493469252525, "20": 0.050370564246665514, "21": 0.03251877399113288, "22": 0.045847859894325535, "23": 0.03411707969257596, "24": 0.012309631017458435, "start": 15.0, "end": 18.0}, "night": {"1": 0.023244338647291342, "2": 0.018655493004162648, "3": 0.023406283332979998, "4": 0.019628845880608647, "5": 0.02377063273044722, "6": 0.030251968311742115, "7": 0.038137290084548324, "8": 0.020743190146503998, "9": 0.02305051467535456, "10": 0.06849085008925382, "11": 0.04263618785526182, "12": 0.07315269634243109, "13": 0.028765227716038226, "14": 0.05049224794992666, "15": 0.09558706800161303, "16": 0.05033396868823351, "17": 0.04823717899905296, "18": 0.0861768528055326, "19": 0.059212723885963436, "20": 0.05263017944793189, "21": 0.031315305796867074, "22": 0.043180282947069513, "23": 0.03411186293215393, "24": 0.01478880972903154, "start": 18.0, "end": 1.0}}