{"start": {"morning": {"1": 0.04644815644897992, "2": 0.025692611852482432, "3": 0.031388249326871474, "4": 0.024242627578047526, "5": 0.03677431861725797, "6": 0.03670839563627656, "7": 0.037839823845490415, "8": 0.017655631492764532, "9": 0.03703714281912999, "10": 0.0833026519396194, "11": 0.04726022088722264, "12": 0.06456818415781826, "13": 0.028396789909250042, "14": 0.04119804135470945, "15": 0.10084701607372659, "16": 0.03432528144573762, "17": 0.04518490985366225, "18": 0.057378565888518536, "19": 0.044617278611439916, "20": 0.048312681728411494, "21": 0.034060628162967836, "22": 0.038118721801839305, "23": 0.027475279693149574, "24": 0.011166790874626265}, "noon": {"1": 0.054732826752649996, "2": 0.041462096836851925, "3": 0.049199449954776216, "4": 0.03374949332269261, "5": 0.045189856619485165, "6": 0.04969522216417917, "7": 0.04475722297079136, "8": 0.02289828311499667, "9": 0.03923532815686984, "10": 0.07761344256621854, "11": 0.0463297096481573, "12": 0.06433090824379176, "13": 0.024910749092756736, "14": 0.03623360940679071, "15": 0.07270989628265388, "16": 0.03119428416226639, "17": 0.03856972801958502, "18": 0.05431503157263634, "19": 0.0366945125193864, "20": 0.0376711247720003, "21": 0.028698706180062084, "22": 0.035662479241136386, "23": 0.024013521509994563, "24": 0.010132516889270655}, "afternoon": {"1": 0.06094348557242086, "2": 0.0401169858767369, "3": 0.051564464742806626, "4": 0.032291579727763565, "5": 0.04964570041178305, "6": 0.05161754900631363, "7": 0.04809986228192159, "8": 0.023695152401427284, "9": 0.04640879222359374, "10": 0.09113293934769, "11": 0.04926503901289631, "12": 0.07141648187854618, "13": 0.027314262933913876, "14": 0.0358852320138278, "15": 0.07065793626487417, "16": 0.02631882308109088, "17": 0.03542111797387304, "18": 0.04729637242710897, "19": 0.033121507243454404, "20": 0.03082007044919475, "21": 0.022089472048313463, "22": 0.02712914054289905, "23": 0.018416724427271453, "24": 0.00933130811027842}, "evening": {"1": 0.05404718061448217, "2": 0.02781523057139092, "3": 0.03731041603483206, "4": 0.03921553972702355, "5": 0.037152866955084136, "6": 0.043406447357439336, "7": 0.052290935067323165, "8": 0.018328775728103205, "9": 0.04233431095869731, "10": 0.08591305468269628, "11": 0.047125050435002314, "12": 0.057312293249898026, "13": 0.026650354918678416, "14": 0.03995116514407592, "15": 0.08882159789392884, "16": 0.03204523882110447, "17": 0.04063172560607813, "18": 0.045301021116045635, "19": 0.03665477976067447, "20": 0.0420326726975688, "21": 0.03460327912617025, "22": 0.03717756129118886, "23": 0.022749272964944153, "24": 0.011129229277569591}, "night": {"1": 0.0624734587361574, "2": 0.03642593255040783, "3": 0.04481377783906574, "4": 0.04393079277222985, "5": 0.04695767745050498, "6": 0.055876135142127435, "7": 0.05861654300176142, "8": 0.02173656249389175, "9": 0.046701843931854635, "10": 0.08768364613188899, "11": 0.04518261104681479, "12": 0.06195684537003473, "13": 0.02700563100455632, "14": 0.04031029525403665, "15": 0.06656083232621009, "16": 0.026127761818636863, "17": 0.035743166278917625, "18": 0.03988571123465361, "19": 0.032513635138472434, "20": 0.03621452009272968, "21": 0.028977011900125003, "22": 0.02666057726034127, "23": 0.017065320126313708, "24": 0.010579711098267205}}, "end": {"morning": {"1": 0.04683474933268331, "2": 0.03172165270519605, "3": 0.03965744454327393, "4": 0.024091059056622222, "5": 0.04037655810622711, "6": 0.039276881319857244, "7": 0.03860282900423323, "8": 0.02051803528630274, "9": 0.03645721463670917, "10": 0.08552975331792373, "11": 0.05027411471366431, "12": 0.07089204522685462, "13": 0.02545035608909657, "14": 0.03270754270270968, "15": 0.08282012256966945, "16": 0.03505781148867552, "17": 0.04380746130173419, "18": 0.06009263680332672, "19": 0.04019607589210979, "20": 0.0456878002437659, "21": 0.033205690521154824, "22": 0.03802319058714451, "23": 0.028665141563972683, "24": 0.0100538329870925}, "noon": {"1": 0.06825690114346901, "2": 0.053124661593079214, "3": 0.06149002617395176, "4": 0.03278972680688623, "5": 0.048268511257673216, "6": 0.04823920449792458, "7": 0.04282686888209655, "8": 0.024577632128777185, "9": 0.03708120858329039, "10": 0.07961359162944057, "11": 0.04869956598619812, "12": 0.0700069954769547, "13": 0.021611773638684932, "14": 0.028313597177844884, "15": 0.06280933589352103, "16": 0.02957013082631369, "17": 0.03528427201160633, "18": 0.04842265985395294, "19": 0.031133418739349935, "20": 0.03476925030889194, "21": 0.026582987016528177, "22": 0.033390596507491765, "23": 0.02429640465292244, "24": 0.008840679213150408}, "afternoon": {"1": 0.07088604859318004, "2": 0.05166171599259501, "3": 0.06433459232950962, "4": 0.031603133554876844, "5": 0.05349392600807066, "6": 0.05248838133942808, "7": 0.04978071389271808, "8": 0.027365206998381394, "9": 0.04671941076659286, "10": 0.09062081298137195, "11": 0.051509263327976354, "12": 0.0750116056343752, "13": 0.022601576048375416, "14": 0.026683178322529272, "15": 0.0593499286070991, "16": 0.025659250084083804, "17": 0.03281095040639978, "18": 0.04128029055882488, "19": 0.027656638833367636, "20": 0.02643259029068509, "21": 0.020010753848160232, "22": 0.025821487623107018, "23": 0.018811167491489082, "24": 0.007407376466802598}, "evening": {"1": 0.047791971358599895, "2": 0.03217189746589389, "3": 0.04284176358384312, "4": 0.03227023470877321, "5": 0.04303439763109881, "6": 0.04503235689008634, "7": 0.05259558267919464, "8": 0.022460977332848978, "9": 0.042485489081739415, "10": 0.09524078511255936, "11": 0.05604603827092595, "12": 0.06839646415886833, "13": 0.025414733645890707, "14": 0.03448127009952654, "15": 0.07952722431491711, "16": 0.031137121172064342, "17": 0.03623317102412623, "18": 0.04566285231233042, "19": 0.030352652254070966, "20": 0.03911033572736042, "21": 0.03378363023431066, "22": 0.03364577380344166, "23": 0.020815626095835583, "24": 0.009467651041693413}, "night": {"1": 0.05398769056769651, "2": 0.03847238195340303, "3": 0.047814167001826946, "4": 0.034156572555246144, "5": 0.04758959855329145, "6": 0.05506179497142157, "7": 0.060574775010005855, "8": 0.024976165239495373, "9": 0.04510597835699631, "10": 0.08652819842139253, "11": 0.052205197821853726, "12": 0.06758752884569456, "13": 0.02439120291833916, "14": 0.034462152687978656, "15": 0.0647971738387699, "16": 0.02734932926521504, "17": 0.03375035097432126, "18": 0.042083162831095144, "19": 0.029682427163359216, "20": 0.03602659584958381, "21": 0.03291258303699832, "22": 0.03064140307377136, "23": 0.020107937400465712, "24": 0.009735631661778424}}}